split,file_label,sumber,asal,malam_sintetis,salinan,jumlah_kotak
train,2024-12-25_17-28_MT_ITH_06_cr1_jpg.rf.a620cea511abf6e63bba5655be08bcbe.txt,site,minitruck/mining-truck-v1.4,tidak,-,2
train,2024-12-25_17-28_MT_ITH_06_cr1_jpg.rf.a620cea511abf6e63bba5655be08bcbe_dup2.txt,site,minitruck/mining-truck-v1.4,tidak,dup2,2
train,2024-12-25_17-28_MT_ITH_06_cr1_jpg.rf.a620cea511abf6e63bba5655be08bcbe_dup3.txt,site,minitruck/mining-truck-v1.4,tidak,dup3,2
train,2024-12-25_17-28_MT_ITH_06_cr1_jpg.rf.a620cea511abf6e63bba5655be08bcbe_night.txt,site,minitruck/mining-truck-v1.4,ya,-,2
train,2024-12-25_17-46_MT_ITH_06_cr1_jpg.rf.6a5490ef1dea085c52655b9a081ab34c.txt,site,minitruck/mining-truck-v1.4,tidak,-,2
train,2024-12-25_17-46_MT_ITH_06_cr1_jpg.rf.6a5490ef1dea085c52655b9a081ab34c_dup2.txt,site,minitruck/mining-truck-v1.4,tidak,dup2,2
train,2024-12-25_17-46_MT_ITH_06_cr1_jpg.rf.6a5490ef1dea085c52655b9a081ab34c_dup3.txt,site,minitruck/mining-truck-v1.4,tidak,dup3,2
train,2024-12-25_17-46_MT_ITH_06_cr1_jpg.rf.6a5490ef1dea085c52655b9a081ab34c_night.txt,site,minitruck/mining-truck-v1.4,ya,-,2
train,2025-01-20_18-44_MT_ITH_03_cr1_jpg.rf.9d6c4563f33083559e53baf11079546b.txt,site,minitruck/mining-truck-v1.4,tidak,-,2
train,2025-01-20_18-44_MT_ITH_03_cr1_jpg.rf.9d6c4563f33083559e53baf11079546b_dup2.txt,site,minitruck/mining-truck-v1.4,tidak,dup2,2
train,2025-01-20_18-44_MT_ITH_03_cr1_jpg.rf.9d6c4563f33083559e53baf11079546b_dup3.txt,site,minitruck/mining-truck-v1.4,tidak,dup3,2
train,2025-01-20_18-44_MT_ITH_03_cr1_jpg.rf.9d6c4563f33083559e53baf11079546b_night.txt,site,minitruck/mining-truck-v1.4,ya,-,2
train,2025-01-20_22-52_MT_ITH_03_cr1_jpg.rf.a3fc80797b6fdf24e2b182d343ade807.txt,site,minitruck/mining-truck-v1.4,tidak,-,2
train,2025-01-20_22-52_MT_ITH_03_cr1_jpg.rf.a3fc80797b6fdf24e2b182d343ade807_dup2.txt,site,minitruck/mining-truck-v1.4,tidak,dup2,2
train,2025-01-20_22-52_MT_ITH_03_cr1_jpg.rf.a3fc80797b6fdf24e2b182d343ade807_dup3.txt,site,minitruck/mining-truck-v1.4,tidak,dup3,2
train,2025-01-20_22-52_MT_ITH_03_cr1_jpg.rf.a3fc80797b6fdf24e2b182d343ade807_night.txt,site,minitruck/mining-truck-v1.4,ya,-,2
train,2025-01-21_06-37_MT_ITH_03_cr1_jpg.rf.0ebcb05845a7a8e277ff4f411a18546c.txt,site,minitruck/mining-truck-v1.4,tidak,-,2
train,2025-01-21_06-37_MT_ITH_03_cr1_jpg.rf.0ebcb05845a7a8e277ff4f411a18546c_dup2.txt,site,minitruck/mining-truck-v1.4,tidak,dup2,2
train,2025-01-21_06-37_MT_ITH_03_cr1_jpg.rf.0ebcb05845a7a8e277ff4f411a18546c_dup3.txt,site,minitruck/mining-truck-v1.4,tidak,dup3,2
train,2025-01-21_06-37_MT_ITH_03_cr1_jpg.rf.0ebcb05845a7a8e277ff4f411a18546c_night.txt,site,minitruck/mining-truck-v1.4,ya,-,2
train,2025-01-21_17-54_MT_ITH_06_cr1_jpg.rf.cdb057dedfefcc89e5c8a296e11621bb.txt,site,minitruck/mining-truck-v1.4,tidak,-,2
train,2025-01-21_17-54_MT_ITH_06_cr1_jpg.rf.cdb057dedfefcc89e5c8a296e11621bb_dup2.txt,site,minitruck/mining-truck-v1.4,tidak,dup2,2
train,2025-01-21_17-54_MT_ITH_06_cr1_jpg.rf.cdb057dedfefcc89e5c8a296e11621bb_dup3.txt,site,minitruck/mining-truck-v1.4,tidak,dup3,2
train,2025-01-21_17-54_MT_ITH_06_cr1_jpg.rf.cdb057dedfefcc89e5c8a296e11621bb_night.txt,site,minitruck/mining-truck-v1.4,ya,-,2
train,2025-01-21_18-05_MT_ITH_06_cr1_jpg.rf.e79628a4813fe804c08daf1ba2c328ba.txt,site,minitruck/mining-truck-v1.4,tidak,-,2
train,2025-01-21_18-05_MT_ITH_06_cr1_jpg.rf.e79628a4813fe804c08daf1ba2c328ba_dup2.txt,site,minitruck/mining-truck-v1.4,tidak,dup2,2
train,2025-01-21_18-05_MT_ITH_06_cr1_jpg.rf.e79628a4813fe804c08daf1ba2c328ba_dup3.txt,site,minitruck/mining-truck-v1.4,tidak,dup3,2
train,2025-01-21_18-05_MT_ITH_06_cr1_jpg.rf.e79628a4813fe804c08daf1ba2c328ba_night.txt,site,minitruck/mining-truck-v1.4,ya,-,2
train,2025-01-21_18-14_MT_ITH_06_cr1_jpg.rf.5909f01bea7b7fb850f4444e251d43ad.txt,site,minitruck/mining-truck-v1.4,tidak,-,2
train,2025-01-21_18-14_MT_ITH_06_cr1_jpg.rf.5909f01bea7b7fb850f4444e251d43ad_dup2.txt,site,minitruck/mining-truck-v1.4,tidak,dup2,2
train,2025-01-21_18-14_MT_ITH_06_cr1_jpg.rf.5909f01bea7b7fb850f4444e251d43ad_dup3.txt,site,minitruck/mining-truck-v1.4,tidak,dup3,2
train,2025-01-21_18-14_MT_ITH_06_cr1_jpg.rf.5909f01bea7b7fb850f4444e251d43ad_night.txt,site,minitruck/mining-truck-v1.4,ya,-,2
train,2025-01-25_18-03_MT_ITH_05_cr1_jpg.rf.725154caff5ed37d36bf774663b388a8.txt,site,minitruck/mining-truck-v1.4,tidak,-,2
train,2025-01-25_18-03_MT_ITH_05_cr1_jpg.rf.725154caff5ed37d36bf774663b388a8_dup2.txt,site,minitruck/mining-truck-v1.4,tidak,dup2,2
train,2025-01-25_18-03_MT_ITH_05_cr1_jpg.rf.725154caff5ed37d36bf774663b388a8_dup3.txt,site,minitruck/mining-truck-v1.4,tidak,dup3,2
train,2025-01-25_18-03_MT_ITH_05_cr1_jpg.rf.725154caff5ed37d36bf774663b388a8_night.txt,site,minitruck/mining-truck-v1.4,ya,-,2
train,2025-01-25_21-38_MT_ITH_06_cr1_jpg.rf.49db8e9058b44a9f18adcf82300843a3.txt,site,minitruck/mining-truck-v1.4,tidak,-,2
train,2025-01-25_21-38_MT_ITH_06_cr1_jpg.rf.49db8e9058b44a9f18adcf82300843a3_dup2.txt,site,minitruck/mining-truck-v1.4,tidak,dup2,2
train,2025-01-25_21-38_MT_ITH_06_cr1_jpg.rf.49db8e9058b44a9f18adcf82300843a3_dup3.txt,site,minitruck/mining-truck-v1.4,tidak,dup3,2
train,2025-01-25_21-38_MT_ITH_06_cr1_jpg.rf.49db8e9058b44a9f18adcf82300843a3_night.txt,site,minitruck/mining-truck-v1.4,ya,-,2
train,2025-01-25_22-00_MT_ITH_06_cr1_jpg.rf.d5780442085665a289dddf2894fa7274.txt,site,minitruck/mining-truck-v1.4,tidak,-,2
train,2025-01-25_22-00_MT_ITH_06_cr1_jpg.rf.d5780442085665a289dddf2894fa7274_dup2.txt,site,minitruck/mining-truck-v1.4,tidak,dup2,2
train,2025-01-25_22-00_MT_ITH_06_cr1_jpg.rf.d5780442085665a289dddf2894fa7274_dup3.txt,site,minitruck/mining-truck-v1.4,tidak,dup3,2
train,2025-01-25_22-00_MT_ITH_06_cr1_jpg.rf.d5780442085665a289dddf2894fa7274_night.txt,site,minitruck/mining-truck-v1.4,ya,-,2
train,2025-01-25_22-06_MT_ITH_06_cr1_jpg.rf.5c403553e14230d98518c52ad0507753.txt,site,minitruck/mining-truck-v1.4,tidak,-,2
train,2025-01-25_22-06_MT_ITH_06_cr1_jpg.rf.5c403553e14230d98518c52ad0507753_dup2.txt,site,minitruck/mining-truck-v1.4,tidak,dup2,2
train,2025-01-25_22-06_MT_ITH_06_cr1_jpg.rf.5c403553e14230d98518c52ad0507753_dup3.txt,site,minitruck/mining-truck-v1.4,tidak,dup3,2
train,2025-01-25_22-06_MT_ITH_06_cr1_jpg.rf.5c403553e14230d98518c52ad0507753_night.txt,site,minitruck/mining-truck-v1.4,ya,-,2
train,2025-01-26_06-39_MT_ITH_06_cr1_jpg.rf.7b2d32e38767b5a5c43a1b9083e25bdc.txt,site,minitruck/mining-truck-v1.4,tidak,-,2
train,2025-01-26_06-39_MT_ITH_06_cr1_jpg.rf.7b2d32e38767b5a5c43a1b9083e25bdc_dup2.txt,site,minitruck/mining-truck-v1.4,tidak,dup2,2
train,2025-01-26_06-39_MT_ITH_06_cr1_jpg.rf.7b2d32e38767b5a5c43a1b9083e25bdc_dup3.txt,site,minitruck/mining-truck-v1.4,tidak,dup3,2
train,2025-01-26_06-39_MT_ITH_06_cr1_jpg.rf.7b2d32e38767b5a5c43a1b9083e25bdc_night.txt,site,minitruck/mining-truck-v1.4,ya,-,2
train,2025-01-26_06-45_MT_ITH_06_cr1_jpg.rf.56d22d9454968070690466cfba4ae4ab.txt,site,minitruck/mining-truck-v1.4,tidak,-,2
train,2025-01-26_06-45_MT_ITH_06_cr1_jpg.rf.56d22d9454968070690466cfba4ae4ab_dup2.txt,site,minitruck/mining-truck-v1.4,tidak,dup2,2
train,2025-01-26_06-45_MT_ITH_06_cr1_jpg.rf.56d22d9454968070690466cfba4ae4ab_dup3.txt,site,minitruck/mining-truck-v1.4,tidak,dup3,2
train,2025-01-26_06-45_MT_ITH_06_cr1_jpg.rf.56d22d9454968070690466cfba4ae4ab_night.txt,site,minitruck/mining-truck-v1.4,ya,-,2
train,2025-01-26_07-00_MT_ITH_06_cr1_jpg.rf.b2331afeac5e419ff1c41147f87c6a87.txt,site,minitruck/mining-truck-v1.4,tidak,-,2
train,2025-01-26_07-00_MT_ITH_06_cr1_jpg.rf.b2331afeac5e419ff1c41147f87c6a87_dup2.txt,site,minitruck/mining-truck-v1.4,tidak,dup2,2
train,2025-01-26_07-00_MT_ITH_06_cr1_jpg.rf.b2331afeac5e419ff1c41147f87c6a87_dup3.txt,site,minitruck/mining-truck-v1.4,tidak,dup3,2
train,2025-01-26_07-00_MT_ITH_06_cr1_jpg.rf.b2331afeac5e419ff1c41147f87c6a87_night.txt,site,minitruck/mining-truck-v1.4,ya,-,2
train,2025-01-26_15-10_MT_ITH_06_cr1_jpg.rf.eabc101f3649c5919539c1e61c07a68c.txt,site,minitruck/mining-truck-v1.4,tidak,-,2
train,2025-01-26_15-10_MT_ITH_06_cr1_jpg.rf.eabc101f3649c5919539c1e61c07a68c_dup2.txt,site,minitruck/mining-truck-v1.4,tidak,dup2,2
train,2025-01-26_15-10_MT_ITH_06_cr1_jpg.rf.eabc101f3649c5919539c1e61c07a68c_dup3.txt,site,minitruck/mining-truck-v1.4,tidak,dup3,2
train,2025-01-26_15-10_MT_ITH_06_cr1_jpg.rf.eabc101f3649c5919539c1e61c07a68c_night.txt,site,minitruck/mining-truck-v1.4,ya,-,2
train,2025-01-26_16-44_MT_ITH_06_cr1_jpg.rf.4bd7a7595002eb049f0f5665fd11a419.txt,site,minitruck/mining-truck-v1.4,tidak,-,2
train,2025-01-26_16-44_MT_ITH_06_cr1_jpg.rf.4bd7a7595002eb049f0f5665fd11a419_dup2.txt,site,minitruck/mining-truck-v1.4,tidak,dup2,2
train,2025-01-26_16-44_MT_ITH_06_cr1_jpg.rf.4bd7a7595002eb049f0f5665fd11a419_dup3.txt,site,minitruck/mining-truck-v1.4,tidak,dup3,2
train,2025-01-26_16-44_MT_ITH_06_cr1_jpg.rf.4bd7a7595002eb049f0f5665fd11a419_night.txt,site,minitruck/mining-truck-v1.4,ya,-,2
train,2025-01-26_16-52_MT_ITH_06_cr1_jpg.rf.87b2c8fa682ce00e0a7ddd847ffcc421.txt,site,minitruck/mining-truck-v1.4,tidak,-,2
train,2025-01-26_16-52_MT_ITH_06_cr1_jpg.rf.87b2c8fa682ce00e0a7ddd847ffcc421_dup2.txt,site,minitruck/mining-truck-v1.4,tidak,dup2,2
train,2025-01-26_16-52_MT_ITH_06_cr1_jpg.rf.87b2c8fa682ce00e0a7ddd847ffcc421_dup3.txt,site,minitruck/mining-truck-v1.4,tidak,dup3,2
train,2025-01-26_16-52_MT_ITH_06_cr1_jpg.rf.87b2c8fa682ce00e0a7ddd847ffcc421_night.txt,site,minitruck/mining-truck-v1.4,ya,-,2
train,2025-01-26_17-00_MT_ITH_06_cr1_jpg.rf.53ea4c41e05a64b8e0e84f7fdf71de62.txt,site,minitruck/mining-truck-v1.4,tidak,-,2
train,2025-01-26_17-00_MT_ITH_06_cr1_jpg.rf.53ea4c41e05a64b8e0e84f7fdf71de62_dup2.txt,site,minitruck/mining-truck-v1.4,tidak,dup2,2
train,2025-01-26_17-00_MT_ITH_06_cr1_jpg.rf.53ea4c41e05a64b8e0e84f7fdf71de62_dup3.txt,site,minitruck/mining-truck-v1.4,tidak,dup3,2
train,2025-01-26_17-00_MT_ITH_06_cr1_jpg.rf.53ea4c41e05a64b8e0e84f7fdf71de62_night.txt,site,minitruck/mining-truck-v1.4,ya,-,2
train,2025-01-27_07-50_MT_ITH_06_cr1_jpg.rf.5f03c7c18d640a88de89e9f08c061fa2.txt,site,minitruck/mining-truck-v1.4,tidak,-,2
train,2025-01-27_07-50_MT_ITH_06_cr1_jpg.rf.5f03c7c18d640a88de89e9f08c061fa2_dup2.txt,site,minitruck/mining-truck-v1.4,tidak,dup2,2
train,2025-01-27_07-50_MT_ITH_06_cr1_jpg.rf.5f03c7c18d640a88de89e9f08c061fa2_dup3.txt,site,minitruck/mining-truck-v1.4,tidak,dup3,2
train,2025-01-27_07-50_MT_ITH_06_cr1_jpg.rf.5f03c7c18d640a88de89e9f08c061fa2_night.txt,site,minitruck/mining-truck-v1.4,ya,-,2
train,2025-01-27_08-00_MT_ITH_06_cr1_jpg.rf.89974a03622d78ceb3bbd8da6a86d73b.txt,site,minitruck/mining-truck-v1.4,tidak,-,2
train,2025-01-27_08-00_MT_ITH_06_cr1_jpg.rf.89974a03622d78ceb3bbd8da6a86d73b_dup2.txt,site,minitruck/mining-truck-v1.4,tidak,dup2,2
train,2025-01-27_08-00_MT_ITH_06_cr1_jpg.rf.89974a03622d78ceb3bbd8da6a86d73b_dup3.txt,site,minitruck/mining-truck-v1.4,tidak,dup3,2
train,2025-01-27_08-00_MT_ITH_06_cr1_jpg.rf.89974a03622d78ceb3bbd8da6a86d73b_night.txt,site,minitruck/mining-truck-v1.4,ya,-,2
train,2025-01-28_01-13_MT_ITH_05_cr1_jpg.rf.1f695c36631d6b327654524d28a845ce.txt,site,minitruck/mining-truck-v1.4,tidak,-,2
train,2025-01-28_01-13_MT_ITH_05_cr1_jpg.rf.1f695c36631d6b327654524d28a845ce_dup2.txt,site,minitruck/mining-truck-v1.4,tidak,dup2,2
train,2025-01-28_01-13_MT_ITH_05_cr1_jpg.rf.1f695c36631d6b327654524d28a845ce_dup3.txt,site,minitruck/mining-truck-v1.4,tidak,dup3,2
train,2025-01-28_01-13_MT_ITH_05_cr1_jpg.rf.1f695c36631d6b327654524d28a845ce_night.txt,site,minitruck/mining-truck-v1.4,ya,-,2
train,2025-01-28_01-17_MT_ITH_06_cr1_jpg.rf.07a17533b72707f8f943452c54462193.txt,site,minitruck/mining-truck-v1.4,tidak,-,2
train,2025-01-28_01-17_MT_ITH_06_cr1_jpg.rf.07a17533b72707f8f943452c54462193_dup2.txt,site,minitruck/mining-truck-v1.4,tidak,dup2,2
train,2025-01-28_01-17_MT_ITH_06_cr1_jpg.rf.07a17533b72707f8f943452c54462193_dup3.txt,site,minitruck/mining-truck-v1.4,tidak,dup3,2
train,2025-01-28_01-17_MT_ITH_06_cr1_jpg.rf.07a17533b72707f8f943452c54462193_night.txt,site,minitruck/mining-truck-v1.4,ya,-,2
train,2025-01-28_01-25_MT_ITH_05_cr1_jpg.rf.849ec44dd2a0856f230dc2c27cda84c6.txt,site,minitruck/mining-truck-v1.4,tidak,-,2
train,2025-01-28_01-25_MT_ITH_05_cr1_jpg.rf.849ec44dd2a0856f230dc2c27cda84c6_dup2.txt,site,minitruck/mining-truck-v1.4,tidak,dup2,2
train,2025-01-28_01-25_MT_ITH_05_cr1_jpg.rf.849ec44dd2a0856f230dc2c27cda84c6_dup3.txt,site,minitruck/mining-truck-v1.4,tidak,dup3,2
train,2025-01-28_01-25_MT_ITH_05_cr1_jpg.rf.849ec44dd2a0856f230dc2c27cda84c6_night.txt,site,minitruck/mining-truck-v1.4,ya,-,2
train,2025-01-28_02-09_MT_ITH_03_cr1_jpg.rf.64c14cf543edbf32670d4384bbf8367b.txt,site,minitruck/mining-truck-v1.4,tidak,-,2
train,2025-01-28_02-09_MT_ITH_03_cr1_jpg.rf.64c14cf543edbf32670d4384bbf8367b_dup2.txt,site,minitruck/mining-truck-v1.4,tidak,dup2,2
train,2025-01-28_02-09_MT_ITH_03_cr1_jpg.rf.64c14cf543edbf32670d4384bbf8367b_dup3.txt,site,minitruck/mining-truck-v1.4,tidak,dup3,2
train,2025-01-28_02-09_MT_ITH_03_cr1_jpg.rf.64c14cf543edbf32670d4384bbf8367b_night.txt,site,minitruck/mining-truck-v1.4,ya,-,2
train,2025-01-28_02-22_MT_ITH_03_cr1_jpg.rf.62886a6c69f6e88ea2734d26f688968b.txt,site,minitruck/mining-truck-v1.4,tidak,-,2
train,2025-01-28_02-22_MT_ITH_03_cr1_jpg.rf.62886a6c69f6e88ea2734d26f688968b_dup2.txt,site,minitruck/mining-truck-v1.4,tidak,dup2,2
train,2025-01-28_02-22_MT_ITH_03_cr1_jpg.rf.62886a6c69f6e88ea2734d26f688968b_dup3.txt,site,minitruck/mining-truck-v1.4,tidak,dup3,2
train,2025-01-28_02-22_MT_ITH_03_cr1_jpg.rf.62886a6c69f6e88ea2734d26f688968b_night.txt,site,minitruck/mining-truck-v1.4,ya,-,2
train,2025-01-28_03-25_MT_ITH_06_cr1_jpg.rf.391dec55686c3123efc17f51c0c1f90e.txt,site,minitruck/mining-truck-v1.4,tidak,-,2
train,2025-01-28_03-25_MT_ITH_06_cr1_jpg.rf.391dec55686c3123efc17f51c0c1f90e_dup2.txt,site,minitruck/mining-truck-v1.4,tidak,dup2,2
train,2025-01-28_03-25_MT_ITH_06_cr1_jpg.rf.391dec55686c3123efc17f51c0c1f90e_dup3.txt,site,minitruck/mining-truck-v1.4,tidak,dup3,2
train,2025-01-28_03-25_MT_ITH_06_cr1_jpg.rf.391dec55686c3123efc17f51c0c1f90e_night.txt,site,minitruck/mining-truck-v1.4,ya,-,2
train,2025-01-28_05-11_MT_ITH_06_cr1_jpg.rf.6049d813ae65a9dfe86d035ae3fcb49c.txt,site,minitruck/mining-truck-v1.4,tidak,-,2
train,2025-01-28_05-11_MT_ITH_06_cr1_jpg.rf.6049d813ae65a9dfe86d035ae3fcb49c_dup2.txt,site,minitruck/mining-truck-v1.4,tidak,dup2,2
train,2025-01-28_05-11_MT_ITH_06_cr1_jpg.rf.6049d813ae65a9dfe86d035ae3fcb49c_dup3.txt,site,minitruck/mining-truck-v1.4,tidak,dup3,2
train,2025-01-28_05-11_MT_ITH_06_cr1_jpg.rf.6049d813ae65a9dfe86d035ae3fcb49c_night.txt,site,minitruck/mining-truck-v1.4,ya,-,2
train,2025-01-28_05-51_MT_ITH_05_cr1_jpg.rf.fd0a90d460fa747616789f5c4271b169.txt,site,minitruck/mining-truck-v1.4,tidak,-,2
train,2025-01-28_05-51_MT_ITH_05_cr1_jpg.rf.fd0a90d460fa747616789f5c4271b169_dup2.txt,site,minitruck/mining-truck-v1.4,tidak,dup2,2
train,2025-01-28_05-51_MT_ITH_05_cr1_jpg.rf.fd0a90d460fa747616789f5c4271b169_dup3.txt,site,minitruck/mining-truck-v1.4,tidak,dup3,2
train,2025-01-28_05-51_MT_ITH_05_cr1_jpg.rf.fd0a90d460fa747616789f5c4271b169_night.txt,site,minitruck/mining-truck-v1.4,ya,-,2
train,2025-01-28_06-37_MT_ITH_06_cr1_jpg.rf.2aa6aa7026f40bc8711987fa6ab2e9a8.txt,site,minitruck/mining-truck-v1.4,tidak,-,2
train,2025-01-28_06-37_MT_ITH_06_cr1_jpg.rf.2aa6aa7026f40bc8711987fa6ab2e9a8_dup2.txt,site,minitruck/mining-truck-v1.4,tidak,dup2,2
train,2025-01-28_06-37_MT_ITH_06_cr1_jpg.rf.2aa6aa7026f40bc8711987fa6ab2e9a8_dup3.txt,site,minitruck/mining-truck-v1.4,tidak,dup3,2
train,2025-01-28_06-37_MT_ITH_06_cr1_jpg.rf.2aa6aa7026f40bc8711987fa6ab2e9a8_night.txt,site,minitruck/mining-truck-v1.4,ya,-,2
train,2025-01-28_14-25_MT_ITH_05_cr1_jpg.rf.dbffedb444b43b87a9d14f22a7539f9e.txt,site,minitruck/mining-truck-v1.4,tidak,-,2
train,2025-01-28_14-25_MT_ITH_05_cr1_jpg.rf.dbffedb444b43b87a9d14f22a7539f9e_dup2.txt,site,minitruck/mining-truck-v1.4,tidak,dup2,2
train,2025-01-28_14-25_MT_ITH_05_cr1_jpg.rf.dbffedb444b43b87a9d14f22a7539f9e_dup3.txt,site,minitruck/mining-truck-v1.4,tidak,dup3,2
train,2025-01-28_14-25_MT_ITH_05_cr1_jpg.rf.dbffedb444b43b87a9d14f22a7539f9e_night.txt,site,minitruck/mining-truck-v1.4,ya,-,2
train,2025-01-29_01-29_MT_ITH_03_cr1_jpg.rf.57e1b4b26066f70de9366cf26bedc445.txt,site,minitruck/mining-truck-v1.4,tidak,-,2
train,2025-01-29_01-29_MT_ITH_03_cr1_jpg.rf.57e1b4b26066f70de9366cf26bedc445_dup2.txt,site,minitruck/mining-truck-v1.4,tidak,dup2,2
train,2025-01-29_01-29_MT_ITH_03_cr1_jpg.rf.57e1b4b26066f70de9366cf26bedc445_dup3.txt,site,minitruck/mining-truck-v1.4,tidak,dup3,2
train,2025-01-29_01-29_MT_ITH_03_cr1_jpg.rf.57e1b4b26066f70de9366cf26bedc445_night.txt,site,minitruck/mining-truck-v1.4,ya,-,2
train,2025-01-29_01-38_MT_ITH_03_cr1_jpg.rf.945a44aac858a8282fa15a682135ca69.txt,site,minitruck/mining-truck-v1.4,tidak,-,2
train,2025-01-29_01-38_MT_ITH_03_cr1_jpg.rf.945a44aac858a8282fa15a682135ca69_dup2.txt,site,minitruck/mining-truck-v1.4,tidak,dup2,2
train,2025-01-29_01-38_MT_ITH_03_cr1_jpg.rf.945a44aac858a8282fa15a682135ca69_dup3.txt,site,minitruck/mining-truck-v1.4,tidak,dup3,2
train,2025-01-29_01-38_MT_ITH_03_cr1_jpg.rf.945a44aac858a8282fa15a682135ca69_night.txt,site,minitruck/mining-truck-v1.4,ya,-,2
train,2025-01-29_04-11_MT_ITH_03_cr1_jpg.rf.61186a6424f1c49df47debd91d90f764.txt,site,minitruck/mining-truck-v1.4,tidak,-,2
train,2025-01-29_04-11_MT_ITH_03_cr1_jpg.rf.61186a6424f1c49df47debd91d90f764_dup2.txt,site,minitruck/mining-truck-v1.4,tidak,dup2,2
train,2025-01-29_04-11_MT_ITH_03_cr1_jpg.rf.61186a6424f1c49df47debd91d90f764_dup3.txt,site,minitruck/mining-truck-v1.4,tidak,dup3,2
train,2025-01-29_04-11_MT_ITH_03_cr1_jpg.rf.61186a6424f1c49df47debd91d90f764_night.txt,site,minitruck/mining-truck-v1.4,ya,-,2
train,2025-01-29_04-24_MT_ITH_03_cr1_jpg.rf.252f3946b71475c9ec3a8da1e137fc12.txt,site,minitruck/mining-truck-v1.4,tidak,-,2
train,2025-01-29_04-24_MT_ITH_03_cr1_jpg.rf.252f3946b71475c9ec3a8da1e137fc12_dup2.txt,site,minitruck/mining-truck-v1.4,tidak,dup2,2
train,2025-01-29_04-24_MT_ITH_03_cr1_jpg.rf.252f3946b71475c9ec3a8da1e137fc12_dup3.txt,site,minitruck/mining-truck-v1.4,tidak,dup3,2
train,2025-01-29_04-24_MT_ITH_03_cr1_jpg.rf.252f3946b71475c9ec3a8da1e137fc12_night.txt,site,minitruck/mining-truck-v1.4,ya,-,2
train,2025-01-29_14-06_MT_ITH_08_cr1_jpg.rf.a1a16cc6e2ff55ef26f3400b506b2d56.txt,site,minitruck/mining-truck-v1.4,tidak,-,2
train,2025-01-29_14-06_MT_ITH_08_cr1_jpg.rf.a1a16cc6e2ff55ef26f3400b506b2d56_dup2.txt,site,minitruck/mining-truck-v1.4,tidak,dup2,2
train,2025-01-29_14-06_MT_ITH_08_cr1_jpg.rf.a1a16cc6e2ff55ef26f3400b506b2d56_dup3.txt,site,minitruck/mining-truck-v1.4,tidak,dup3,2
train,2025-01-29_14-06_MT_ITH_08_cr1_jpg.rf.a1a16cc6e2ff55ef26f3400b506b2d56_night.txt,site,minitruck/mining-truck-v1.4,ya,-,2
train,2025-01-29_14-12_MT_ITH_08_cr1_jpg.rf.20da398143c57469dd47cb924659e78a.txt,site,minitruck/mining-truck-v1.4,tidak,-,2
train,2025-01-29_14-12_MT_ITH_08_cr1_jpg.rf.20da398143c57469dd47cb924659e78a_dup2.txt,site,minitruck/mining-truck-v1.4,tidak,dup2,2
train,2025-01-29_14-12_MT_ITH_08_cr1_jpg.rf.20da398143c57469dd47cb924659e78a_dup3.txt,site,minitruck/mining-truck-v1.4,tidak,dup3,2
train,2025-01-29_14-12_MT_ITH_08_cr1_jpg.rf.20da398143c57469dd47cb924659e78a_night.txt,site,minitruck/mining-truck-v1.4,ya,-,2
train,2025-01-29_14-28_MT_ITH_08_cr1_jpg.rf.0b24ec4ed8441e575a8032726415403a.txt,site,minitruck/mining-truck-v1.4,tidak,-,2
train,2025-01-29_14-28_MT_ITH_08_cr1_jpg.rf.0b24ec4ed8441e575a8032726415403a_dup2.txt,site,minitruck/mining-truck-v1.4,tidak,dup2,2
train,2025-01-29_14-28_MT_ITH_08_cr1_jpg.rf.0b24ec4ed8441e575a8032726415403a_dup3.txt,site,minitruck/mining-truck-v1.4,tidak,dup3,2
train,2025-01-29_14-28_MT_ITH_08_cr1_jpg.rf.0b24ec4ed8441e575a8032726415403a_night.txt,site,minitruck/mining-truck-v1.4,ya,-,2
train,2025-01-29_15-34_MT_ITH_08_cr1_jpg.rf.f7eb51eba658bce47afc3e17be1d36bf.txt,site,minitruck/mining-truck-v1.4,tidak,-,2
train,2025-01-29_15-34_MT_ITH_08_cr1_jpg.rf.f7eb51eba658bce47afc3e17be1d36bf_dup2.txt,site,minitruck/mining-truck-v1.4,tidak,dup2,2
train,2025-01-29_15-34_MT_ITH_08_cr1_jpg.rf.f7eb51eba658bce47afc3e17be1d36bf_dup3.txt,site,minitruck/mining-truck-v1.4,tidak,dup3,2
train,2025-01-29_15-34_MT_ITH_08_cr1_jpg.rf.f7eb51eba658bce47afc3e17be1d36bf_night.txt,site,minitruck/mining-truck-v1.4,ya,-,2
train,2025-01-29_15-40_MT_ITH_08_cr1_jpg.rf.cb1c19acf431a9cfb91f92a74ecd5b10.txt,site,minitruck/mining-truck-v1.4,tidak,-,2
train,2025-01-29_15-40_MT_ITH_08_cr1_jpg.rf.cb1c19acf431a9cfb91f92a74ecd5b10_dup2.txt,site,minitruck/mining-truck-v1.4,tidak,dup2,2
train,2025-01-29_15-40_MT_ITH_08_cr1_jpg.rf.cb1c19acf431a9cfb91f92a74ecd5b10_dup3.txt,site,minitruck/mining-truck-v1.4,tidak,dup3,2
train,2025-01-29_15-40_MT_ITH_08_cr1_jpg.rf.cb1c19acf431a9cfb91f92a74ecd5b10_night.txt,site,minitruck/mining-truck-v1.4,ya,-,2
train,2025-01-29_16-07_MT_ITH_08_cr1_jpg.rf.bbc1168ba2ee035b02747936cf2d4294.txt,site,minitruck/mining-truck-v1.4,tidak,-,2
train,2025-01-29_16-07_MT_ITH_08_cr1_jpg.rf.bbc1168ba2ee035b02747936cf2d4294_dup2.txt,site,minitruck/mining-truck-v1.4,tidak,dup2,2
train,2025-01-29_16-07_MT_ITH_08_cr1_jpg.rf.bbc1168ba2ee035b02747936cf2d4294_dup3.txt,site,minitruck/mining-truck-v1.4,tidak,dup3,2
train,2025-01-29_16-07_MT_ITH_08_cr1_jpg.rf.bbc1168ba2ee035b02747936cf2d4294_night.txt,site,minitruck/mining-truck-v1.4,ya,-,2
train,2025-01-29_17-33_MT_ITH_08_cr1_jpg.rf.51e2638ef306bdb69ea6bf0a0b46365f.txt,site,minitruck/mining-truck-v1.4,tidak,-,2
train,2025-01-29_17-33_MT_ITH_08_cr1_jpg.rf.51e2638ef306bdb69ea6bf0a0b46365f_dup2.txt,site,minitruck/mining-truck-v1.4,tidak,dup2,2
train,2025-01-29_17-33_MT_ITH_08_cr1_jpg.rf.51e2638ef306bdb69ea6bf0a0b46365f_dup3.txt,site,minitruck/mining-truck-v1.4,tidak,dup3,2
train,2025-01-29_17-33_MT_ITH_08_cr1_jpg.rf.51e2638ef306bdb69ea6bf0a0b46365f_night.txt,site,minitruck/mining-truck-v1.4,ya,-,2
train,2025-01-29_17-51_MT_ITH_08_cr1_jpg.rf.59af96cbcbbbdcb2f392723a30b6c6d7.txt,site,minitruck/mining-truck-v1.4,tidak,-,2
train,2025-01-29_17-51_MT_ITH_08_cr1_jpg.rf.59af96cbcbbbdcb2f392723a30b6c6d7_dup2.txt,site,minitruck/mining-truck-v1.4,tidak,dup2,2
train,2025-01-29_17-51_MT_ITH_08_cr1_jpg.rf.59af96cbcbbbdcb2f392723a30b6c6d7_dup3.txt,site,minitruck/mining-truck-v1.4,tidak,dup3,2
train,2025-01-29_17-51_MT_ITH_08_cr1_jpg.rf.59af96cbcbbbdcb2f392723a30b6c6d7_night.txt,site,minitruck/mining-truck-v1.4,ya,-,2
train,2025-01-29_17-57_MT_ITH_08_cr1_jpg.rf.b7dc7d412d0d1b732f8930664d0ca329.txt,site,minitruck/mining-truck-v1.4,tidak,-,2
train,2025-01-29_17-57_MT_ITH_08_cr1_jpg.rf.b7dc7d412d0d1b732f8930664d0ca329_dup2.txt,site,minitruck/mining-truck-v1.4,tidak,dup2,2
train,2025-01-29_17-57_MT_ITH_08_cr1_jpg.rf.b7dc7d412d0d1b732f8930664d0ca329_dup3.txt,site,minitruck/mining-truck-v1.4,tidak,dup3,2
train,2025-01-29_17-57_MT_ITH_08_cr1_jpg.rf.b7dc7d412d0d1b732f8930664d0ca329_night.txt,site,minitruck/mining-truck-v1.4,ya,-,2
train,2025-01-30_00-45_MT_ITH_08_cr1_jpg.rf.167781773d95100ea8d09ac28386ec2e.txt,site,minitruck/mining-truck-v1.4,tidak,-,2
train,2025-01-30_00-45_MT_ITH_08_cr1_jpg.rf.167781773d95100ea8d09ac28386ec2e_dup2.txt,site,minitruck/mining-truck-v1.4,tidak,dup2,2
train,2025-01-30_00-45_MT_ITH_08_cr1_jpg.rf.167781773d95100ea8d09ac28386ec2e_dup3.txt,site,minitruck/mining-truck-v1.4,tidak,dup3,2
train,2025-01-30_00-45_MT_ITH_08_cr1_jpg.rf.167781773d95100ea8d09ac28386ec2e_night.txt,site,minitruck/mining-truck-v1.4,ya,-,2
train,2025-01-30_03-17_MT_ITH_03_cr1_jpg.rf.7c89033c0d54f68cd1f2a9d85a3d7aad.txt,site,minitruck/mining-truck-v1.4,tidak,-,2
train,2025-01-30_03-17_MT_ITH_03_cr1_jpg.rf.7c89033c0d54f68cd1f2a9d85a3d7aad_dup2.txt,site,minitruck/mining-truck-v1.4,tidak,dup2,2
train,2025-01-30_03-17_MT_ITH_03_cr1_jpg.rf.7c89033c0d54f68cd1f2a9d85a3d7aad_dup3.txt,site,minitruck/mining-truck-v1.4,tidak,dup3,2
train,2025-01-30_03-17_MT_ITH_03_cr1_jpg.rf.7c89033c0d54f68cd1f2a9d85a3d7aad_night.txt,site,minitruck/mining-truck-v1.4,ya,-,2
train,2025-01-30_03-52_MT_ITH_03_cr1_jpg.rf.e20389cd2cd40c9c116a5ca400bcd6af.txt,site,minitruck/mining-truck-v1.4,tidak,-,2
train,2025-01-30_03-52_MT_ITH_03_cr1_jpg.rf.e20389cd2cd40c9c116a5ca400bcd6af_dup2.txt,site,minitruck/mining-truck-v1.4,tidak,dup2,2
train,2025-01-30_03-52_MT_ITH_03_cr1_jpg.rf.e20389cd2cd40c9c116a5ca400bcd6af_dup3.txt,site,minitruck/mining-truck-v1.4,tidak,dup3,2
train,2025-01-30_03-52_MT_ITH_03_cr1_jpg.rf.e20389cd2cd40c9c116a5ca400bcd6af_night.txt,site,minitruck/mining-truck-v1.4,ya,-,2
train,2025-01-30_04-14_MT_ITH_03_cr1_jpg.rf.53ba0983094769baf5960cf7808eeaa0.txt,site,minitruck/mining-truck-v1.4,tidak,-,2
train,2025-01-30_04-14_MT_ITH_03_cr1_jpg.rf.53ba0983094769baf5960cf7808eeaa0_dup2.txt,site,minitruck/mining-truck-v1.4,tidak,dup2,2
train,2025-01-30_04-14_MT_ITH_03_cr1_jpg.rf.53ba0983094769baf5960cf7808eeaa0_dup3.txt,site,minitruck/mining-truck-v1.4,tidak,dup3,2
train,2025-01-30_04-14_MT_ITH_03_cr1_jpg.rf.53ba0983094769baf5960cf7808eeaa0_night.txt,site,minitruck/mining-truck-v1.4,ya,-,2
train,2025-01-30_04-21_MT_ITH_06_cr1_jpg.rf.4e8072f93b3f35ec8eb365deec8d55d9.txt,site,minitruck/mining-truck-v1.4,tidak,-,2
train,2025-01-30_04-21_MT_ITH_06_cr1_jpg.rf.4e8072f93b3f35ec8eb365deec8d55d9_dup2.txt,site,minitruck/mining-truck-v1.4,tidak,dup2,2
train,2025-01-30_04-21_MT_ITH_06_cr1_jpg.rf.4e8072f93b3f35ec8eb365deec8d55d9_dup3.txt,site,minitruck/mining-truck-v1.4,tidak,dup3,2
train,2025-01-30_04-21_MT_ITH_06_cr1_jpg.rf.4e8072f93b3f35ec8eb365deec8d55d9_night.txt,site,minitruck/mining-truck-v1.4,ya,-,2
train,2025-01-30_04-50_MT_ITH_08_cr1_jpg.rf.e58d31e10566aea86e1f899d2660b3d9.txt,site,minitruck/mining-truck-v1.4,tidak,-,2
train,2025-01-30_04-50_MT_ITH_08_cr1_jpg.rf.e58d31e10566aea86e1f899d2660b3d9_dup2.txt,site,minitruck/mining-truck-v1.4,tidak,dup2,2
train,2025-01-30_04-50_MT_ITH_08_cr1_jpg.rf.e58d31e10566aea86e1f899d2660b3d9_dup3.txt,site,minitruck/mining-truck-v1.4,tidak,dup3,2
train,2025-01-30_04-50_MT_ITH_08_cr1_jpg.rf.e58d31e10566aea86e1f899d2660b3d9_night.txt,site,minitruck/mining-truck-v1.4,ya,-,2
train,2025-01-30_06-00_MT_ITH_08_cr1_jpg.rf.2bd3de4359c36f142cc6b19dd959afc3.txt,site,minitruck/mining-truck-v1.4,tidak,-,2
train,2025-01-30_06-00_MT_ITH_08_cr1_jpg.rf.2bd3de4359c36f142cc6b19dd959afc3_dup2.txt,site,minitruck/mining-truck-v1.4,tidak,dup2,2
train,2025-01-30_06-00_MT_ITH_08_cr1_jpg.rf.2bd3de4359c36f142cc6b19dd959afc3_dup3.txt,site,minitruck/mining-truck-v1.4,tidak,dup3,2
train,2025-01-30_06-00_MT_ITH_08_cr1_jpg.rf.2bd3de4359c36f142cc6b19dd959afc3_night.txt,site,minitruck/mining-truck-v1.4,ya,-,2
train,2025-01-30_06-26_MT_ITH_03_cr1_jpg.rf.a929002e3e578fa12563c2f5b80db64d.txt,site,minitruck/mining-truck-v1.4,tidak,-,2
train,2025-01-30_06-26_MT_ITH_03_cr1_jpg.rf.a929002e3e578fa12563c2f5b80db64d_dup2.txt,site,minitruck/mining-truck-v1.4,tidak,dup2,2
train,2025-01-30_06-26_MT_ITH_03_cr1_jpg.rf.a929002e3e578fa12563c2f5b80db64d_dup3.txt,site,minitruck/mining-truck-v1.4,tidak,dup3,2
train,2025-01-30_06-26_MT_ITH_03_cr1_jpg.rf.a929002e3e578fa12563c2f5b80db64d_night.txt,site,minitruck/mining-truck-v1.4,ya,-,2
train,2025-01-30_06-37_MT_ITH_08_cr1_jpg.rf.404400eef424975d5d1a07f885f8e2ca.txt,site,minitruck/mining-truck-v1.4,tidak,-,2
train,2025-01-30_06-37_MT_ITH_08_cr1_jpg.rf.404400eef424975d5d1a07f885f8e2ca_dup2.txt,site,minitruck/mining-truck-v1.4,tidak,dup2,2
train,2025-01-30_06-37_MT_ITH_08_cr1_jpg.rf.404400eef424975d5d1a07f885f8e2ca_dup3.txt,site,minitruck/mining-truck-v1.4,tidak,dup3,2
train,2025-01-30_06-37_MT_ITH_08_cr1_jpg.rf.404400eef424975d5d1a07f885f8e2ca_night.txt,site,minitruck/mining-truck-v1.4,ya,-,2
train,2025-01-30_06-39_MT_ITH_06_cr1_jpg.rf.cd233f7a16df7556e58eecdee8ff6952.txt,site,minitruck/mining-truck-v1.4,tidak,-,2
train,2025-01-30_06-39_MT_ITH_06_cr1_jpg.rf.cd233f7a16df7556e58eecdee8ff6952_dup2.txt,site,minitruck/mining-truck-v1.4,tidak,dup2,2
train,2025-01-30_06-39_MT_ITH_06_cr1_jpg.rf.cd233f7a16df7556e58eecdee8ff6952_dup3.txt,site,minitruck/mining-truck-v1.4,tidak,dup3,2
train,2025-01-30_06-39_MT_ITH_06_cr1_jpg.rf.cd233f7a16df7556e58eecdee8ff6952_night.txt,site,minitruck/mining-truck-v1.4,ya,-,2
train,2025-01-30_06-47_MT_ITH_08_cr1_jpg.rf.6b1ff1c6b28d284d419c7391bad99621.txt,site,minitruck/mining-truck-v1.4,tidak,-,2
train,2025-01-30_06-47_MT_ITH_08_cr1_jpg.rf.6b1ff1c6b28d284d419c7391bad99621_dup2.txt,site,minitruck/mining-truck-v1.4,tidak,dup2,2
train,2025-01-30_06-47_MT_ITH_08_cr1_jpg.rf.6b1ff1c6b28d284d419c7391bad99621_dup3.txt,site,minitruck/mining-truck-v1.4,tidak,dup3,2
train,2025-01-30_06-47_MT_ITH_08_cr1_jpg.rf.6b1ff1c6b28d284d419c7391bad99621_night.txt,site,minitruck/mining-truck-v1.4,ya,-,2
train,2025-01-30_06-54_MT_ITH_08_cr1_jpg.rf.29514a1953e08970b83a5dd890be8dde.txt,site,minitruck/mining-truck-v1.4,tidak,-,2
train,2025-01-30_06-54_MT_ITH_08_cr1_jpg.rf.29514a1953e08970b83a5dd890be8dde_dup2.txt,site,minitruck/mining-truck-v1.4,tidak,dup2,2
train,2025-01-30_06-54_MT_ITH_08_cr1_jpg.rf.29514a1953e08970b83a5dd890be8dde_dup3.txt,site,minitruck/mining-truck-v1.4,tidak,dup3,2
train,2025-01-30_06-54_MT_ITH_08_cr1_jpg.rf.29514a1953e08970b83a5dd890be8dde_night.txt,site,minitruck/mining-truck-v1.4,ya,-,2
train,2025-01-30_06-57_MT_ITH_03_cr1_jpg.rf.5e60d7f7cec4a950ec9e094c04957343.txt,site,minitruck/mining-truck-v1.4,tidak,-,2
train,2025-01-30_06-57_MT_ITH_03_cr1_jpg.rf.5e60d7f7cec4a950ec9e094c04957343_dup2.txt,site,minitruck/mining-truck-v1.4,tidak,dup2,2
train,2025-01-30_06-57_MT_ITH_03_cr1_jpg.rf.5e60d7f7cec4a950ec9e094c04957343_dup3.txt,site,minitruck/mining-truck-v1.4,tidak,dup3,2
train,2025-01-30_06-57_MT_ITH_03_cr1_jpg.rf.5e60d7f7cec4a950ec9e094c04957343_night.txt,site,minitruck/mining-truck-v1.4,ya,-,2
train,2025-01-30_06-59_MT_ITH_06_cr1_jpg.rf.1eb26ba093013a01702eb4d41405cef7.txt,site,minitruck/mining-truck-v1.4,tidak,-,2
train,2025-01-30_06-59_MT_ITH_06_cr1_jpg.rf.1eb26ba093013a01702eb4d41405cef7_dup2.txt,site,minitruck/mining-truck-v1.4,tidak,dup2,2
train,2025-01-30_06-59_MT_ITH_06_cr1_jpg.rf.1eb26ba093013a01702eb4d41405cef7_dup3.txt,site,minitruck/mining-truck-v1.4,tidak,dup3,2
train,2025-01-30_06-59_MT_ITH_06_cr1_jpg.rf.1eb26ba093013a01702eb4d41405cef7_night.txt,site,minitruck/mining-truck-v1.4,ya,-,2
train,2025-01-30_08-14_MT_ITH_08_cr1_jpg.rf.cc44a8fc6d358286b6b743a2a9f422a9.txt,site,minitruck/mining-truck-v1.4,tidak,-,2
train,2025-01-30_08-14_MT_ITH_08_cr1_jpg.rf.cc44a8fc6d358286b6b743a2a9f422a9_dup2.txt,site,minitruck/mining-truck-v1.4,tidak,dup2,2
train,2025-01-30_08-14_MT_ITH_08_cr1_jpg.rf.cc44a8fc6d358286b6b743a2a9f422a9_dup3.txt,site,minitruck/mining-truck-v1.4,tidak,dup3,2
train,2025-01-30_08-14_MT_ITH_08_cr1_jpg.rf.cc44a8fc6d358286b6b743a2a9f422a9_night.txt,site,minitruck/mining-truck-v1.4,ya,-,2
train,2025-01-30_08-23_MT_ITH_08_cr1_jpg.rf.1d5f3a3e2df6e4f987133cf0c3928358.txt,site,minitruck/mining-truck-v1.4,tidak,-,2
train,2025-01-30_08-23_MT_ITH_08_cr1_jpg.rf.1d5f3a3e2df6e4f987133cf0c3928358_dup2.txt,site,minitruck/mining-truck-v1.4,tidak,dup2,2
train,2025-01-30_08-23_MT_ITH_08_cr1_jpg.rf.1d5f3a3e2df6e4f987133cf0c3928358_dup3.txt,site,minitruck/mining-truck-v1.4,tidak,dup3,2
train,2025-01-30_08-23_MT_ITH_08_cr1_jpg.rf.1d5f3a3e2df6e4f987133cf0c3928358_night.txt,site,minitruck/mining-truck-v1.4,ya,-,2
train,2025-01-30_09-25_MT_ITH_08_cr1_jpg.rf.6ba4734b217e53936537057ff696f785.txt,site,minitruck/mining-truck-v1.4,tidak,-,2
train,2025-01-30_09-25_MT_ITH_08_cr1_jpg.rf.6ba4734b217e53936537057ff696f785_dup2.txt,site,minitruck/mining-truck-v1.4,tidak,dup2,2
train,2025-01-30_09-25_MT_ITH_08_cr1_jpg.rf.6ba4734b217e53936537057ff696f785_dup3.txt,site,minitruck/mining-truck-v1.4,tidak,dup3,2
train,2025-01-30_09-25_MT_ITH_08_cr1_jpg.rf.6ba4734b217e53936537057ff696f785_night.txt,site,minitruck/mining-truck-v1.4,ya,-,2
train,2025-01-30_10-33_MT_ITH_08_cr1_jpg.rf.862cf3512b875075a8f1736d02339c61.txt,site,minitruck/mining-truck-v1.4,tidak,-,2
train,2025-01-30_10-33_MT_ITH_08_cr1_jpg.rf.862cf3512b875075a8f1736d02339c61_dup2.txt,site,minitruck/mining-truck-v1.4,tidak,dup2,2
train,2025-01-30_10-33_MT_ITH_08_cr1_jpg.rf.862cf3512b875075a8f1736d02339c61_dup3.txt,site,minitruck/mining-truck-v1.4,tidak,dup3,2
train,2025-01-30_10-33_MT_ITH_08_cr1_jpg.rf.862cf3512b875075a8f1736d02339c61_night.txt,site,minitruck/mining-truck-v1.4,ya,-,2
train,2025-01-30_11-26_MT_ITH_03_cr1_jpg.rf.e0471ce7ee424680e061782a2beb8107.txt,site,minitruck/mining-truck-v1.4,tidak,-,2
train,2025-01-30_11-26_MT_ITH_03_cr1_jpg.rf.e0471ce7ee424680e061782a2beb8107_dup2.txt,site,minitruck/mining-truck-v1.4,tidak,dup2,2
train,2025-01-30_11-26_MT_ITH_03_cr1_jpg.rf.e0471ce7ee424680e061782a2beb8107_dup3.txt,site,minitruck/mining-truck-v1.4,tidak,dup3,2
train,2025-01-30_11-26_MT_ITH_03_cr1_jpg.rf.e0471ce7ee424680e061782a2beb8107_night.txt,site,minitruck/mining-truck-v1.4,ya,-,2
train,2025-01-30_11-33_MT_ITH_03_cr1_jpg.rf.9cac2b0783bb89620081218f945d6e7d.txt,site,minitruck/mining-truck-v1.4,tidak,-,2
train,2025-01-30_11-33_MT_ITH_03_cr1_jpg.rf.9cac2b0783bb89620081218f945d6e7d_dup2.txt,site,minitruck/mining-truck-v1.4,tidak,dup2,2
train,2025-01-30_11-33_MT_ITH_03_cr1_jpg.rf.9cac2b0783bb89620081218f945d6e7d_dup3.txt,site,minitruck/mining-truck-v1.4,tidak,dup3,2
train,2025-01-30_11-33_MT_ITH_03_cr1_jpg.rf.9cac2b0783bb89620081218f945d6e7d_night.txt,site,minitruck/mining-truck-v1.4,ya,-,2
train,2025-01-30_16-44_MT_ITH_03_cr1_jpg.rf.4aa9d84618f342573e859b64c6d41f0b.txt,site,minitruck/mining-truck-v1.4,tidak,-,2
train,2025-01-30_16-44_MT_ITH_03_cr1_jpg.rf.4aa9d84618f342573e859b64c6d41f0b_dup2.txt,site,minitruck/mining-truck-v1.4,tidak,dup2,2
train,2025-01-30_16-44_MT_ITH_03_cr1_jpg.rf.4aa9d84618f342573e859b64c6d41f0b_dup3.txt,site,minitruck/mining-truck-v1.4,tidak,dup3,2
train,2025-01-30_16-44_MT_ITH_03_cr1_jpg.rf.4aa9d84618f342573e859b64c6d41f0b_night.txt,site,minitruck/mining-truck-v1.4,ya,-,2
train,2025-01-30_17-01_MT_ITH_03_cr1_jpg.rf.c76b12fd2bb8f94ded80e4ebb2a12023.txt,site,minitruck/mining-truck-v1.4,tidak,-,2
train,2025-01-30_17-01_MT_ITH_03_cr1_jpg.rf.c76b12fd2bb8f94ded80e4ebb2a12023_dup2.txt,site,minitruck/mining-truck-v1.4,tidak,dup2,2
train,2025-01-30_17-01_MT_ITH_03_cr1_jpg.rf.c76b12fd2bb8f94ded80e4ebb2a12023_dup3.txt,site,minitruck/mining-truck-v1.4,tidak,dup3,2
train,2025-01-30_17-01_MT_ITH_03_cr1_jpg.rf.c76b12fd2bb8f94ded80e4ebb2a12023_night.txt,site,minitruck/mining-truck-v1.4,ya,-,2
train,2025-01-30_17-49_MT_ITH_08_cr1_jpg.rf.960c13b6284c54d6a28a66ec4fb47f98.txt,site,minitruck/mining-truck-v1.4,tidak,-,2
train,2025-01-30_17-49_MT_ITH_08_cr1_jpg.rf.960c13b6284c54d6a28a66ec4fb47f98_dup2.txt,site,minitruck/mining-truck-v1.4,tidak,dup2,2
train,2025-01-30_17-49_MT_ITH_08_cr1_jpg.rf.960c13b6284c54d6a28a66ec4fb47f98_dup3.txt,site,minitruck/mining-truck-v1.4,tidak,dup3,2
train,2025-01-30_17-49_MT_ITH_08_cr1_jpg.rf.960c13b6284c54d6a28a66ec4fb47f98_night.txt,site,minitruck/mining-truck-v1.4,ya,-,2
train,2025-01-30_18-00_MT_ITH_08_cr1_jpg.rf.1b00b3a5be0076c0194031f3231156be.txt,site,minitruck/mining-truck-v1.4,tidak,-,2
train,2025-01-30_18-00_MT_ITH_08_cr1_jpg.rf.1b00b3a5be0076c0194031f3231156be_dup2.txt,site,minitruck/mining-truck-v1.4,tidak,dup2,2
train,2025-01-30_18-00_MT_ITH_08_cr1_jpg.rf.1b00b3a5be0076c0194031f3231156be_dup3.txt,site,minitruck/mining-truck-v1.4,tidak,dup3,2
train,2025-01-30_18-00_MT_ITH_08_cr1_jpg.rf.1b00b3a5be0076c0194031f3231156be_night.txt,site,minitruck/mining-truck-v1.4,ya,-,2
train,2025-01-30_18-12_MT_ITH_08_cr1_jpg.rf.b4ade050ce6d688b8a821efe7fbca461.txt,site,minitruck/mining-truck-v1.4,tidak,-,2
train,2025-01-30_18-12_MT_ITH_08_cr1_jpg.rf.b4ade050ce6d688b8a821efe7fbca461_dup2.txt,site,minitruck/mining-truck-v1.4,tidak,dup2,2
train,2025-01-30_18-12_MT_ITH_08_cr1_jpg.rf.b4ade050ce6d688b8a821efe7fbca461_dup3.txt,site,minitruck/mining-truck-v1.4,tidak,dup3,2
train,2025-01-30_18-12_MT_ITH_08_cr1_jpg.rf.b4ade050ce6d688b8a821efe7fbca461_night.txt,site,minitruck/mining-truck-v1.4,ya,-,2
train,2025-01-31_12-57_MT_ITH_05_cr1_jpg.rf.f20f18c083b36539d08dc33de5d7ce26.txt,site,minitruck/mining-truck-v1.4,tidak,-,2
train,2025-01-31_12-57_MT_ITH_05_cr1_jpg.rf.f20f18c083b36539d08dc33de5d7ce26_dup2.txt,site,minitruck/mining-truck-v1.4,tidak,dup2,2
train,2025-01-31_12-57_MT_ITH_05_cr1_jpg.rf.f20f18c083b36539d08dc33de5d7ce26_dup3.txt,site,minitruck/mining-truck-v1.4,tidak,dup3,2
train,2025-01-31_12-57_MT_ITH_05_cr1_jpg.rf.f20f18c083b36539d08dc33de5d7ce26_night.txt,site,minitruck/mining-truck-v1.4,ya,-,2
train,2025-02-03_23-48_MT_ITH_08_cr1_jpg.rf.8e6afc86e6b3b95fde39c816eef06f43.txt,site,minitruck/mining-truck-v1.4,tidak,-,2
train,2025-02-03_23-48_MT_ITH_08_cr1_jpg.rf.8e6afc86e6b3b95fde39c816eef06f43_dup2.txt,site,minitruck/mining-truck-v1.4,tidak,dup2,2
train,2025-02-03_23-48_MT_ITH_08_cr1_jpg.rf.8e6afc86e6b3b95fde39c816eef06f43_dup3.txt,site,minitruck/mining-truck-v1.4,tidak,dup3,2
train,2025-02-03_23-48_MT_ITH_08_cr1_jpg.rf.8e6afc86e6b3b95fde39c816eef06f43_night.txt,site,minitruck/mining-truck-v1.4,ya,-,2
train,2025-02-04_00-37_MT_ITH_08_cr1_jpg.rf.bf6725ee30f0b94a6caba6bfcc51ca17.txt,site,minitruck/mining-truck-v1.4,tidak,-,2
train,2025-02-04_00-37_MT_ITH_08_cr1_jpg.rf.bf6725ee30f0b94a6caba6bfcc51ca17_dup2.txt,site,minitruck/mining-truck-v1.4,tidak,dup2,2
train,2025-02-04_00-37_MT_ITH_08_cr1_jpg.rf.bf6725ee30f0b94a6caba6bfcc51ca17_dup3.txt,site,minitruck/mining-truck-v1.4,tidak,dup3,2
train,2025-02-04_00-37_MT_ITH_08_cr1_jpg.rf.bf6725ee30f0b94a6caba6bfcc51ca17_night.txt,site,minitruck/mining-truck-v1.4,ya,-,2
train,2025-02-04_06-29_MT_ITH_08_cr1_jpg.rf.5c955925a3b68cbfcb05dd786eb0ca80.txt,site,minitruck/mining-truck-v1.4,tidak,-,2
train,2025-02-04_06-29_MT_ITH_08_cr1_jpg.rf.5c955925a3b68cbfcb05dd786eb0ca80_dup2.txt,site,minitruck/mining-truck-v1.4,tidak,dup2,2
train,2025-02-04_06-29_MT_ITH_08_cr1_jpg.rf.5c955925a3b68cbfcb05dd786eb0ca80_dup3.txt,site,minitruck/mining-truck-v1.4,tidak,dup3,2
train,2025-02-04_06-29_MT_ITH_08_cr1_jpg.rf.5c955925a3b68cbfcb05dd786eb0ca80_night.txt,site,minitruck/mining-truck-v1.4,ya,-,2
train,2025-02-04_11-37_MT_ITH_09_cr1_jpg.rf.e199e578ef2910943d25dce8ed5ec300.txt,site,minitruck/mining-truck-v1.4,tidak,-,2
train,2025-02-04_11-37_MT_ITH_09_cr1_jpg.rf.e199e578ef2910943d25dce8ed5ec300_dup2.txt,site,minitruck/mining-truck-v1.4,tidak,dup2,2
train,2025-02-04_11-37_MT_ITH_09_cr1_jpg.rf.e199e578ef2910943d25dce8ed5ec300_dup3.txt,site,minitruck/mining-truck-v1.4,tidak,dup3,2
train,2025-02-04_11-37_MT_ITH_09_cr1_jpg.rf.e199e578ef2910943d25dce8ed5ec300_night.txt,site,minitruck/mining-truck-v1.4,ya,-,2
train,2025-02-04_12-39_MT_ITH_09_cr1_jpg.rf.1cda00d93d1b9ad2763dd4c60a1aa12d.txt,site,minitruck/mining-truck-v1.4,tidak,-,2
train,2025-02-04_12-39_MT_ITH_09_cr1_jpg.rf.1cda00d93d1b9ad2763dd4c60a1aa12d_dup2.txt,site,minitruck/mining-truck-v1.4,tidak,dup2,2
train,2025-02-04_12-39_MT_ITH_09_cr1_jpg.rf.1cda00d93d1b9ad2763dd4c60a1aa12d_dup3.txt,site,minitruck/mining-truck-v1.4,tidak,dup3,2
train,2025-02-04_12-39_MT_ITH_09_cr1_jpg.rf.1cda00d93d1b9ad2763dd4c60a1aa12d_night.txt,site,minitruck/mining-truck-v1.4,ya,-,2
train,2025-02-04_12-47_MT_ITH_09_cr1_jpg.rf.daae2e9c935bb863a2a4648ffcf3d498.txt,site,minitruck/mining-truck-v1.4,tidak,-,2
train,2025-02-04_12-47_MT_ITH_09_cr1_jpg.rf.daae2e9c935bb863a2a4648ffcf3d498_dup2.txt,site,minitruck/mining-truck-v1.4,tidak,dup2,2
train,2025-02-04_12-47_MT_ITH_09_cr1_jpg.rf.daae2e9c935bb863a2a4648ffcf3d498_dup3.txt,site,minitruck/mining-truck-v1.4,tidak,dup3,2
train,2025-02-04_12-47_MT_ITH_09_cr1_jpg.rf.daae2e9c935bb863a2a4648ffcf3d498_night.txt,site,minitruck/mining-truck-v1.4,ya,-,2
train,2025-02-04_13-03_MT_ITH_09_cr1_jpg.rf.54c8b9c98d207de10bb60b24e489f50d.txt,site,minitruck/mining-truck-v1.4,tidak,-,2
train,2025-02-04_13-03_MT_ITH_09_cr1_jpg.rf.54c8b9c98d207de10bb60b24e489f50d_dup2.txt,site,minitruck/mining-truck-v1.4,tidak,dup2,2
train,2025-02-04_13-03_MT_ITH_09_cr1_jpg.rf.54c8b9c98d207de10bb60b24e489f50d_dup3.txt,site,minitruck/mining-truck-v1.4,tidak,dup3,2
train,2025-02-04_13-03_MT_ITH_09_cr1_jpg.rf.54c8b9c98d207de10bb60b24e489f50d_night.txt,site,minitruck/mining-truck-v1.4,ya,-,2
train,2025-02-04_15-29_MT_ITH_09_cr1_jpg.rf.0e183f124e25be221539435814746c68.txt,site,minitruck/mining-truck-v1.4,tidak,-,2
train,2025-02-04_15-29_MT_ITH_09_cr1_jpg.rf.0e183f124e25be221539435814746c68_dup2.txt,site,minitruck/mining-truck-v1.4,tidak,dup2,2
train,2025-02-04_15-29_MT_ITH_09_cr1_jpg.rf.0e183f124e25be221539435814746c68_dup3.txt,site,minitruck/mining-truck-v1.4,tidak,dup3,2
train,2025-02-04_15-29_MT_ITH_09_cr1_jpg.rf.0e183f124e25be221539435814746c68_night.txt,site,minitruck/mining-truck-v1.4,ya,-,2
train,2025-02-04_16-38_MT_ITH_09_cr1_jpg.rf.c3016df7e722c93714c48d0e4e709c64.txt,site,minitruck/mining-truck-v1.4,tidak,-,2
train,2025-02-04_16-38_MT_ITH_09_cr1_jpg.rf.c3016df7e722c93714c48d0e4e709c64_dup2.txt,site,minitruck/mining-truck-v1.4,tidak,dup2,2
train,2025-02-04_16-38_MT_ITH_09_cr1_jpg.rf.c3016df7e722c93714c48d0e4e709c64_dup3.txt,site,minitruck/mining-truck-v1.4,tidak,dup3,2
train,2025-02-04_16-38_MT_ITH_09_cr1_jpg.rf.c3016df7e722c93714c48d0e4e709c64_night.txt,site,minitruck/mining-truck-v1.4,ya,-,2
train,2025-02-04_16-44_MT_ITH_09_cr1_jpg.rf.de70accb3e6667ba33895b803d93795b.txt,site,minitruck/mining-truck-v1.4,tidak,-,2
train,2025-02-04_16-44_MT_ITH_09_cr1_jpg.rf.de70accb3e6667ba33895b803d93795b_dup2.txt,site,minitruck/mining-truck-v1.4,tidak,dup2,2
train,2025-02-04_16-44_MT_ITH_09_cr1_jpg.rf.de70accb3e6667ba33895b803d93795b_dup3.txt,site,minitruck/mining-truck-v1.4,tidak,dup3,2
train,2025-02-04_16-44_MT_ITH_09_cr1_jpg.rf.de70accb3e6667ba33895b803d93795b_night.txt,site,minitruck/mining-truck-v1.4,ya,-,2
train,2025-02-04_16-51_MT_ITH_09_cr1_jpg.rf.a1fb1171f02d4993f0a250867512b68a.txt,site,minitruck/mining-truck-v1.4,tidak,-,2
train,2025-02-04_16-51_MT_ITH_09_cr1_jpg.rf.a1fb1171f02d4993f0a250867512b68a_dup2.txt,site,minitruck/mining-truck-v1.4,tidak,dup2,2
train,2025-02-04_16-51_MT_ITH_09_cr1_jpg.rf.a1fb1171f02d4993f0a250867512b68a_dup3.txt,site,minitruck/mining-truck-v1.4,tidak,dup3,2
train,2025-02-04_16-51_MT_ITH_09_cr1_jpg.rf.a1fb1171f02d4993f0a250867512b68a_night.txt,site,minitruck/mining-truck-v1.4,ya,-,2
train,2025-02-04_17-40_MT_ITH_09_cr1_jpg.rf.cf85409f70457d98779fa48764af0724.txt,site,minitruck/mining-truck-v1.4,tidak,-,2
train,2025-02-04_17-40_MT_ITH_09_cr1_jpg.rf.cf85409f70457d98779fa48764af0724_dup2.txt,site,minitruck/mining-truck-v1.4,tidak,dup2,2
train,2025-02-04_17-40_MT_ITH_09_cr1_jpg.rf.cf85409f70457d98779fa48764af0724_dup3.txt,site,minitruck/mining-truck-v1.4,tidak,dup3,2
train,2025-02-04_17-40_MT_ITH_09_cr1_jpg.rf.cf85409f70457d98779fa48764af0724_night.txt,site,minitruck/mining-truck-v1.4,ya,-,2
train,2025-02-04_17-58_MT_ITH_09_cr1_jpg.rf.8721e19c6deb503490d26263b837124a.txt,site,minitruck/mining-truck-v1.4,tidak,-,2
train,2025-02-04_17-58_MT_ITH_09_cr1_jpg.rf.8721e19c6deb503490d26263b837124a_dup2.txt,site,minitruck/mining-truck-v1.4,tidak,dup2,2
train,2025-02-04_17-58_MT_ITH_09_cr1_jpg.rf.8721e19c6deb503490d26263b837124a_dup3.txt,site,minitruck/mining-truck-v1.4,tidak,dup3,2
train,2025-02-04_17-58_MT_ITH_09_cr1_jpg.rf.8721e19c6deb503490d26263b837124a_night.txt,site,minitruck/mining-truck-v1.4,ya,-,2
train,2025-02-04_18-07_MT_ITH_09_cr1_jpg.rf.14db1437ed6c74db685e855de69c001d.txt,site,minitruck/mining-truck-v1.4,tidak,-,2
train,2025-02-04_18-07_MT_ITH_09_cr1_jpg.rf.14db1437ed6c74db685e855de69c001d_dup2.txt,site,minitruck/mining-truck-v1.4,tidak,dup2,2
train,2025-02-04_18-07_MT_ITH_09_cr1_jpg.rf.14db1437ed6c74db685e855de69c001d_dup3.txt,site,minitruck/mining-truck-v1.4,tidak,dup3,2
train,2025-02-04_18-07_MT_ITH_09_cr1_jpg.rf.14db1437ed6c74db685e855de69c001d_night.txt,site,minitruck/mining-truck-v1.4,ya,-,2
train,2025-02-04_18-15_MT_ITH_09_cr1_jpg.rf.8c739069107f3d0d338f2dae5bd3bd9e.txt,site,minitruck/mining-truck-v1.4,tidak,-,2
train,2025-02-04_18-15_MT_ITH_09_cr1_jpg.rf.8c739069107f3d0d338f2dae5bd3bd9e_dup2.txt,site,minitruck/mining-truck-v1.4,tidak,dup2,2
train,2025-02-04_18-15_MT_ITH_09_cr1_jpg.rf.8c739069107f3d0d338f2dae5bd3bd9e_dup3.txt,site,minitruck/mining-truck-v1.4,tidak,dup3,2
train,2025-02-04_18-15_MT_ITH_09_cr1_jpg.rf.8c739069107f3d0d338f2dae5bd3bd9e_night.txt,site,minitruck/mining-truck-v1.4,ya,-,2
train,2025-02-05_05-27_MT_ITH_03_cr1_jpg.rf.f1d6befa8c3a6b34df14ecc2931e3d9d.txt,site,minitruck/mining-truck-v1.4,tidak,-,2
train,2025-02-05_05-27_MT_ITH_03_cr1_jpg.rf.f1d6befa8c3a6b34df14ecc2931e3d9d_dup2.txt,site,minitruck/mining-truck-v1.4,tidak,dup2,2
train,2025-02-05_05-27_MT_ITH_03_cr1_jpg.rf.f1d6befa8c3a6b34df14ecc2931e3d9d_dup3.txt,site,minitruck/mining-truck-v1.4,tidak,dup3,2
train,2025-02-05_05-27_MT_ITH_03_cr1_jpg.rf.f1d6befa8c3a6b34df14ecc2931e3d9d_night.txt,site,minitruck/mining-truck-v1.4,ya,-,2
train,2025-02-05_05-49_MT_ITH_03_cr1_jpg.rf.e6cd46b39a0fbb705d4eed087f397f71.txt,site,minitruck/mining-truck-v1.4,tidak,-,2
train,2025-02-05_05-49_MT_ITH_03_cr1_jpg.rf.e6cd46b39a0fbb705d4eed087f397f71_dup2.txt,site,minitruck/mining-truck-v1.4,tidak,dup2,2
train,2025-02-05_05-49_MT_ITH_03_cr1_jpg.rf.e6cd46b39a0fbb705d4eed087f397f71_dup3.txt,site,minitruck/mining-truck-v1.4,tidak,dup3,2
train,2025-02-05_05-49_MT_ITH_03_cr1_jpg.rf.e6cd46b39a0fbb705d4eed087f397f71_night.txt,site,minitruck/mining-truck-v1.4,ya,-,2
train,2025-02-05_06-32_MT_ITH_03_cr1_jpg.rf.240922dd06af8edefbe68df5e17895a0.txt,site,minitruck/mining-truck-v1.4,tidak,-,2
train,2025-02-05_06-32_MT_ITH_03_cr1_jpg.rf.240922dd06af8edefbe68df5e17895a0_dup2.txt,site,minitruck/mining-truck-v1.4,tidak,dup2,2
train,2025-02-05_06-32_MT_ITH_03_cr1_jpg.rf.240922dd06af8edefbe68df5e17895a0_dup3.txt,site,minitruck/mining-truck-v1.4,tidak,dup3,2
train,2025-02-05_06-32_MT_ITH_03_cr1_jpg.rf.240922dd06af8edefbe68df5e17895a0_night.txt,site,minitruck/mining-truck-v1.4,ya,-,2
train,2025-02-05_06-42_MT_ITH_03_cr1_jpg.rf.8b09e0c0ac5d5c613335a5a27f9b2c44.txt,site,minitruck/mining-truck-v1.4,tidak,-,2
train,2025-02-05_06-42_MT_ITH_03_cr1_jpg.rf.8b09e0c0ac5d5c613335a5a27f9b2c44_dup2.txt,site,minitruck/mining-truck-v1.4,tidak,dup2,2
train,2025-02-05_06-42_MT_ITH_03_cr1_jpg.rf.8b09e0c0ac5d5c613335a5a27f9b2c44_dup3.txt,site,minitruck/mining-truck-v1.4,tidak,dup3,2
train,2025-02-05_06-42_MT_ITH_03_cr1_jpg.rf.8b09e0c0ac5d5c613335a5a27f9b2c44_night.txt,site,minitruck/mining-truck-v1.4,ya,-,2
train,2025-02-05_06-47_MT_ITH_05_cr1_jpg.rf.105d2356a30e20a1e9647b718cb8e43c.txt,site,minitruck/mining-truck-v1.4,tidak,-,2
train,2025-02-05_06-47_MT_ITH_05_cr1_jpg.rf.105d2356a30e20a1e9647b718cb8e43c_dup2.txt,site,minitruck/mining-truck-v1.4,tidak,dup2,2
train,2025-02-05_06-47_MT_ITH_05_cr1_jpg.rf.105d2356a30e20a1e9647b718cb8e43c_dup3.txt,site,minitruck/mining-truck-v1.4,tidak,dup3,2
train,2025-02-05_06-47_MT_ITH_05_cr1_jpg.rf.105d2356a30e20a1e9647b718cb8e43c_night.txt,site,minitruck/mining-truck-v1.4,ya,-,2
train,2025-02-05_07-29_MT_ITH_05_cr1_jpg.rf.52b39fea322db79fa827ce0f4b4e3302.txt,site,minitruck/mining-truck-v1.4,tidak,-,2
train,2025-02-05_07-29_MT_ITH_05_cr1_jpg.rf.52b39fea322db79fa827ce0f4b4e3302_dup2.txt,site,minitruck/mining-truck-v1.4,tidak,dup2,2
train,2025-02-05_07-29_MT_ITH_05_cr1_jpg.rf.52b39fea322db79fa827ce0f4b4e3302_dup3.txt,site,minitruck/mining-truck-v1.4,tidak,dup3,2
train,2025-02-05_07-29_MT_ITH_05_cr1_jpg.rf.52b39fea322db79fa827ce0f4b4e3302_night.txt,site,minitruck/mining-truck-v1.4,ya,-,2
train,2025-02-05_17-55_MT_ITH_03_cr2_debug_jpg.rf.0560c586ed884928d3aaa053b05bb628.txt,site,minitruck/mining-truck-v1.4,tidak,-,2
train,2025-02-05_17-55_MT_ITH_03_cr2_debug_jpg.rf.0560c586ed884928d3aaa053b05bb628_dup2.txt,site,minitruck/mining-truck-v1.4,tidak,dup2,2
train,2025-02-05_17-55_MT_ITH_03_cr2_debug_jpg.rf.0560c586ed884928d3aaa053b05bb628_dup3.txt,site,minitruck/mining-truck-v1.4,tidak,dup3,2
train,2025-02-05_17-55_MT_ITH_03_cr2_debug_jpg.rf.0560c586ed884928d3aaa053b05bb628_night.txt,site,minitruck/mining-truck-v1.4,ya,-,2
train,2025-02-06_03-49_MT_ITH_05_cr2_debug_jpg.rf.295466dd13276d56e33ea2ef2685262e.txt,site,minitruck/mining-truck-v1.4,tidak,-,2
train,2025-02-06_03-49_MT_ITH_05_cr2_debug_jpg.rf.295466dd13276d56e33ea2ef2685262e_dup2.txt,site,minitruck/mining-truck-v1.4,tidak,dup2,2
train,2025-02-06_03-49_MT_ITH_05_cr2_debug_jpg.rf.295466dd13276d56e33ea2ef2685262e_dup3.txt,site,minitruck/mining-truck-v1.4,tidak,dup3,2
train,2025-02-06_03-49_MT_ITH_05_cr2_debug_jpg.rf.295466dd13276d56e33ea2ef2685262e_night.txt,site,minitruck/mining-truck-v1.4,ya,-,2
train,2025-02-06_06-40_MT_ITH_05_cr2_debug_jpg.rf.3ad74a77780e40ef2e9f296ac587a9ae.txt,site,minitruck/mining-truck-v1.4,tidak,-,2
train,2025-02-06_06-40_MT_ITH_05_cr2_debug_jpg.rf.3ad74a77780e40ef2e9f296ac587a9ae_dup2.txt,site,minitruck/mining-truck-v1.4,tidak,dup2,2
train,2025-02-06_06-40_MT_ITH_05_cr2_debug_jpg.rf.3ad74a77780e40ef2e9f296ac587a9ae_dup3.txt,site,minitruck/mining-truck-v1.4,tidak,dup3,2
train,2025-02-06_06-40_MT_ITH_05_cr2_debug_jpg.rf.3ad74a77780e40ef2e9f296ac587a9ae_night.txt,site,minitruck/mining-truck-v1.4,ya,-,2
train,2025-02-06_06-48_MT_ITH_05_cr2_debug_jpg.rf.60c3d26bb535e2272eddb8eeb6b8987d.txt,site,minitruck/mining-truck-v1.4,tidak,-,2
train,2025-02-06_06-48_MT_ITH_05_cr2_debug_jpg.rf.60c3d26bb535e2272eddb8eeb6b8987d_dup2.txt,site,minitruck/mining-truck-v1.4,tidak,dup2,2
train,2025-02-06_06-48_MT_ITH_05_cr2_debug_jpg.rf.60c3d26bb535e2272eddb8eeb6b8987d_dup3.txt,site,minitruck/mining-truck-v1.4,tidak,dup3,2
train,2025-02-06_06-48_MT_ITH_05_cr2_debug_jpg.rf.60c3d26bb535e2272eddb8eeb6b8987d_night.txt,site,minitruck/mining-truck-v1.4,ya,-,2
train,2025-02-06_06-54_MT_ITH_05_cr2_debug_jpg.rf.d1dc2ffe24bdbff7f1339a21e28ef320.txt,site,minitruck/mining-truck-v1.4,tidak,-,2
train,2025-02-06_06-54_MT_ITH_05_cr2_debug_jpg.rf.d1dc2ffe24bdbff7f1339a21e28ef320_dup2.txt,site,minitruck/mining-truck-v1.4,tidak,dup2,2
train,2025-02-06_06-54_MT_ITH_05_cr2_debug_jpg.rf.d1dc2ffe24bdbff7f1339a21e28ef320_dup3.txt,site,minitruck/mining-truck-v1.4,tidak,dup3,2
train,2025-02-06_06-54_MT_ITH_05_cr2_debug_jpg.rf.d1dc2ffe24bdbff7f1339a21e28ef320_night.txt,site,minitruck/mining-truck-v1.4,ya,-,2
train,2025-02-06_07-44_MT_ITH_03_cr2_debug_jpg.rf.7a8a304666dc6332c06bf89fc9b512a7.txt,site,minitruck/mining-truck-v1.4,tidak,-,2
train,2025-02-06_07-44_MT_ITH_03_cr2_debug_jpg.rf.7a8a304666dc6332c06bf89fc9b512a7_dup2.txt,site,minitruck/mining-truck-v1.4,tidak,dup2,2
train,2025-02-06_07-44_MT_ITH_03_cr2_debug_jpg.rf.7a8a304666dc6332c06bf89fc9b512a7_dup3.txt,site,minitruck/mining-truck-v1.4,tidak,dup3,2
train,2025-02-06_07-44_MT_ITH_03_cr2_debug_jpg.rf.7a8a304666dc6332c06bf89fc9b512a7_night.txt,site,minitruck/mining-truck-v1.4,ya,-,2
train,2025-02-06_08-43_MT_ITH_08_cr2_debug_jpg.rf.bd8a80e984d0fe7725d871bc35264f8f.txt,site,minitruck/mining-truck-v1.4,tidak,-,2
train,2025-02-06_08-43_MT_ITH_08_cr2_debug_jpg.rf.bd8a80e984d0fe7725d871bc35264f8f_dup2.txt,site,minitruck/mining-truck-v1.4,tidak,dup2,2
train,2025-02-06_08-43_MT_ITH_08_cr2_debug_jpg.rf.bd8a80e984d0fe7725d871bc35264f8f_dup3.txt,site,minitruck/mining-truck-v1.4,tidak,dup3,2
train,2025-02-06_08-43_MT_ITH_08_cr2_debug_jpg.rf.bd8a80e984d0fe7725d871bc35264f8f_night.txt,site,minitruck/mining-truck-v1.4,ya,-,2
train,2025-02-06_17-39_MT_ITH_03_cr2_debug_jpg.rf.18f1ef3c392597ec43697f41a4717d20.txt,site,minitruck/mining-truck-v1.4,tidak,-,2
train,2025-02-06_17-39_MT_ITH_03_cr2_debug_jpg.rf.18f1ef3c392597ec43697f41a4717d20_dup2.txt,site,minitruck/mining-truck-v1.4,tidak,dup2,2
train,2025-02-06_17-39_MT_ITH_03_cr2_debug_jpg.rf.18f1ef3c392597ec43697f41a4717d20_dup3.txt,site,minitruck/mining-truck-v1.4,tidak,dup3,2
train,2025-02-06_17-39_MT_ITH_03_cr2_debug_jpg.rf.18f1ef3c392597ec43697f41a4717d20_night.txt,site,minitruck/mining-truck-v1.4,ya,-,2
train,2025-02-06_17-44_MT_ITH_08_cr2_debug_jpg.rf.3fbc35dfda18103118c5b3d654c8966d.txt,site,minitruck/mining-truck-v1.4,tidak,-,2
train,2025-02-06_17-44_MT_ITH_08_cr2_debug_jpg.rf.3fbc35dfda18103118c5b3d654c8966d_dup2.txt,site,minitruck/mining-truck-v1.4,tidak,dup2,2
train,2025-02-06_17-44_MT_ITH_08_cr2_debug_jpg.rf.3fbc35dfda18103118c5b3d654c8966d_dup3.txt,site,minitruck/mining-truck-v1.4,tidak,dup3,2
train,2025-02-06_17-44_MT_ITH_08_cr2_debug_jpg.rf.3fbc35dfda18103118c5b3d654c8966d_night.txt,site,minitruck/mining-truck-v1.4,ya,-,2
train,2025-02-06_17-58_MT_ITH_08_cr2_debug_jpg.rf.11e4766e9db918dff6e24dec1b1ab180.txt,site,minitruck/mining-truck-v1.4,tidak,-,2
train,2025-02-06_17-58_MT_ITH_08_cr2_debug_jpg.rf.11e4766e9db918dff6e24dec1b1ab180_dup2.txt,site,minitruck/mining-truck-v1.4,tidak,dup2,2
train,2025-02-06_17-58_MT_ITH_08_cr2_debug_jpg.rf.11e4766e9db918dff6e24dec1b1ab180_dup3.txt,site,minitruck/mining-truck-v1.4,tidak,dup3,2
train,2025-02-06_17-58_MT_ITH_08_cr2_debug_jpg.rf.11e4766e9db918dff6e24dec1b1ab180_night.txt,site,minitruck/mining-truck-v1.4,ya,-,2
train,2025-02-06_18-03_MT_ITH_03_cr2_debug_jpg.rf.3112d3eb8c06d80e7be332c74ed97787.txt,site,minitruck/mining-truck-v1.4,tidak,-,2
train,2025-02-06_18-03_MT_ITH_03_cr2_debug_jpg.rf.3112d3eb8c06d80e7be332c74ed97787_dup2.txt,site,minitruck/mining-truck-v1.4,tidak,dup2,2
train,2025-02-06_18-03_MT_ITH_03_cr2_debug_jpg.rf.3112d3eb8c06d80e7be332c74ed97787_dup3.txt,site,minitruck/mining-truck-v1.4,tidak,dup3,2
train,2025-02-06_18-03_MT_ITH_03_cr2_debug_jpg.rf.3112d3eb8c06d80e7be332c74ed97787_night.txt,site,minitruck/mining-truck-v1.4,ya,-,2
train,2025-02-06_18-12_MT_ITH_08_cr2_debug_jpg.rf.465ccfcaf071f8fffa70694d41fe5c77.txt,site,minitruck/mining-truck-v1.4,tidak,-,2
train,2025-02-06_18-12_MT_ITH_08_cr2_debug_jpg.rf.465ccfcaf071f8fffa70694d41fe5c77_dup2.txt,site,minitruck/mining-truck-v1.4,tidak,dup2,2
train,2025-02-06_18-12_MT_ITH_08_cr2_debug_jpg.rf.465ccfcaf071f8fffa70694d41fe5c77_dup3.txt,site,minitruck/mining-truck-v1.4,tidak,dup3,2
train,2025-02-06_18-12_MT_ITH_08_cr2_debug_jpg.rf.465ccfcaf071f8fffa70694d41fe5c77_night.txt,site,minitruck/mining-truck-v1.4,ya,-,2
train,2025-02-08_02-35_MT_ITH_08_cr2_debug_jpg.rf.a633bd6451d871af556bb66aeb602786.txt,site,minitruck/mining-truck-v1.4,tidak,-,2
train,2025-02-08_02-35_MT_ITH_08_cr2_debug_jpg.rf.a633bd6451d871af556bb66aeb602786_dup2.txt,site,minitruck/mining-truck-v1.4,tidak,dup2,2
train,2025-02-08_02-35_MT_ITH_08_cr2_debug_jpg.rf.a633bd6451d871af556bb66aeb602786_dup3.txt,site,minitruck/mining-truck-v1.4,tidak,dup3,2
train,2025-02-08_02-35_MT_ITH_08_cr2_debug_jpg.rf.a633bd6451d871af556bb66aeb602786_night.txt,site,minitruck/mining-truck-v1.4,ya,-,2
train,2025-02-08_06-56_MT_ITH_08_cr2_debug_jpg.rf.29bc92871cd5d68e1dd5a030aa08cfc9.txt,site,minitruck/mining-truck-v1.4,tidak,-,2
train,2025-02-08_06-56_MT_ITH_08_cr2_debug_jpg.rf.29bc92871cd5d68e1dd5a030aa08cfc9_dup2.txt,site,minitruck/mining-truck-v1.4,tidak,dup2,2
train,2025-02-08_06-56_MT_ITH_08_cr2_debug_jpg.rf.29bc92871cd5d68e1dd5a030aa08cfc9_dup3.txt,site,minitruck/mining-truck-v1.4,tidak,dup3,2
train,2025-02-08_06-56_MT_ITH_08_cr2_debug_jpg.rf.29bc92871cd5d68e1dd5a030aa08cfc9_night.txt,site,minitruck/mining-truck-v1.4,ya,-,2
train,2025-02-08_07-02_MT_ITH_08_cr2_debug_jpg.rf.58543f9e53f7c02e98f78e3981bd4737.txt,site,minitruck/mining-truck-v1.4,tidak,-,2
train,2025-02-08_07-02_MT_ITH_08_cr2_debug_jpg.rf.58543f9e53f7c02e98f78e3981bd4737_dup2.txt,site,minitruck/mining-truck-v1.4,tidak,dup2,2
train,2025-02-08_07-02_MT_ITH_08_cr2_debug_jpg.rf.58543f9e53f7c02e98f78e3981bd4737_dup3.txt,site,minitruck/mining-truck-v1.4,tidak,dup3,2
train,2025-02-08_07-02_MT_ITH_08_cr2_debug_jpg.rf.58543f9e53f7c02e98f78e3981bd4737_night.txt,site,minitruck/mining-truck-v1.4,ya,-,2
train,2025-02-08_07-08_MT_ITH_08_cr2_debug_jpg.rf.36b1921ad5e6d6d4f0f9c522274ee17f.txt,site,minitruck/mining-truck-v1.4,tidak,-,2
train,2025-02-08_07-08_MT_ITH_08_cr2_debug_jpg.rf.36b1921ad5e6d6d4f0f9c522274ee17f_dup2.txt,site,minitruck/mining-truck-v1.4,tidak,dup2,2
train,2025-02-08_07-08_MT_ITH_08_cr2_debug_jpg.rf.36b1921ad5e6d6d4f0f9c522274ee17f_dup3.txt,site,minitruck/mining-truck-v1.4,tidak,dup3,2
train,2025-02-08_07-08_MT_ITH_08_cr2_debug_jpg.rf.36b1921ad5e6d6d4f0f9c522274ee17f_night.txt,site,minitruck/mining-truck-v1.4,ya,-,2
train,2025-02-08_14-34_MT_ITH_08_cr2_debug_jpg.rf.b344a21f645d51d7197ab32b6ced7438.txt,site,minitruck/mining-truck-v1.4,tidak,-,2
train,2025-02-08_14-34_MT_ITH_08_cr2_debug_jpg.rf.b344a21f645d51d7197ab32b6ced7438_dup2.txt,site,minitruck/mining-truck-v1.4,tidak,dup2,2
train,2025-02-08_14-34_MT_ITH_08_cr2_debug_jpg.rf.b344a21f645d51d7197ab32b6ced7438_dup3.txt,site,minitruck/mining-truck-v1.4,tidak,dup3,2
train,2025-02-08_14-34_MT_ITH_08_cr2_debug_jpg.rf.b344a21f645d51d7197ab32b6ced7438_night.txt,site,minitruck/mining-truck-v1.4,ya,-,2
train,2025-02-09_07-56_MT_ITH_03_cr2_debug_jpg.rf.b6d506abdb385b079f13688e61cf7ab4.txt,site,minitruck/mining-truck-v1.4,tidak,-,2
train,2025-02-09_07-56_MT_ITH_03_cr2_debug_jpg.rf.b6d506abdb385b079f13688e61cf7ab4_dup2.txt,site,minitruck/mining-truck-v1.4,tidak,dup2,2
train,2025-02-09_07-56_MT_ITH_03_cr2_debug_jpg.rf.b6d506abdb385b079f13688e61cf7ab4_dup3.txt,site,minitruck/mining-truck-v1.4,tidak,dup3,2
train,2025-02-09_07-56_MT_ITH_03_cr2_debug_jpg.rf.b6d506abdb385b079f13688e61cf7ab4_night.txt,site,minitruck/mining-truck-v1.4,ya,-,2
train,2025-02-09_09-07_MT_ITH_03_cr2_debug_jpg.rf.f86a3d5d0757ae3be9c453885cb0c9c5.txt,site,minitruck/mining-truck-v1.4,tidak,-,2
train,2025-02-09_09-07_MT_ITH_03_cr2_debug_jpg.rf.f86a3d5d0757ae3be9c453885cb0c9c5_dup2.txt,site,minitruck/mining-truck-v1.4,tidak,dup2,2
train,2025-02-09_09-07_MT_ITH_03_cr2_debug_jpg.rf.f86a3d5d0757ae3be9c453885cb0c9c5_dup3.txt,site,minitruck/mining-truck-v1.4,tidak,dup3,2
train,2025-02-09_09-07_MT_ITH_03_cr2_debug_jpg.rf.f86a3d5d0757ae3be9c453885cb0c9c5_night.txt,site,minitruck/mining-truck-v1.4,ya,-,2
train,2025-02-09_10-36_MT_ITH_05_cr2_debug_jpg.rf.dbdbe5db66d802c300859b3d5259f2ae.txt,site,minitruck/mining-truck-v1.4,tidak,-,2
train,2025-02-09_10-36_MT_ITH_05_cr2_debug_jpg.rf.dbdbe5db66d802c300859b3d5259f2ae_dup2.txt,site,minitruck/mining-truck-v1.4,tidak,dup2,2
train,2025-02-09_10-36_MT_ITH_05_cr2_debug_jpg.rf.dbdbe5db66d802c300859b3d5259f2ae_dup3.txt,site,minitruck/mining-truck-v1.4,tidak,dup3,2
train,2025-02-09_10-36_MT_ITH_05_cr2_debug_jpg.rf.dbdbe5db66d802c300859b3d5259f2ae_night.txt,site,minitruck/mining-truck-v1.4,ya,-,2
train,2025-02-09_13-55_MT_ITH_02_cr2_debug_jpg.rf.f247d3cbee913b813672c767da5ae9c8.txt,site,minitruck/mining-truck-v1.4,tidak,-,2
train,2025-02-09_13-55_MT_ITH_02_cr2_debug_jpg.rf.f247d3cbee913b813672c767da5ae9c8_dup2.txt,site,minitruck/mining-truck-v1.4,tidak,dup2,2
train,2025-02-09_13-55_MT_ITH_02_cr2_debug_jpg.rf.f247d3cbee913b813672c767da5ae9c8_dup3.txt,site,minitruck/mining-truck-v1.4,tidak,dup3,2
train,2025-02-09_13-55_MT_ITH_02_cr2_debug_jpg.rf.f247d3cbee913b813672c767da5ae9c8_night.txt,site,minitruck/mining-truck-v1.4,ya,-,2
train,2025-02-09_14-28_MT_ITH_02_cr2_debug_jpg.rf.f8b347be8fb37af029d1fce824bdfc4d.txt,site,minitruck/mining-truck-v1.4,tidak,-,2
train,2025-02-09_14-28_MT_ITH_02_cr2_debug_jpg.rf.f8b347be8fb37af029d1fce824bdfc4d_dup2.txt,site,minitruck/mining-truck-v1.4,tidak,dup2,2
train,2025-02-09_14-28_MT_ITH_02_cr2_debug_jpg.rf.f8b347be8fb37af029d1fce824bdfc4d_dup3.txt,site,minitruck/mining-truck-v1.4,tidak,dup3,2
train,2025-02-09_14-28_MT_ITH_02_cr2_debug_jpg.rf.f8b347be8fb37af029d1fce824bdfc4d_night.txt,site,minitruck/mining-truck-v1.4,ya,-,2
train,2025-02-09_14-38_MT_ITH_02_cr2_debug_jpg.rf.93a4252124b436d77b89767bde3e4360.txt,site,minitruck/mining-truck-v1.4,tidak,-,2
train,2025-02-09_14-38_MT_ITH_02_cr2_debug_jpg.rf.93a4252124b436d77b89767bde3e4360_dup2.txt,site,minitruck/mining-truck-v1.4,tidak,dup2,2
train,2025-02-09_14-38_MT_ITH_02_cr2_debug_jpg.rf.93a4252124b436d77b89767bde3e4360_dup3.txt,site,minitruck/mining-truck-v1.4,tidak,dup3,2
train,2025-02-09_14-38_MT_ITH_02_cr2_debug_jpg.rf.93a4252124b436d77b89767bde3e4360_night.txt,site,minitruck/mining-truck-v1.4,ya,-,2
train,2025-02-09_14-54_MT_ITH_02_cr2_debug_jpg.rf.fcb9a66bd3f14f9677d7e4970f8eb028.txt,site,minitruck/mining-truck-v1.4,tidak,-,2
train,2025-02-09_14-54_MT_ITH_02_cr2_debug_jpg.rf.fcb9a66bd3f14f9677d7e4970f8eb028_dup2.txt,site,minitruck/mining-truck-v1.4,tidak,dup2,2
train,2025-02-09_14-54_MT_ITH_02_cr2_debug_jpg.rf.fcb9a66bd3f14f9677d7e4970f8eb028_dup3.txt,site,minitruck/mining-truck-v1.4,tidak,dup3,2
train,2025-02-09_14-54_MT_ITH_02_cr2_debug_jpg.rf.fcb9a66bd3f14f9677d7e4970f8eb028_night.txt,site,minitruck/mining-truck-v1.4,ya,-,2
train,2025-02-09_15-00_MT_ITH_02_cr2_debug_jpg.rf.e668e5eb42178ac9ecac0c3d70d0588e.txt,site,minitruck/mining-truck-v1.4,tidak,-,2
train,2025-02-09_15-00_MT_ITH_02_cr2_debug_jpg.rf.e668e5eb42178ac9ecac0c3d70d0588e_dup2.txt,site,minitruck/mining-truck-v1.4,tidak,dup2,2
train,2025-02-09_15-00_MT_ITH_02_cr2_debug_jpg.rf.e668e5eb42178ac9ecac0c3d70d0588e_dup3.txt,site,minitruck/mining-truck-v1.4,tidak,dup3,2
train,2025-02-09_15-00_MT_ITH_02_cr2_debug_jpg.rf.e668e5eb42178ac9ecac0c3d70d0588e_night.txt,site,minitruck/mining-truck-v1.4,ya,-,2
train,2025-02-09_15-07_MT_ITH_02_cr2_debug_jpg.rf.430afe614011ccb7a6061a227fb5f759.txt,site,minitruck/mining-truck-v1.4,tidak,-,2
train,2025-02-09_15-07_MT_ITH_02_cr2_debug_jpg.rf.430afe614011ccb7a6061a227fb5f759_dup2.txt,site,minitruck/mining-truck-v1.4,tidak,dup2,2
train,2025-02-09_15-07_MT_ITH_02_cr2_debug_jpg.rf.430afe614011ccb7a6061a227fb5f759_dup3.txt,site,minitruck/mining-truck-v1.4,tidak,dup3,2
train,2025-02-09_15-07_MT_ITH_02_cr2_debug_jpg.rf.430afe614011ccb7a6061a227fb5f759_night.txt,site,minitruck/mining-truck-v1.4,ya,-,2
train,2025-02-09_15-44_MT_ITH_05_cr2_debug_jpg.rf.c57151fadd07629cefa997efbc6ba2c4.txt,site,minitruck/mining-truck-v1.4,tidak,-,2
train,2025-02-09_15-44_MT_ITH_05_cr2_debug_jpg.rf.c57151fadd07629cefa997efbc6ba2c4_dup2.txt,site,minitruck/mining-truck-v1.4,tidak,dup2,2
train,2025-02-09_15-44_MT_ITH_05_cr2_debug_jpg.rf.c57151fadd07629cefa997efbc6ba2c4_dup3.txt,site,minitruck/mining-truck-v1.4,tidak,dup3,2
train,2025-02-09_15-44_MT_ITH_05_cr2_debug_jpg.rf.c57151fadd07629cefa997efbc6ba2c4_night.txt,site,minitruck/mining-truck-v1.4,ya,-,2
train,2025-02-09_16-01_MT_ITH_02_cr2_debug_jpg.rf.6124453b372974521e5fd9a9ea324e4a.txt,site,minitruck/mining-truck-v1.4,tidak,-,2
train,2025-02-09_16-01_MT_ITH_02_cr2_debug_jpg.rf.6124453b372974521e5fd9a9ea324e4a_dup2.txt,site,minitruck/mining-truck-v1.4,tidak,dup2,2
train,2025-02-09_16-01_MT_ITH_02_cr2_debug_jpg.rf.6124453b372974521e5fd9a9ea324e4a_dup3.txt,site,minitruck/mining-truck-v1.4,tidak,dup3,2
train,2025-02-09_16-01_MT_ITH_02_cr2_debug_jpg.rf.6124453b372974521e5fd9a9ea324e4a_night.txt,site,minitruck/mining-truck-v1.4,ya,-,2
train,2025-02-09_16-06_MT_ITH_02_cr2_debug_jpg.rf.5fd1f5d4eaa5bf4a633394de9ec5fadd.txt,site,minitruck/mining-truck-v1.4,tidak,-,2
train,2025-02-09_16-06_MT_ITH_02_cr2_debug_jpg.rf.5fd1f5d4eaa5bf4a633394de9ec5fadd_dup2.txt,site,minitruck/mining-truck-v1.4,tidak,dup2,2
train,2025-02-09_16-06_MT_ITH_02_cr2_debug_jpg.rf.5fd1f5d4eaa5bf4a633394de9ec5fadd_dup3.txt,site,minitruck/mining-truck-v1.4,tidak,dup3,2
train,2025-02-09_16-06_MT_ITH_02_cr2_debug_jpg.rf.5fd1f5d4eaa5bf4a633394de9ec5fadd_night.txt,site,minitruck/mining-truck-v1.4,ya,-,2
train,2025-02-09_16-14_MT_ITH_02_cr2_debug_jpg.rf.4ed1b094d8bb42db3fa90126d784add3.txt,site,minitruck/mining-truck-v1.4,tidak,-,2
train,2025-02-09_16-14_MT_ITH_02_cr2_debug_jpg.rf.4ed1b094d8bb42db3fa90126d784add3_dup2.txt,site,minitruck/mining-truck-v1.4,tidak,dup2,2
train,2025-02-09_16-14_MT_ITH_02_cr2_debug_jpg.rf.4ed1b094d8bb42db3fa90126d784add3_dup3.txt,site,minitruck/mining-truck-v1.4,tidak,dup3,2
train,2025-02-09_16-14_MT_ITH_02_cr2_debug_jpg.rf.4ed1b094d8bb42db3fa90126d784add3_night.txt,site,minitruck/mining-truck-v1.4,ya,-,2
train,2025-02-09_16-22_MT_ITH_02_cr2_debug_jpg.rf.32c08320e0603cdf15421af77842b7e8.txt,site,minitruck/mining-truck-v1.4,tidak,-,2
train,2025-02-09_16-22_MT_ITH_02_cr2_debug_jpg.rf.32c08320e0603cdf15421af77842b7e8_dup2.txt,site,minitruck/mining-truck-v1.4,tidak,dup2,2
train,2025-02-09_16-22_MT_ITH_02_cr2_debug_jpg.rf.32c08320e0603cdf15421af77842b7e8_dup3.txt,site,minitruck/mining-truck-v1.4,tidak,dup3,2
train,2025-02-09_16-22_MT_ITH_02_cr2_debug_jpg.rf.32c08320e0603cdf15421af77842b7e8_night.txt,site,minitruck/mining-truck-v1.4,ya,-,2
train,2025-02-09_16-46_MT_ITH_02_cr2_debug_jpg.rf.6b3d36f75b18ea460d835af6f1a61628.txt,site,minitruck/mining-truck-v1.4,tidak,-,2
train,2025-02-09_16-46_MT_ITH_02_cr2_debug_jpg.rf.6b3d36f75b18ea460d835af6f1a61628_dup2.txt,site,minitruck/mining-truck-v1.4,tidak,dup2,2
train,2025-02-09_16-46_MT_ITH_02_cr2_debug_jpg.rf.6b3d36f75b18ea460d835af6f1a61628_dup3.txt,site,minitruck/mining-truck-v1.4,tidak,dup3,2
train,2025-02-09_16-46_MT_ITH_02_cr2_debug_jpg.rf.6b3d36f75b18ea460d835af6f1a61628_night.txt,site,minitruck/mining-truck-v1.4,ya,-,2
train,2025-02-09_16-51_MT_ITH_02_cr2_debug_jpg.rf.4987a2e94bc59f4223ca1c9fdcdbc35a.txt,site,minitruck/mining-truck-v1.4,tidak,-,2
train,2025-02-09_16-51_MT_ITH_02_cr2_debug_jpg.rf.4987a2e94bc59f4223ca1c9fdcdbc35a_dup2.txt,site,minitruck/mining-truck-v1.4,tidak,dup2,2
train,2025-02-09_16-51_MT_ITH_02_cr2_debug_jpg.rf.4987a2e94bc59f4223ca1c9fdcdbc35a_dup3.txt,site,minitruck/mining-truck-v1.4,tidak,dup3,2
train,2025-02-09_16-51_MT_ITH_02_cr2_debug_jpg.rf.4987a2e94bc59f4223ca1c9fdcdbc35a_night.txt,site,minitruck/mining-truck-v1.4,ya,-,2
train,2025-02-09_16-57_MT_ITH_02_cr2_debug_jpg.rf.d329125c57d2c6a6bc50c20cdc05af19.txt,site,minitruck/mining-truck-v1.4,tidak,-,2
train,2025-02-09_16-57_MT_ITH_02_cr2_debug_jpg.rf.d329125c57d2c6a6bc50c20cdc05af19_dup2.txt,site,minitruck/mining-truck-v1.4,tidak,dup2,2
train,2025-02-09_16-57_MT_ITH_02_cr2_debug_jpg.rf.d329125c57d2c6a6bc50c20cdc05af19_dup3.txt,site,minitruck/mining-truck-v1.4,tidak,dup3,2
train,2025-02-09_16-57_MT_ITH_02_cr2_debug_jpg.rf.d329125c57d2c6a6bc50c20cdc05af19_night.txt,site,minitruck/mining-truck-v1.4,ya,-,2
train,2025-02-09_17-06_MT_ITH_02_cr2_debug_jpg.rf.cea5eee2d43d572acb9e73db27c13e51.txt,site,minitruck/mining-truck-v1.4,tidak,-,2
train,2025-02-09_17-06_MT_ITH_02_cr2_debug_jpg.rf.cea5eee2d43d572acb9e73db27c13e51_dup2.txt,site,minitruck/mining-truck-v1.4,tidak,dup2,2
train,2025-02-09_17-06_MT_ITH_02_cr2_debug_jpg.rf.cea5eee2d43d572acb9e73db27c13e51_dup3.txt,site,minitruck/mining-truck-v1.4,tidak,dup3,2
train,2025-02-09_17-06_MT_ITH_02_cr2_debug_jpg.rf.cea5eee2d43d572acb9e73db27c13e51_night.txt,site,minitruck/mining-truck-v1.4,ya,-,2
train,2025-02-09_17-13_MT_ITH_02_cr2_debug_jpg.rf.1e9b9ee0078bf00b55af482804acbb92.txt,site,minitruck/mining-truck-v1.4,tidak,-,2
train,2025-02-09_17-13_MT_ITH_02_cr2_debug_jpg.rf.1e9b9ee0078bf00b55af482804acbb92_dup2.txt,site,minitruck/mining-truck-v1.4,tidak,dup2,2
train,2025-02-09_17-13_MT_ITH_02_cr2_debug_jpg.rf.1e9b9ee0078bf00b55af482804acbb92_dup3.txt,site,minitruck/mining-truck-v1.4,tidak,dup3,2
train,2025-02-09_17-13_MT_ITH_02_cr2_debug_jpg.rf.1e9b9ee0078bf00b55af482804acbb92_night.txt,site,minitruck/mining-truck-v1.4,ya,-,2
train,2025-02-09_17-33_MT_ITH_02_cr2_debug_jpg.rf.d023e0368b141baa5d5409ac775ddc42.txt,site,minitruck/mining-truck-v1.4,tidak,-,2
train,2025-02-09_17-33_MT_ITH_02_cr2_debug_jpg.rf.d023e0368b141baa5d5409ac775ddc42_dup2.txt,site,minitruck/mining-truck-v1.4,tidak,dup2,2
train,2025-02-09_17-33_MT_ITH_02_cr2_debug_jpg.rf.d023e0368b141baa5d5409ac775ddc42_dup3.txt,site,minitruck/mining-truck-v1.4,tidak,dup3,2
train,2025-02-09_17-33_MT_ITH_02_cr2_debug_jpg.rf.d023e0368b141baa5d5409ac775ddc42_night.txt,site,minitruck/mining-truck-v1.4,ya,-,2
train,2025-02-09_17-38_MT_ITH_02_cr2_debug_jpg.rf.d83dae488254e4f33f5f3ee24e4541b3.txt,site,minitruck/mining-truck-v1.4,tidak,-,2
train,2025-02-09_17-38_MT_ITH_02_cr2_debug_jpg.rf.d83dae488254e4f33f5f3ee24e4541b3_dup2.txt,site,minitruck/mining-truck-v1.4,tidak,dup2,2
train,2025-02-09_17-38_MT_ITH_02_cr2_debug_jpg.rf.d83dae488254e4f33f5f3ee24e4541b3_dup3.txt,site,minitruck/mining-truck-v1.4,tidak,dup3,2
train,2025-02-09_17-38_MT_ITH_02_cr2_debug_jpg.rf.d83dae488254e4f33f5f3ee24e4541b3_night.txt,site,minitruck/mining-truck-v1.4,ya,-,2
train,2025-02-09_17-44_MT_ITH_02_cr2_debug_jpg.rf.479f62dd9ffba580e7d71b649c95f921.txt,site,minitruck/mining-truck-v1.4,tidak,-,2
train,2025-02-09_17-44_MT_ITH_02_cr2_debug_jpg.rf.479f62dd9ffba580e7d71b649c95f921_dup2.txt,site,minitruck/mining-truck-v1.4,tidak,dup2,2
train,2025-02-09_17-44_MT_ITH_02_cr2_debug_jpg.rf.479f62dd9ffba580e7d71b649c95f921_dup3.txt,site,minitruck/mining-truck-v1.4,tidak,dup3,2
train,2025-02-09_17-44_MT_ITH_02_cr2_debug_jpg.rf.479f62dd9ffba580e7d71b649c95f921_night.txt,site,minitruck/mining-truck-v1.4,ya,-,2
train,2025-02-09_17-56_MT_ITH_02_cr2_debug_jpg.rf.7620d9b383d908e6dd2faa91d20b477d.txt,site,minitruck/mining-truck-v1.4,tidak,-,1
train,2025-02-09_17-56_MT_ITH_02_cr2_debug_jpg.rf.7620d9b383d908e6dd2faa91d20b477d_dup2.txt,site,minitruck/mining-truck-v1.4,tidak,dup2,1
train,2025-02-09_17-56_MT_ITH_02_cr2_debug_jpg.rf.7620d9b383d908e6dd2faa91d20b477d_dup3.txt,site,minitruck/mining-truck-v1.4,tidak,dup3,1
train,2025-02-09_17-56_MT_ITH_02_cr2_debug_jpg.rf.7620d9b383d908e6dd2faa91d20b477d_night.txt,site,minitruck/mining-truck-v1.4,ya,-,1
train,2025-02-09_18-01_MT_ITH_02_cr2_debug_jpg.rf.0f205ebbf00766456da33420f9983d03.txt,site,minitruck/mining-truck-v1.4,tidak,-,2
train,2025-02-09_18-01_MT_ITH_02_cr2_debug_jpg.rf.0f205ebbf00766456da33420f9983d03_dup2.txt,site,minitruck/mining-truck-v1.4,tidak,dup2,2
train,2025-02-09_18-01_MT_ITH_02_cr2_debug_jpg.rf.0f205ebbf00766456da33420f9983d03_dup3.txt,site,minitruck/mining-truck-v1.4,tidak,dup3,2
train,2025-02-09_18-01_MT_ITH_02_cr2_debug_jpg.rf.0f205ebbf00766456da33420f9983d03_night.txt,site,minitruck/mining-truck-v1.4,ya,-,2
train,2025-02-09_18-09_MT_ITH_02_cr2_debug_jpg.rf.82a0d6f8f730efe5bbd5dd95e1fe48eb.txt,site,minitruck/mining-truck-v1.4,tidak,-,2
train,2025-02-09_18-09_MT_ITH_02_cr2_debug_jpg.rf.82a0d6f8f730efe5bbd5dd95e1fe48eb_dup2.txt,site,minitruck/mining-truck-v1.4,tidak,dup2,2
train,2025-02-09_18-09_MT_ITH_02_cr2_debug_jpg.rf.82a0d6f8f730efe5bbd5dd95e1fe48eb_dup3.txt,site,minitruck/mining-truck-v1.4,tidak,dup3,2
train,2025-02-09_18-09_MT_ITH_02_cr2_debug_jpg.rf.82a0d6f8f730efe5bbd5dd95e1fe48eb_night.txt,site,minitruck/mining-truck-v1.4,ya,-,2
train,2025-02-20_15-07_MT_ITH_02_cr2_debug_jpg.rf.a7afda407f7ff0d1ada7bd500aa87e0f.txt,site,minitruck/mining-truck-v1.4,tidak,-,2
train,2025-02-20_15-07_MT_ITH_02_cr2_debug_jpg.rf.a7afda407f7ff0d1ada7bd500aa87e0f_dup2.txt,site,minitruck/mining-truck-v1.4,tidak,dup2,2
train,2025-02-20_15-07_MT_ITH_02_cr2_debug_jpg.rf.a7afda407f7ff0d1ada7bd500aa87e0f_dup3.txt,site,minitruck/mining-truck-v1.4,tidak,dup3,2
train,2025-02-20_15-07_MT_ITH_02_cr2_debug_jpg.rf.a7afda407f7ff0d1ada7bd500aa87e0f_night.txt,site,minitruck/mining-truck-v1.4,ya,-,2
train,2025-02-20_15-13_MT_ITH_02_cr2_debug_jpg.rf.1c7b3f7c07b978221bd53a9daeff1b41.txt,site,minitruck/mining-truck-v1.4,tidak,-,2
train,2025-02-20_15-13_MT_ITH_02_cr2_debug_jpg.rf.1c7b3f7c07b978221bd53a9daeff1b41_dup2.txt,site,minitruck/mining-truck-v1.4,tidak,dup2,2
train,2025-02-20_15-13_MT_ITH_02_cr2_debug_jpg.rf.1c7b3f7c07b978221bd53a9daeff1b41_dup3.txt,site,minitruck/mining-truck-v1.4,tidak,dup3,2
train,2025-02-20_15-13_MT_ITH_02_cr2_debug_jpg.rf.1c7b3f7c07b978221bd53a9daeff1b41_night.txt,site,minitruck/mining-truck-v1.4,ya,-,2
train,2025-02-20_15-20_MT_ITH_02_cr2_debug_jpg.rf.a9be1020b11dfae9aa9ba294ea58693f.txt,site,minitruck/mining-truck-v1.4,tidak,-,2
train,2025-02-20_15-20_MT_ITH_02_cr2_debug_jpg.rf.a9be1020b11dfae9aa9ba294ea58693f_dup2.txt,site,minitruck/mining-truck-v1.4,tidak,dup2,2
train,2025-02-20_15-20_MT_ITH_02_cr2_debug_jpg.rf.a9be1020b11dfae9aa9ba294ea58693f_dup3.txt,site,minitruck/mining-truck-v1.4,tidak,dup3,2
train,2025-02-20_15-20_MT_ITH_02_cr2_debug_jpg.rf.a9be1020b11dfae9aa9ba294ea58693f_night.txt,site,minitruck/mining-truck-v1.4,ya,-,2
train,2025-02-20_15-30_MT_ITH_02_cr2_debug_jpg.rf.7ce3d9385a437413b18768057d4ff311.txt,site,minitruck/mining-truck-v1.4,tidak,-,2
train,2025-02-20_15-30_MT_ITH_02_cr2_debug_jpg.rf.7ce3d9385a437413b18768057d4ff311_dup2.txt,site,minitruck/mining-truck-v1.4,tidak,dup2,2
train,2025-02-20_15-30_MT_ITH_02_cr2_debug_jpg.rf.7ce3d9385a437413b18768057d4ff311_dup3.txt,site,minitruck/mining-truck-v1.4,tidak,dup3,2
train,2025-02-20_15-30_MT_ITH_02_cr2_debug_jpg.rf.7ce3d9385a437413b18768057d4ff311_night.txt,site,minitruck/mining-truck-v1.4,ya,-,2
train,2025-02-20_15-35_MT_ITH_02_cr2_debug_jpg.rf.e73bb9557dba37defc86e8f8c7b370cc.txt,site,minitruck/mining-truck-v1.4,tidak,-,2
train,2025-02-20_15-35_MT_ITH_02_cr2_debug_jpg.rf.e73bb9557dba37defc86e8f8c7b370cc_dup2.txt,site,minitruck/mining-truck-v1.4,tidak,dup2,2
train,2025-02-20_15-35_MT_ITH_02_cr2_debug_jpg.rf.e73bb9557dba37defc86e8f8c7b370cc_dup3.txt,site,minitruck/mining-truck-v1.4,tidak,dup3,2
train,2025-02-20_15-35_MT_ITH_02_cr2_debug_jpg.rf.e73bb9557dba37defc86e8f8c7b370cc_night.txt,site,minitruck/mining-truck-v1.4,ya,-,2
train,2025-02-20_15-42_MT_ITH_09_cr2_debug_jpg.rf.6a84cfb91eba44852ff11bd122a73e5e.txt,site,minitruck/mining-truck-v1.4,tidak,-,2
train,2025-02-20_15-42_MT_ITH_09_cr2_debug_jpg.rf.6a84cfb91eba44852ff11bd122a73e5e_dup2.txt,site,minitruck/mining-truck-v1.4,tidak,dup2,2
train,2025-02-20_15-42_MT_ITH_09_cr2_debug_jpg.rf.6a84cfb91eba44852ff11bd122a73e5e_dup3.txt,site,minitruck/mining-truck-v1.4,tidak,dup3,2
train,2025-02-20_15-42_MT_ITH_09_cr2_debug_jpg.rf.6a84cfb91eba44852ff11bd122a73e5e_night.txt,site,minitruck/mining-truck-v1.4,ya,-,2
train,2025-02-20_16-00_MT_ITH_03_cr2_debug_jpg.rf.a922856f2711594531a698ce50486eda.txt,site,minitruck/mining-truck-v1.4,tidak,-,2
train,2025-02-20_16-00_MT_ITH_03_cr2_debug_jpg.rf.a922856f2711594531a698ce50486eda_dup2.txt,site,minitruck/mining-truck-v1.4,tidak,dup2,2
train,2025-02-20_16-00_MT_ITH_03_cr2_debug_jpg.rf.a922856f2711594531a698ce50486eda_dup3.txt,site,minitruck/mining-truck-v1.4,tidak,dup3,2
train,2025-02-20_16-00_MT_ITH_03_cr2_debug_jpg.rf.a922856f2711594531a698ce50486eda_night.txt,site,minitruck/mining-truck-v1.4,ya,-,2
train,2025-02-20_16-02_MT_ITH_02_cr2_debug_jpg.rf.a603889c0ef9ab8f76cc752ca10a3316.txt,site,minitruck/mining-truck-v1.4,tidak,-,2
train,2025-02-20_16-02_MT_ITH_02_cr2_debug_jpg.rf.a603889c0ef9ab8f76cc752ca10a3316_dup2.txt,site,minitruck/mining-truck-v1.4,tidak,dup2,2
train,2025-02-20_16-02_MT_ITH_02_cr2_debug_jpg.rf.a603889c0ef9ab8f76cc752ca10a3316_dup3.txt,site,minitruck/mining-truck-v1.4,tidak,dup3,2
train,2025-02-20_16-02_MT_ITH_02_cr2_debug_jpg.rf.a603889c0ef9ab8f76cc752ca10a3316_night.txt,site,minitruck/mining-truck-v1.4,ya,-,2
train,2025-02-20_16-11_MT_ITH_02_cr2_debug_jpg.rf.c5054a99a0e7b95bac95bd20d064010b.txt,site,minitruck/mining-truck-v1.4,tidak,-,2
train,2025-02-20_16-11_MT_ITH_02_cr2_debug_jpg.rf.c5054a99a0e7b95bac95bd20d064010b_dup2.txt,site,minitruck/mining-truck-v1.4,tidak,dup2,2
train,2025-02-20_16-11_MT_ITH_02_cr2_debug_jpg.rf.c5054a99a0e7b95bac95bd20d064010b_dup3.txt,site,minitruck/mining-truck-v1.4,tidak,dup3,2
train,2025-02-20_16-11_MT_ITH_02_cr2_debug_jpg.rf.c5054a99a0e7b95bac95bd20d064010b_night.txt,site,minitruck/mining-truck-v1.4,ya,-,2
train,2025-02-20_16-22_MT_ITH_02_cr2_debug_jpg.rf.38bbc2f69d8e3c4c29efd681fec7ec00.txt,site,minitruck/mining-truck-v1.4,tidak,-,2
train,2025-02-20_16-22_MT_ITH_02_cr2_debug_jpg.rf.38bbc2f69d8e3c4c29efd681fec7ec00_dup2.txt,site,minitruck/mining-truck-v1.4,tidak,dup2,2
train,2025-02-20_16-22_MT_ITH_02_cr2_debug_jpg.rf.38bbc2f69d8e3c4c29efd681fec7ec00_dup3.txt,site,minitruck/mining-truck-v1.4,tidak,dup3,2
train,2025-02-20_16-22_MT_ITH_02_cr2_debug_jpg.rf.38bbc2f69d8e3c4c29efd681fec7ec00_night.txt,site,minitruck/mining-truck-v1.4,ya,-,2
train,2025-02-20_16-29_MT_ITH_02_cr2_debug_jpg.rf.cbb887dc07ea987d7feabf9014328e1f.txt,site,minitruck/mining-truck-v1.4,tidak,-,2
train,2025-02-20_16-29_MT_ITH_02_cr2_debug_jpg.rf.cbb887dc07ea987d7feabf9014328e1f_dup2.txt,site,minitruck/mining-truck-v1.4,tidak,dup2,2
train,2025-02-20_16-29_MT_ITH_02_cr2_debug_jpg.rf.cbb887dc07ea987d7feabf9014328e1f_dup3.txt,site,minitruck/mining-truck-v1.4,tidak,dup3,2
train,2025-02-20_16-29_MT_ITH_02_cr2_debug_jpg.rf.cbb887dc07ea987d7feabf9014328e1f_night.txt,site,minitruck/mining-truck-v1.4,ya,-,2
train,2025-02-20_16-40_MT_ITH_02_cr2_debug_jpg.rf.39dc2a2006ce0976390df03fcc478ed4.txt,site,minitruck/mining-truck-v1.4,tidak,-,2
train,2025-02-20_16-40_MT_ITH_02_cr2_debug_jpg.rf.39dc2a2006ce0976390df03fcc478ed4_dup2.txt,site,minitruck/mining-truck-v1.4,tidak,dup2,2
train,2025-02-20_16-40_MT_ITH_02_cr2_debug_jpg.rf.39dc2a2006ce0976390df03fcc478ed4_dup3.txt,site,minitruck/mining-truck-v1.4,tidak,dup3,2
train,2025-02-20_16-40_MT_ITH_02_cr2_debug_jpg.rf.39dc2a2006ce0976390df03fcc478ed4_night.txt,site,minitruck/mining-truck-v1.4,ya,-,2
train,2025-02-20_16-45_MT_ITH_03_cr2_debug_jpg.rf.1c727ef95e7200257055d4d946d41c90.txt,site,minitruck/mining-truck-v1.4,tidak,-,2
train,2025-02-20_16-45_MT_ITH_03_cr2_debug_jpg.rf.1c727ef95e7200257055d4d946d41c90_dup2.txt,site,minitruck/mining-truck-v1.4,tidak,dup2,2
train,2025-02-20_16-45_MT_ITH_03_cr2_debug_jpg.rf.1c727ef95e7200257055d4d946d41c90_dup3.txt,site,minitruck/mining-truck-v1.4,tidak,dup3,2
train,2025-02-20_16-45_MT_ITH_03_cr2_debug_jpg.rf.1c727ef95e7200257055d4d946d41c90_night.txt,site,minitruck/mining-truck-v1.4,ya,-,2
train,2025-02-20_16-49_MT_ITH_02_cr2_debug_jpg.rf.f91eb6a88058a874f8d82c09960f3f10.txt,site,minitruck/mining-truck-v1.4,tidak,-,2
train,2025-02-20_16-49_MT_ITH_02_cr2_debug_jpg.rf.f91eb6a88058a874f8d82c09960f3f10_dup2.txt,site,minitruck/mining-truck-v1.4,tidak,dup2,2
train,2025-02-20_16-49_MT_ITH_02_cr2_debug_jpg.rf.f91eb6a88058a874f8d82c09960f3f10_dup3.txt,site,minitruck/mining-truck-v1.4,tidak,dup3,2
train,2025-02-20_16-49_MT_ITH_02_cr2_debug_jpg.rf.f91eb6a88058a874f8d82c09960f3f10_night.txt,site,minitruck/mining-truck-v1.4,ya,-,2
train,2025-02-20_16-54_MT_ITH_02_cr2_debug_jpg.rf.9c0a31aef94ded3d99036bd5647a743f.txt,site,minitruck/mining-truck-v1.4,tidak,-,2
train,2025-02-20_16-54_MT_ITH_02_cr2_debug_jpg.rf.9c0a31aef94ded3d99036bd5647a743f_dup2.txt,site,minitruck/mining-truck-v1.4,tidak,dup2,2
train,2025-02-20_16-54_MT_ITH_02_cr2_debug_jpg.rf.9c0a31aef94ded3d99036bd5647a743f_dup3.txt,site,minitruck/mining-truck-v1.4,tidak,dup3,2
train,2025-02-20_16-54_MT_ITH_02_cr2_debug_jpg.rf.9c0a31aef94ded3d99036bd5647a743f_night.txt,site,minitruck/mining-truck-v1.4,ya,-,2
train,2025-02-20_17-10_MT_ITH_09_cr2_debug_jpg.rf.651840be14df8604576851e05f018f87.txt,site,minitruck/mining-truck-v1.4,tidak,-,2
train,2025-02-20_17-10_MT_ITH_09_cr2_debug_jpg.rf.651840be14df8604576851e05f018f87_dup2.txt,site,minitruck/mining-truck-v1.4,tidak,dup2,2
train,2025-02-20_17-10_MT_ITH_09_cr2_debug_jpg.rf.651840be14df8604576851e05f018f87_dup3.txt,site,minitruck/mining-truck-v1.4,tidak,dup3,2
train,2025-02-20_17-10_MT_ITH_09_cr2_debug_jpg.rf.651840be14df8604576851e05f018f87_night.txt,site,minitruck/mining-truck-v1.4,ya,-,2
train,2025-02-20_17-13_MT_ITH_02_cr2_debug_jpg.rf.c6df3e73975af5dff6bba62a80ea74fc.txt,site,minitruck/mining-truck-v1.4,tidak,-,2
train,2025-02-20_17-13_MT_ITH_02_cr2_debug_jpg.rf.c6df3e73975af5dff6bba62a80ea74fc_dup2.txt,site,minitruck/mining-truck-v1.4,tidak,dup2,2
train,2025-02-20_17-13_MT_ITH_02_cr2_debug_jpg.rf.c6df3e73975af5dff6bba62a80ea74fc_dup3.txt,site,minitruck/mining-truck-v1.4,tidak,dup3,2
train,2025-02-20_17-13_MT_ITH_02_cr2_debug_jpg.rf.c6df3e73975af5dff6bba62a80ea74fc_night.txt,site,minitruck/mining-truck-v1.4,ya,-,2
train,2025-02-20_17-14_MT_ITH_03_cr2_debug_jpg.rf.6241b27192b40670ddd33f3dced021a2.txt,site,minitruck/mining-truck-v1.4,tidak,-,2
train,2025-02-20_17-14_MT_ITH_03_cr2_debug_jpg.rf.6241b27192b40670ddd33f3dced021a2_dup2.txt,site,minitruck/mining-truck-v1.4,tidak,dup2,2
train,2025-02-20_17-14_MT_ITH_03_cr2_debug_jpg.rf.6241b27192b40670ddd33f3dced021a2_dup3.txt,site,minitruck/mining-truck-v1.4,tidak,dup3,2
train,2025-02-20_17-14_MT_ITH_03_cr2_debug_jpg.rf.6241b27192b40670ddd33f3dced021a2_night.txt,site,minitruck/mining-truck-v1.4,ya,-,2
train,2025-02-20_17-17_MT_ITH_02_cr2_debug_jpg.rf.26eec95952951237fbcb3b794ddd2dab.txt,site,minitruck/mining-truck-v1.4,tidak,-,2
train,2025-02-20_17-17_MT_ITH_02_cr2_debug_jpg.rf.26eec95952951237fbcb3b794ddd2dab_dup2.txt,site,minitruck/mining-truck-v1.4,tidak,dup2,2
train,2025-02-20_17-17_MT_ITH_02_cr2_debug_jpg.rf.26eec95952951237fbcb3b794ddd2dab_dup3.txt,site,minitruck/mining-truck-v1.4,tidak,dup3,2
train,2025-02-20_17-17_MT_ITH_02_cr2_debug_jpg.rf.26eec95952951237fbcb3b794ddd2dab_night.txt,site,minitruck/mining-truck-v1.4,ya,-,2
train,2025-02-20_17-21_MT_ITH_02_cr2_debug_jpg.rf.d5a9f3f28060920765448c9adff1529e.txt,site,minitruck/mining-truck-v1.4,tidak,-,2
train,2025-02-20_17-21_MT_ITH_02_cr2_debug_jpg.rf.d5a9f3f28060920765448c9adff1529e_dup2.txt,site,minitruck/mining-truck-v1.4,tidak,dup2,2
train,2025-02-20_17-21_MT_ITH_02_cr2_debug_jpg.rf.d5a9f3f28060920765448c9adff1529e_dup3.txt,site,minitruck/mining-truck-v1.4,tidak,dup3,2
train,2025-02-20_17-21_MT_ITH_02_cr2_debug_jpg.rf.d5a9f3f28060920765448c9adff1529e_night.txt,site,minitruck/mining-truck-v1.4,ya,-,2
train,2025-02-20_17-26_MT_ITH_02_cr2_debug_jpg.rf.34c6ad254e4f8a0d495f59331b4f0417.txt,site,minitruck/mining-truck-v1.4,tidak,-,2
train,2025-02-20_17-26_MT_ITH_02_cr2_debug_jpg.rf.34c6ad254e4f8a0d495f59331b4f0417_dup2.txt,site,minitruck/mining-truck-v1.4,tidak,dup2,2
train,2025-02-20_17-26_MT_ITH_02_cr2_debug_jpg.rf.34c6ad254e4f8a0d495f59331b4f0417_dup3.txt,site,minitruck/mining-truck-v1.4,tidak,dup3,2
train,2025-02-20_17-26_MT_ITH_02_cr2_debug_jpg.rf.34c6ad254e4f8a0d495f59331b4f0417_night.txt,site,minitruck/mining-truck-v1.4,ya,-,2
train,2025-02-20_17-35_MT_ITH_02_cr2_debug_jpg.rf.d4ec13e54ec74c4a2cfa871433a9419b.txt,site,minitruck/mining-truck-v1.4,tidak,-,2
train,2025-02-20_17-35_MT_ITH_02_cr2_debug_jpg.rf.d4ec13e54ec74c4a2cfa871433a9419b_dup2.txt,site,minitruck/mining-truck-v1.4,tidak,dup2,2
train,2025-02-20_17-35_MT_ITH_02_cr2_debug_jpg.rf.d4ec13e54ec74c4a2cfa871433a9419b_dup3.txt,site,minitruck/mining-truck-v1.4,tidak,dup3,2
train,2025-02-20_17-35_MT_ITH_02_cr2_debug_jpg.rf.d4ec13e54ec74c4a2cfa871433a9419b_night.txt,site,minitruck/mining-truck-v1.4,ya,-,2
train,2025-02-20_17-51_MT_ITH_02_cr2_debug_jpg.rf.59e3173c9502d87f4cc4aae5da94a926.txt,site,minitruck/mining-truck-v1.4,tidak,-,2
train,2025-02-20_17-51_MT_ITH_02_cr2_debug_jpg.rf.59e3173c9502d87f4cc4aae5da94a926_dup2.txt,site,minitruck/mining-truck-v1.4,tidak,dup2,2
train,2025-02-20_17-51_MT_ITH_02_cr2_debug_jpg.rf.59e3173c9502d87f4cc4aae5da94a926_dup3.txt,site,minitruck/mining-truck-v1.4,tidak,dup3,2
train,2025-02-20_17-51_MT_ITH_02_cr2_debug_jpg.rf.59e3173c9502d87f4cc4aae5da94a926_night.txt,site,minitruck/mining-truck-v1.4,ya,-,2
train,2025-02-20_18-02_MT_ITH_02_cr2_debug_jpg.rf.2550dce781fd9942704046f099c862eb.txt,site,minitruck/mining-truck-v1.4,tidak,-,2
train,2025-02-20_18-02_MT_ITH_02_cr2_debug_jpg.rf.2550dce781fd9942704046f099c862eb_dup2.txt,site,minitruck/mining-truck-v1.4,tidak,dup2,2
train,2025-02-20_18-02_MT_ITH_02_cr2_debug_jpg.rf.2550dce781fd9942704046f099c862eb_dup3.txt,site,minitruck/mining-truck-v1.4,tidak,dup3,2
train,2025-02-20_18-02_MT_ITH_02_cr2_debug_jpg.rf.2550dce781fd9942704046f099c862eb_night.txt,site,minitruck/mining-truck-v1.4,ya,-,2
train,2025-02-20_21-35_MT_ITH_06_cr2_debug_jpg.rf.8e7d0e8c47b9a3f355ac97636ad0a8aa.txt,site,minitruck/mining-truck-v1.4,tidak,-,2
train,2025-02-20_21-35_MT_ITH_06_cr2_debug_jpg.rf.8e7d0e8c47b9a3f355ac97636ad0a8aa_dup2.txt,site,minitruck/mining-truck-v1.4,tidak,dup2,2
train,2025-02-20_21-35_MT_ITH_06_cr2_debug_jpg.rf.8e7d0e8c47b9a3f355ac97636ad0a8aa_dup3.txt,site,minitruck/mining-truck-v1.4,tidak,dup3,2
train,2025-02-20_21-35_MT_ITH_06_cr2_debug_jpg.rf.8e7d0e8c47b9a3f355ac97636ad0a8aa_night.txt,site,minitruck/mining-truck-v1.4,ya,-,2
train,2025-02-21_04-56_MT_ITH_06_cr2_debug_jpg.rf.aa3a7f0ceb43c23b4bba0b7f0f86c523.txt,site,minitruck/mining-truck-v1.4,tidak,-,2
train,2025-02-21_04-56_MT_ITH_06_cr2_debug_jpg.rf.aa3a7f0ceb43c23b4bba0b7f0f86c523_dup2.txt,site,minitruck/mining-truck-v1.4,tidak,dup2,2
train,2025-02-21_04-56_MT_ITH_06_cr2_debug_jpg.rf.aa3a7f0ceb43c23b4bba0b7f0f86c523_dup3.txt,site,minitruck/mining-truck-v1.4,tidak,dup3,2
train,2025-02-21_04-56_MT_ITH_06_cr2_debug_jpg.rf.aa3a7f0ceb43c23b4bba0b7f0f86c523_night.txt,site,minitruck/mining-truck-v1.4,ya,-,2
train,2025-02-21_05-08_MT_ITH_06_cr2_debug_jpg.rf.c9c7bac8df7acc9a66be5875762ece44.txt,site,minitruck/mining-truck-v1.4,tidak,-,2
train,2025-02-21_05-08_MT_ITH_06_cr2_debug_jpg.rf.c9c7bac8df7acc9a66be5875762ece44_dup2.txt,site,minitruck/mining-truck-v1.4,tidak,dup2,2
train,2025-02-21_05-08_MT_ITH_06_cr2_debug_jpg.rf.c9c7bac8df7acc9a66be5875762ece44_dup3.txt,site,minitruck/mining-truck-v1.4,tidak,dup3,2
train,2025-02-21_05-08_MT_ITH_06_cr2_debug_jpg.rf.c9c7bac8df7acc9a66be5875762ece44_night.txt,site,minitruck/mining-truck-v1.4,ya,-,2
train,2025-02-21_05-18_MT_ITH_06_cr2_debug_jpg.rf.272133b26f7895afa973c02bdb4bb57d.txt,site,minitruck/mining-truck-v1.4,tidak,-,2
train,2025-02-21_05-18_MT_ITH_06_cr2_debug_jpg.rf.272133b26f7895afa973c02bdb4bb57d_dup2.txt,site,minitruck/mining-truck-v1.4,tidak,dup2,2
train,2025-02-21_05-18_MT_ITH_06_cr2_debug_jpg.rf.272133b26f7895afa973c02bdb4bb57d_dup3.txt,site,minitruck/mining-truck-v1.4,tidak,dup3,2
train,2025-02-21_05-18_MT_ITH_06_cr2_debug_jpg.rf.272133b26f7895afa973c02bdb4bb57d_night.txt,site,minitruck/mining-truck-v1.4,ya,-,2
train,2025-02-21_05-30_MT_ITH_06_cr2_debug_jpg.rf.7eec1b3df0ee88c261edf0ec770f9c15.txt,site,minitruck/mining-truck-v1.4,tidak,-,2
train,2025-02-21_05-30_MT_ITH_06_cr2_debug_jpg.rf.7eec1b3df0ee88c261edf0ec770f9c15_dup2.txt,site,minitruck/mining-truck-v1.4,tidak,dup2,2
train,2025-02-21_05-30_MT_ITH_06_cr2_debug_jpg.rf.7eec1b3df0ee88c261edf0ec770f9c15_dup3.txt,site,minitruck/mining-truck-v1.4,tidak,dup3,2
train,2025-02-21_05-30_MT_ITH_06_cr2_debug_jpg.rf.7eec1b3df0ee88c261edf0ec770f9c15_night.txt,site,minitruck/mining-truck-v1.4,ya,-,2
train,2025-02-21_05-39_MT_ITH_06_cr2_debug_jpg.rf.c3168dd0838ee1ba4ac02b9c979ce1db.txt,site,minitruck/mining-truck-v1.4,tidak,-,2
train,2025-02-21_05-39_MT_ITH_06_cr2_debug_jpg.rf.c3168dd0838ee1ba4ac02b9c979ce1db_dup2.txt,site,minitruck/mining-truck-v1.4,tidak,dup2,2
train,2025-02-21_05-39_MT_ITH_06_cr2_debug_jpg.rf.c3168dd0838ee1ba4ac02b9c979ce1db_dup3.txt,site,minitruck/mining-truck-v1.4,tidak,dup3,2
train,2025-02-21_05-39_MT_ITH_06_cr2_debug_jpg.rf.c3168dd0838ee1ba4ac02b9c979ce1db_night.txt,site,minitruck/mining-truck-v1.4,ya,-,2
train,2025-02-21_06-47_MT_ITH_06_cr2_debug_jpg.rf.6408b54de158622f34e4ac825756ad67.txt,site,minitruck/mining-truck-v1.4,tidak,-,2
train,2025-02-21_06-47_MT_ITH_06_cr2_debug_jpg.rf.6408b54de158622f34e4ac825756ad67_dup2.txt,site,minitruck/mining-truck-v1.4,tidak,dup2,2
train,2025-02-21_06-47_MT_ITH_06_cr2_debug_jpg.rf.6408b54de158622f34e4ac825756ad67_dup3.txt,site,minitruck/mining-truck-v1.4,tidak,dup3,2
train,2025-02-21_06-47_MT_ITH_06_cr2_debug_jpg.rf.6408b54de158622f34e4ac825756ad67_night.txt,site,minitruck/mining-truck-v1.4,ya,-,2
train,2025-02-21_07-14_MT_ITH_06_cr2_debug_jpg.rf.3c332d599ac4a60ad7b0feac496569d4.txt,site,minitruck/mining-truck-v1.4,tidak,-,2
train,2025-02-21_07-14_MT_ITH_06_cr2_debug_jpg.rf.3c332d599ac4a60ad7b0feac496569d4_dup2.txt,site,minitruck/mining-truck-v1.4,tidak,dup2,2
train,2025-02-21_07-14_MT_ITH_06_cr2_debug_jpg.rf.3c332d599ac4a60ad7b0feac496569d4_dup3.txt,site,minitruck/mining-truck-v1.4,tidak,dup3,2
train,2025-02-21_07-14_MT_ITH_06_cr2_debug_jpg.rf.3c332d599ac4a60ad7b0feac496569d4_night.txt,site,minitruck/mining-truck-v1.4,ya,-,2
train,2025-02-21_07-38_MT_ITH_08_cr2_debug_jpg.rf.59fc7d30ee4b82171c3370368e2b8cfc.txt,site,minitruck/mining-truck-v1.4,tidak,-,2
train,2025-02-21_07-38_MT_ITH_08_cr2_debug_jpg.rf.59fc7d30ee4b82171c3370368e2b8cfc_dup2.txt,site,minitruck/mining-truck-v1.4,tidak,dup2,2
train,2025-02-21_07-38_MT_ITH_08_cr2_debug_jpg.rf.59fc7d30ee4b82171c3370368e2b8cfc_dup3.txt,site,minitruck/mining-truck-v1.4,tidak,dup3,2
train,2025-02-21_07-38_MT_ITH_08_cr2_debug_jpg.rf.59fc7d30ee4b82171c3370368e2b8cfc_night.txt,site,minitruck/mining-truck-v1.4,ya,-,2
train,2025-02-21_07-46_MT_ITH_09_cr2_debug_jpg.rf.a83b0600686e23ecd27024f9bd7ca287.txt,site,minitruck/mining-truck-v1.4,tidak,-,2
train,2025-02-21_07-46_MT_ITH_09_cr2_debug_jpg.rf.a83b0600686e23ecd27024f9bd7ca287_dup2.txt,site,minitruck/mining-truck-v1.4,tidak,dup2,2
train,2025-02-21_07-46_MT_ITH_09_cr2_debug_jpg.rf.a83b0600686e23ecd27024f9bd7ca287_dup3.txt,site,minitruck/mining-truck-v1.4,tidak,dup3,2
train,2025-02-21_07-46_MT_ITH_09_cr2_debug_jpg.rf.a83b0600686e23ecd27024f9bd7ca287_night.txt,site,minitruck/mining-truck-v1.4,ya,-,2
train,2025-02-21_07-55_MT_ITH_09_cr2_debug_jpg.rf.b6a21a27ed44f9e4d700dc9a4e8a8978.txt,site,minitruck/mining-truck-v1.4,tidak,-,2
train,2025-02-21_07-55_MT_ITH_09_cr2_debug_jpg.rf.b6a21a27ed44f9e4d700dc9a4e8a8978_dup2.txt,site,minitruck/mining-truck-v1.4,tidak,dup2,2
train,2025-02-21_07-55_MT_ITH_09_cr2_debug_jpg.rf.b6a21a27ed44f9e4d700dc9a4e8a8978_dup3.txt,site,minitruck/mining-truck-v1.4,tidak,dup3,2
train,2025-02-21_07-55_MT_ITH_09_cr2_debug_jpg.rf.b6a21a27ed44f9e4d700dc9a4e8a8978_night.txt,site,minitruck/mining-truck-v1.4,ya,-,2
train,2025-02-21_08-02_MT_ITH_08_cr2_debug_jpg.rf.d2c006fce97ebb1445956c666d7dca9c.txt,site,minitruck/mining-truck-v1.4,tidak,-,2
train,2025-02-21_08-02_MT_ITH_08_cr2_debug_jpg.rf.d2c006fce97ebb1445956c666d7dca9c_dup2.txt,site,minitruck/mining-truck-v1.4,tidak,dup2,2
train,2025-02-21_08-02_MT_ITH_08_cr2_debug_jpg.rf.d2c006fce97ebb1445956c666d7dca9c_dup3.txt,site,minitruck/mining-truck-v1.4,tidak,dup3,2
train,2025-02-21_08-02_MT_ITH_08_cr2_debug_jpg.rf.d2c006fce97ebb1445956c666d7dca9c_night.txt,site,minitruck/mining-truck-v1.4,ya,-,2
train,2025-02-21_09-38_MT_ITH_08_cr2_debug_jpg.rf.f22d55bf36d8573bb2bdc8dc0448c45e.txt,site,minitruck/mining-truck-v1.4,tidak,-,2
train,2025-02-21_09-38_MT_ITH_08_cr2_debug_jpg.rf.f22d55bf36d8573bb2bdc8dc0448c45e_dup2.txt,site,minitruck/mining-truck-v1.4,tidak,dup2,2
train,2025-02-21_09-38_MT_ITH_08_cr2_debug_jpg.rf.f22d55bf36d8573bb2bdc8dc0448c45e_dup3.txt,site,minitruck/mining-truck-v1.4,tidak,dup3,2
train,2025-02-21_09-38_MT_ITH_08_cr2_debug_jpg.rf.f22d55bf36d8573bb2bdc8dc0448c45e_night.txt,site,minitruck/mining-truck-v1.4,ya,-,2
train,2025-02-21_09-50_MT_ITH_08_cr2_debug_jpg.rf.c3906bd0c44d78907c0c57f98377e1b6.txt,site,minitruck/mining-truck-v1.4,tidak,-,2
train,2025-02-21_09-50_MT_ITH_08_cr2_debug_jpg.rf.c3906bd0c44d78907c0c57f98377e1b6_dup2.txt,site,minitruck/mining-truck-v1.4,tidak,dup2,2
train,2025-02-21_09-50_MT_ITH_08_cr2_debug_jpg.rf.c3906bd0c44d78907c0c57f98377e1b6_dup3.txt,site,minitruck/mining-truck-v1.4,tidak,dup3,2
train,2025-02-21_09-50_MT_ITH_08_cr2_debug_jpg.rf.c3906bd0c44d78907c0c57f98377e1b6_night.txt,site,minitruck/mining-truck-v1.4,ya,-,2
train,2025-02-21_10-11_MT_ITH_08_cr2_debug_jpg.rf.794b6d538b96797d0c732ea1d775e464.txt,site,minitruck/mining-truck-v1.4,tidak,-,2
train,2025-02-21_10-11_MT_ITH_08_cr2_debug_jpg.rf.794b6d538b96797d0c732ea1d775e464_dup2.txt,site,minitruck/mining-truck-v1.4,tidak,dup2,2
train,2025-02-21_10-11_MT_ITH_08_cr2_debug_jpg.rf.794b6d538b96797d0c732ea1d775e464_dup3.txt,site,minitruck/mining-truck-v1.4,tidak,dup3,2
train,2025-02-21_10-11_MT_ITH_08_cr2_debug_jpg.rf.794b6d538b96797d0c732ea1d775e464_night.txt,site,minitruck/mining-truck-v1.4,ya,-,2
train,2025-02-21_10-18_MT_ITH_08_cr2_debug_jpg.rf.fb663e012fc815a5611d87c3057a92a6.txt,site,minitruck/mining-truck-v1.4,tidak,-,2
train,2025-02-21_10-18_MT_ITH_08_cr2_debug_jpg.rf.fb663e012fc815a5611d87c3057a92a6_dup2.txt,site,minitruck/mining-truck-v1.4,tidak,dup2,2
train,2025-02-21_10-18_MT_ITH_08_cr2_debug_jpg.rf.fb663e012fc815a5611d87c3057a92a6_dup3.txt,site,minitruck/mining-truck-v1.4,tidak,dup3,2
train,2025-02-21_10-18_MT_ITH_08_cr2_debug_jpg.rf.fb663e012fc815a5611d87c3057a92a6_night.txt,site,minitruck/mining-truck-v1.4,ya,-,2
train,2025-02-21_11-21_MT_ITH_09_cr2_debug_jpg.rf.c4e15f531ccaa6fffd2cc56b83f584ac.txt,site,minitruck/mining-truck-v1.4,tidak,-,2
train,2025-02-21_11-21_MT_ITH_09_cr2_debug_jpg.rf.c4e15f531ccaa6fffd2cc56b83f584ac_dup2.txt,site,minitruck/mining-truck-v1.4,tidak,dup2,2
train,2025-02-21_11-21_MT_ITH_09_cr2_debug_jpg.rf.c4e15f531ccaa6fffd2cc56b83f584ac_dup3.txt,site,minitruck/mining-truck-v1.4,tidak,dup3,2
train,2025-02-21_11-21_MT_ITH_09_cr2_debug_jpg.rf.c4e15f531ccaa6fffd2cc56b83f584ac_night.txt,site,minitruck/mining-truck-v1.4,ya,-,2
train,2025-02-21_11-41_MT_ITH_09_cr2_debug_jpg.rf.c0a018cd75edbeca71450239ee37022f.txt,site,minitruck/mining-truck-v1.4,tidak,-,2
train,2025-02-21_11-41_MT_ITH_09_cr2_debug_jpg.rf.c0a018cd75edbeca71450239ee37022f_dup2.txt,site,minitruck/mining-truck-v1.4,tidak,dup2,2
train,2025-02-21_11-41_MT_ITH_09_cr2_debug_jpg.rf.c0a018cd75edbeca71450239ee37022f_dup3.txt,site,minitruck/mining-truck-v1.4,tidak,dup3,2
train,2025-02-21_11-41_MT_ITH_09_cr2_debug_jpg.rf.c0a018cd75edbeca71450239ee37022f_night.txt,site,minitruck/mining-truck-v1.4,ya,-,2
train,2025-02-21_11-50_MT_ITH_09_cr2_debug_jpg.rf.3e27991352b8a09e6a9bca659db70b6b.txt,site,minitruck/mining-truck-v1.4,tidak,-,2
train,2025-02-21_11-50_MT_ITH_09_cr2_debug_jpg.rf.3e27991352b8a09e6a9bca659db70b6b_dup2.txt,site,minitruck/mining-truck-v1.4,tidak,dup2,2
train,2025-02-21_11-50_MT_ITH_09_cr2_debug_jpg.rf.3e27991352b8a09e6a9bca659db70b6b_dup3.txt,site,minitruck/mining-truck-v1.4,tidak,dup3,2
train,2025-02-21_11-50_MT_ITH_09_cr2_debug_jpg.rf.3e27991352b8a09e6a9bca659db70b6b_night.txt,site,minitruck/mining-truck-v1.4,ya,-,2
train,2025-02-21_13-28_MT_ITH_09_cr2_debug_jpg.rf.2e34eba73bb4872cf326d166eb155e40.txt,site,minitruck/mining-truck-v1.4,tidak,-,2
train,2025-02-21_13-28_MT_ITH_09_cr2_debug_jpg.rf.2e34eba73bb4872cf326d166eb155e40_dup2.txt,site,minitruck/mining-truck-v1.4,tidak,dup2,2
train,2025-02-21_13-28_MT_ITH_09_cr2_debug_jpg.rf.2e34eba73bb4872cf326d166eb155e40_dup3.txt,site,minitruck/mining-truck-v1.4,tidak,dup3,2
train,2025-02-21_13-28_MT_ITH_09_cr2_debug_jpg.rf.2e34eba73bb4872cf326d166eb155e40_night.txt,site,minitruck/mining-truck-v1.4,ya,-,2
train,2025-02-21_14-24_MT_ITH_09_cr2_debug_jpg.rf.79859e62024146e7732d38de80ef1c55.txt,site,minitruck/mining-truck-v1.4,tidak,-,2
train,2025-02-21_14-24_MT_ITH_09_cr2_debug_jpg.rf.79859e62024146e7732d38de80ef1c55_dup2.txt,site,minitruck/mining-truck-v1.4,tidak,dup2,2
train,2025-02-21_14-24_MT_ITH_09_cr2_debug_jpg.rf.79859e62024146e7732d38de80ef1c55_dup3.txt,site,minitruck/mining-truck-v1.4,tidak,dup3,2
train,2025-02-21_14-24_MT_ITH_09_cr2_debug_jpg.rf.79859e62024146e7732d38de80ef1c55_night.txt,site,minitruck/mining-truck-v1.4,ya,-,2
train,2025-02-21_14-41_MT_ITH_09_cr2_debug_jpg.rf.153815996de1a63563866c4fb144dcac.txt,site,minitruck/mining-truck-v1.4,tidak,-,2
train,2025-02-21_14-41_MT_ITH_09_cr2_debug_jpg.rf.153815996de1a63563866c4fb144dcac_dup2.txt,site,minitruck/mining-truck-v1.4,tidak,dup2,2
train,2025-02-21_14-41_MT_ITH_09_cr2_debug_jpg.rf.153815996de1a63563866c4fb144dcac_dup3.txt,site,minitruck/mining-truck-v1.4,tidak,dup3,2
train,2025-02-21_14-41_MT_ITH_09_cr2_debug_jpg.rf.153815996de1a63563866c4fb144dcac_night.txt,site,minitruck/mining-truck-v1.4,ya,-,2
train,2025-02-21_14-58_MT_ITH_09_cr2_debug_jpg.rf.ac59c274321e6633ecc95df1359b1d88.txt,site,minitruck/mining-truck-v1.4,tidak,-,2
train,2025-02-21_14-58_MT_ITH_09_cr2_debug_jpg.rf.ac59c274321e6633ecc95df1359b1d88_dup2.txt,site,minitruck/mining-truck-v1.4,tidak,dup2,2
train,2025-02-21_14-58_MT_ITH_09_cr2_debug_jpg.rf.ac59c274321e6633ecc95df1359b1d88_dup3.txt,site,minitruck/mining-truck-v1.4,tidak,dup3,2
train,2025-02-21_14-58_MT_ITH_09_cr2_debug_jpg.rf.ac59c274321e6633ecc95df1359b1d88_night.txt,site,minitruck/mining-truck-v1.4,ya,-,2
train,2025-02-21_15-06_MT_ITH_09_cr2_debug_jpg.rf.72e443caf1eac142fa1e0d47c2fa0223.txt,site,minitruck/mining-truck-v1.4,tidak,-,2
train,2025-02-21_15-06_MT_ITH_09_cr2_debug_jpg.rf.72e443caf1eac142fa1e0d47c2fa0223_dup2.txt,site,minitruck/mining-truck-v1.4,tidak,dup2,2
train,2025-02-21_15-06_MT_ITH_09_cr2_debug_jpg.rf.72e443caf1eac142fa1e0d47c2fa0223_dup3.txt,site,minitruck/mining-truck-v1.4,tidak,dup3,2
train,2025-02-21_15-06_MT_ITH_09_cr2_debug_jpg.rf.72e443caf1eac142fa1e0d47c2fa0223_night.txt,site,minitruck/mining-truck-v1.4,ya,-,2
train,2025-02-21_16-09_MT_ITH_09_cr2_debug_jpg.rf.1962d4a2ef28f294b1173f5575a4455f.txt,site,minitruck/mining-truck-v1.4,tidak,-,2
train,2025-02-21_16-09_MT_ITH_09_cr2_debug_jpg.rf.1962d4a2ef28f294b1173f5575a4455f_dup2.txt,site,minitruck/mining-truck-v1.4,tidak,dup2,2
train,2025-02-21_16-09_MT_ITH_09_cr2_debug_jpg.rf.1962d4a2ef28f294b1173f5575a4455f_dup3.txt,site,minitruck/mining-truck-v1.4,tidak,dup3,2
train,2025-02-21_16-09_MT_ITH_09_cr2_debug_jpg.rf.1962d4a2ef28f294b1173f5575a4455f_night.txt,site,minitruck/mining-truck-v1.4,ya,-,2
train,CR1Left2024-11-26_14-09-04_jpg.rf.f0c29e494e23b87b6ccd2eef5cc5a287.txt,site,minitruck/mining-truck-v1.4,tidak,-,2
train,CR1Left2024-11-26_14-09-04_jpg.rf.f0c29e494e23b87b6ccd2eef5cc5a287_dup2.txt,site,minitruck/mining-truck-v1.4,tidak,dup2,2
train,CR1Left2024-11-26_14-09-04_jpg.rf.f0c29e494e23b87b6ccd2eef5cc5a287_dup3.txt,site,minitruck/mining-truck-v1.4,tidak,dup3,2
train,CR1Left2024-11-26_14-09-04_jpg.rf.f0c29e494e23b87b6ccd2eef5cc5a287_night.txt,site,minitruck/mining-truck-v1.4,ya,-,2
train,CR1Left2024-11-26_14-11-04_jpg.rf.4a5e32fceb37566c38e4ecd451b3e0fe.txt,site,minitruck/mining-truck-v1.4,tidak,-,2
train,CR1Left2024-11-26_14-11-04_jpg.rf.4a5e32fceb37566c38e4ecd451b3e0fe_dup2.txt,site,minitruck/mining-truck-v1.4,tidak,dup2,2
train,CR1Left2024-11-26_14-11-04_jpg.rf.4a5e32fceb37566c38e4ecd451b3e0fe_dup3.txt,site,minitruck/mining-truck-v1.4,tidak,dup3,2
train,CR1Left2024-11-26_14-11-04_jpg.rf.4a5e32fceb37566c38e4ecd451b3e0fe_night.txt,site,minitruck/mining-truck-v1.4,ya,-,2
train,CR1Left2024-11-26_14-16-35_jpg.rf.8132737f56082f6a7af11f0d4642a1d2.txt,site,minitruck/mining-truck-v1.4,tidak,-,2
train,CR1Left2024-11-26_14-16-35_jpg.rf.8132737f56082f6a7af11f0d4642a1d2_dup2.txt,site,minitruck/mining-truck-v1.4,tidak,dup2,2
train,CR1Left2024-11-26_14-16-35_jpg.rf.8132737f56082f6a7af11f0d4642a1d2_dup3.txt,site,minitruck/mining-truck-v1.4,tidak,dup3,2
train,CR1Left2024-11-26_14-16-35_jpg.rf.8132737f56082f6a7af11f0d4642a1d2_night.txt,site,minitruck/mining-truck-v1.4,ya,-,2
train,CR1Left2024-11-26_14-17-45_jpg.rf.8be680fe605b33fa48d44ddf132d02ec.txt,site,minitruck/mining-truck-v1.4,tidak,-,2
train,CR1Left2024-11-26_14-17-45_jpg.rf.8be680fe605b33fa48d44ddf132d02ec_dup2.txt,site,minitruck/mining-truck-v1.4,tidak,dup2,2
train,CR1Left2024-11-26_14-17-45_jpg.rf.8be680fe605b33fa48d44ddf132d02ec_dup3.txt,site,minitruck/mining-truck-v1.4,tidak,dup3,2
train,CR1Left2024-11-26_14-17-45_jpg.rf.8be680fe605b33fa48d44ddf132d02ec_night.txt,site,minitruck/mining-truck-v1.4,ya,-,2
train,CR1Left2024-11-26_14-21-25_jpg.rf.79619dcf478bb7b17499485f52428c88.txt,site,minitruck/mining-truck-v1.4,tidak,-,2
train,CR1Left2024-11-26_14-21-25_jpg.rf.79619dcf478bb7b17499485f52428c88_dup2.txt,site,minitruck/mining-truck-v1.4,tidak,dup2,2
train,CR1Left2024-11-26_14-21-25_jpg.rf.79619dcf478bb7b17499485f52428c88_dup3.txt,site,minitruck/mining-truck-v1.4,tidak,dup3,2
train,CR1Left2024-11-26_14-21-25_jpg.rf.79619dcf478bb7b17499485f52428c88_night.txt,site,minitruck/mining-truck-v1.4,ya,-,2
train,CR1Left2024-11-26_14-28-35_jpg.rf.dc66c7be4c55f0b7b5aedc49560ce513.txt,site,minitruck/mining-truck-v1.4,tidak,-,2
train,CR1Left2024-11-26_14-28-35_jpg.rf.dc66c7be4c55f0b7b5aedc49560ce513_dup2.txt,site,minitruck/mining-truck-v1.4,tidak,dup2,2
train,CR1Left2024-11-26_14-28-35_jpg.rf.dc66c7be4c55f0b7b5aedc49560ce513_dup3.txt,site,minitruck/mining-truck-v1.4,tidak,dup3,2
train,CR1Left2024-11-26_14-28-35_jpg.rf.dc66c7be4c55f0b7b5aedc49560ce513_night.txt,site,minitruck/mining-truck-v1.4,ya,-,2
train,CR1Left2024-11-26_14-30-15_jpg.rf.93bd60142df8b093c58dba00ac3be4ec.txt,site,minitruck/mining-truck-v1.4,tidak,-,2
train,CR1Left2024-11-26_14-30-15_jpg.rf.93bd60142df8b093c58dba00ac3be4ec_dup2.txt,site,minitruck/mining-truck-v1.4,tidak,dup2,2
train,CR1Left2024-11-26_14-30-15_jpg.rf.93bd60142df8b093c58dba00ac3be4ec_dup3.txt,site,minitruck/mining-truck-v1.4,tidak,dup3,2
train,CR1Left2024-11-26_14-30-15_jpg.rf.93bd60142df8b093c58dba00ac3be4ec_night.txt,site,minitruck/mining-truck-v1.4,ya,-,2
train,CR1Left2024-11-26_14-33-45_jpg.rf.29c10d379671a9b8d85e4e4ed3aa353c.txt,site,minitruck/mining-truck-v1.4,tidak,-,2
train,CR1Left2024-11-26_14-33-45_jpg.rf.29c10d379671a9b8d85e4e4ed3aa353c_dup2.txt,site,minitruck/mining-truck-v1.4,tidak,dup2,2
train,CR1Left2024-11-26_14-33-45_jpg.rf.29c10d379671a9b8d85e4e4ed3aa353c_dup3.txt,site,minitruck/mining-truck-v1.4,tidak,dup3,2
train,CR1Left2024-11-26_14-33-45_jpg.rf.29c10d379671a9b8d85e4e4ed3aa353c_night.txt,site,minitruck/mining-truck-v1.4,ya,-,2
train,CR1Left2024-11-26_14-39-25_jpg.rf.7d3bc78da1ffd03f2e0a83dda04aa994.txt,site,minitruck/mining-truck-v1.4,tidak,-,2
train,CR1Left2024-11-26_14-39-25_jpg.rf.7d3bc78da1ffd03f2e0a83dda04aa994_dup2.txt,site,minitruck/mining-truck-v1.4,tidak,dup2,2
train,CR1Left2024-11-26_14-39-25_jpg.rf.7d3bc78da1ffd03f2e0a83dda04aa994_dup3.txt,site,minitruck/mining-truck-v1.4,tidak,dup3,2
train,CR1Left2024-11-26_14-39-25_jpg.rf.7d3bc78da1ffd03f2e0a83dda04aa994_night.txt,site,minitruck/mining-truck-v1.4,ya,-,2
train,CR1Left2024-11-26_14-45-15_jpg.rf.2a38da8c0f8aea9f4d2f39a250605763.txt,site,minitruck/mining-truck-v1.4,tidak,-,2
train,CR1Left2024-11-26_14-45-15_jpg.rf.2a38da8c0f8aea9f4d2f39a250605763_dup2.txt,site,minitruck/mining-truck-v1.4,tidak,dup2,2
train,CR1Left2024-11-26_14-45-15_jpg.rf.2a38da8c0f8aea9f4d2f39a250605763_dup3.txt,site,minitruck/mining-truck-v1.4,tidak,dup3,2
train,CR1Left2024-11-26_14-45-15_jpg.rf.2a38da8c0f8aea9f4d2f39a250605763_night.txt,site,minitruck/mining-truck-v1.4,ya,-,2
train,CR1Left2024-11-26_14-52-25_jpg.rf.1befd0736ff697c4cec9d1d1894b3208.txt,site,minitruck/mining-truck-v1.4,tidak,-,2
train,CR1Left2024-11-26_14-52-25_jpg.rf.1befd0736ff697c4cec9d1d1894b3208_dup2.txt,site,minitruck/mining-truck-v1.4,tidak,dup2,2
train,CR1Left2024-11-26_14-52-25_jpg.rf.1befd0736ff697c4cec9d1d1894b3208_dup3.txt,site,minitruck/mining-truck-v1.4,tidak,dup3,2
train,CR1Left2024-11-26_14-52-25_jpg.rf.1befd0736ff697c4cec9d1d1894b3208_night.txt,site,minitruck/mining-truck-v1.4,ya,-,2
train,CR1Left2024-11-26_20-39-13_jpg.rf.0952469d69152fef799206496f7d1e88.txt,site,minitruck/mining-truck-v1.4,tidak,-,2
train,CR1Left2024-11-26_20-39-13_jpg.rf.0952469d69152fef799206496f7d1e88_dup2.txt,site,minitruck/mining-truck-v1.4,tidak,dup2,2
train,CR1Left2024-11-26_20-39-13_jpg.rf.0952469d69152fef799206496f7d1e88_dup3.txt,site,minitruck/mining-truck-v1.4,tidak,dup3,2
train,CR1Left2024-11-26_20-39-13_jpg.rf.0952469d69152fef799206496f7d1e88_night.txt,site,minitruck/mining-truck-v1.4,ya,-,2
train,CR1Left2024-11-26_20-44-03_jpg.rf.7c8fb2f0578417da28904ee23e72ce66.txt,site,minitruck/mining-truck-v1.4,tidak,-,2
train,CR1Left2024-11-26_20-44-03_jpg.rf.7c8fb2f0578417da28904ee23e72ce66_dup2.txt,site,minitruck/mining-truck-v1.4,tidak,dup2,2
train,CR1Left2024-11-26_20-44-03_jpg.rf.7c8fb2f0578417da28904ee23e72ce66_dup3.txt,site,minitruck/mining-truck-v1.4,tidak,dup3,2
train,CR1Left2024-11-26_20-44-03_jpg.rf.7c8fb2f0578417da28904ee23e72ce66_night.txt,site,minitruck/mining-truck-v1.4,ya,-,2
train,CR1Left2024-11-26_20-56-33_jpg.rf.68775b0cb4ec31105b90e4dfe23239ec.txt,site,minitruck/mining-truck-v1.4,tidak,-,2
train,CR1Left2024-11-26_20-56-33_jpg.rf.68775b0cb4ec31105b90e4dfe23239ec_dup2.txt,site,minitruck/mining-truck-v1.4,tidak,dup2,2
train,CR1Left2024-11-26_20-56-33_jpg.rf.68775b0cb4ec31105b90e4dfe23239ec_dup3.txt,site,minitruck/mining-truck-v1.4,tidak,dup3,2
train,CR1Left2024-11-26_20-56-33_jpg.rf.68775b0cb4ec31105b90e4dfe23239ec_night.txt,site,minitruck/mining-truck-v1.4,ya,-,2
train,CR1Left2024-11-26_21-02-03_jpg.rf.058c11c761b13ab4ae0fef8fb81cf7b0.txt,site,minitruck/mining-truck-v1.4,tidak,-,2
train,CR1Left2024-11-26_21-02-03_jpg.rf.058c11c761b13ab4ae0fef8fb81cf7b0_dup2.txt,site,minitruck/mining-truck-v1.4,tidak,dup2,2
train,CR1Left2024-11-26_21-02-03_jpg.rf.058c11c761b13ab4ae0fef8fb81cf7b0_dup3.txt,site,minitruck/mining-truck-v1.4,tidak,dup3,2
train,CR1Left2024-11-26_21-02-03_jpg.rf.058c11c761b13ab4ae0fef8fb81cf7b0_night.txt,site,minitruck/mining-truck-v1.4,ya,-,2
train,CR1Left2024-11-26_21-16-13_jpg.rf.c0591d390531f6bb5a7bef29899d73d1.txt,site,minitruck/mining-truck-v1.4,tidak,-,2
train,CR1Left2024-11-26_21-16-13_jpg.rf.c0591d390531f6bb5a7bef29899d73d1_dup2.txt,site,minitruck/mining-truck-v1.4,tidak,dup2,2
train,CR1Left2024-11-26_21-16-13_jpg.rf.c0591d390531f6bb5a7bef29899d73d1_dup3.txt,site,minitruck/mining-truck-v1.4,tidak,dup3,2
train,CR1Left2024-11-26_21-16-13_jpg.rf.c0591d390531f6bb5a7bef29899d73d1_night.txt,site,minitruck/mining-truck-v1.4,ya,-,2
train,CR1Left2024-11-26_21-17-33_jpg.rf.a4ec96595f2ebe17357dd1b33c490c99.txt,site,minitruck/mining-truck-v1.4,tidak,-,2
train,CR1Left2024-11-26_21-17-33_jpg.rf.a4ec96595f2ebe17357dd1b33c490c99_dup2.txt,site,minitruck/mining-truck-v1.4,tidak,dup2,2
train,CR1Left2024-11-26_21-17-33_jpg.rf.a4ec96595f2ebe17357dd1b33c490c99_dup3.txt,site,minitruck/mining-truck-v1.4,tidak,dup3,2
train,CR1Left2024-11-26_21-17-33_jpg.rf.a4ec96595f2ebe17357dd1b33c490c99_night.txt,site,minitruck/mining-truck-v1.4,ya,-,2
train,CR1Left2024-11-27_06-09-56_jpg.rf.82ff921aa2cde8bed25c04f760ebbafa.txt,site,minitruck/mining-truck-v1.4,tidak,-,2
train,CR1Left2024-11-27_06-09-56_jpg.rf.82ff921aa2cde8bed25c04f760ebbafa_dup2.txt,site,minitruck/mining-truck-v1.4,tidak,dup2,2
train,CR1Left2024-11-27_06-09-56_jpg.rf.82ff921aa2cde8bed25c04f760ebbafa_dup3.txt,site,minitruck/mining-truck-v1.4,tidak,dup3,2
train,CR1Left2024-11-27_06-09-56_jpg.rf.82ff921aa2cde8bed25c04f760ebbafa_night.txt,site,minitruck/mining-truck-v1.4,ya,-,2
train,CR1Left2024-11-27_06-16-26_jpg.rf.57a7a364412d5e6b848a0b2852f04664.txt,site,minitruck/mining-truck-v1.4,tidak,-,2
train,CR1Left2024-11-27_06-16-26_jpg.rf.57a7a364412d5e6b848a0b2852f04664_dup2.txt,site,minitruck/mining-truck-v1.4,tidak,dup2,2
train,CR1Left2024-11-27_06-16-26_jpg.rf.57a7a364412d5e6b848a0b2852f04664_dup3.txt,site,minitruck/mining-truck-v1.4,tidak,dup3,2
train,CR1Left2024-11-27_06-16-26_jpg.rf.57a7a364412d5e6b848a0b2852f04664_night.txt,site,minitruck/mining-truck-v1.4,ya,-,2
train,CR1Left2024-11-27_06-21-36_jpg.rf.639e25beefd8ccf77ed591e71a2b8f05.txt,site,minitruck/mining-truck-v1.4,tidak,-,2
train,CR1Left2024-11-27_06-21-36_jpg.rf.639e25beefd8ccf77ed591e71a2b8f05_dup2.txt,site,minitruck/mining-truck-v1.4,tidak,dup2,2
train,CR1Left2024-11-27_06-21-36_jpg.rf.639e25beefd8ccf77ed591e71a2b8f05_dup3.txt,site,minitruck/mining-truck-v1.4,tidak,dup3,2
train,CR1Left2024-11-27_06-21-36_jpg.rf.639e25beefd8ccf77ed591e71a2b8f05_night.txt,site,minitruck/mining-truck-v1.4,ya,-,2
train,CR1Left2024-11-27_06-24-06_jpg.rf.89179971e9f38c4ae9056126c80bd8ef.txt,site,minitruck/mining-truck-v1.4,tidak,-,2
train,CR1Left2024-11-27_06-24-06_jpg.rf.89179971e9f38c4ae9056126c80bd8ef_dup2.txt,site,minitruck/mining-truck-v1.4,tidak,dup2,2
train,CR1Left2024-11-27_06-24-06_jpg.rf.89179971e9f38c4ae9056126c80bd8ef_dup3.txt,site,minitruck/mining-truck-v1.4,tidak,dup3,2
train,CR1Left2024-11-27_06-24-06_jpg.rf.89179971e9f38c4ae9056126c80bd8ef_night.txt,site,minitruck/mining-truck-v1.4,ya,-,2
train,CR2Left2024-11-26_14-26-04_jpg.rf.91436acb5843ea93297866b3c5289475.txt,site,minitruck/mining-truck-v1.4,tidak,-,2
train,CR2Left2024-11-26_14-26-04_jpg.rf.91436acb5843ea93297866b3c5289475_dup2.txt,site,minitruck/mining-truck-v1.4,tidak,dup2,2
train,CR2Left2024-11-26_14-26-04_jpg.rf.91436acb5843ea93297866b3c5289475_dup3.txt,site,minitruck/mining-truck-v1.4,tidak,dup3,2
train,CR2Left2024-11-26_14-26-04_jpg.rf.91436acb5843ea93297866b3c5289475_night.txt,site,minitruck/mining-truck-v1.4,ya,-,2
train,CR2Left2024-11-26_14-27-55_jpg.rf.33d7be7fe2b3149adef3bd8c269e6412.txt,site,minitruck/mining-truck-v1.4,tidak,-,2
train,CR2Left2024-11-26_14-27-55_jpg.rf.33d7be7fe2b3149adef3bd8c269e6412_dup2.txt,site,minitruck/mining-truck-v1.4,tidak,dup2,2
train,CR2Left2024-11-26_14-27-55_jpg.rf.33d7be7fe2b3149adef3bd8c269e6412_dup3.txt,site,minitruck/mining-truck-v1.4,tidak,dup3,2
train,CR2Left2024-11-26_14-27-55_jpg.rf.33d7be7fe2b3149adef3bd8c269e6412_night.txt,site,minitruck/mining-truck-v1.4,ya,-,2
train,CR2Left2024-11-26_14-32-03_jpg.rf.071a3a5f126b92b0bc0ab1f15d5aa4e8.txt,site,minitruck/mining-truck-v1.4,tidak,-,3
train,CR2Left2024-11-26_14-32-03_jpg.rf.071a3a5f126b92b0bc0ab1f15d5aa4e8_dup2.txt,site,minitruck/mining-truck-v1.4,tidak,dup2,3
train,CR2Left2024-11-26_14-32-03_jpg.rf.071a3a5f126b92b0bc0ab1f15d5aa4e8_dup3.txt,site,minitruck/mining-truck-v1.4,tidak,dup3,3
train,CR2Left2024-11-26_14-32-03_jpg.rf.071a3a5f126b92b0bc0ab1f15d5aa4e8_night.txt,site,minitruck/mining-truck-v1.4,ya,-,3
train,CR2Left2024-11-26_20-27-23_jpg.rf.afcadd85eeba1522996d57caa9bdd881.txt,site,minitruck/mining-truck-v1.4,tidak,-,2
train,CR2Left2024-11-26_20-27-23_jpg.rf.afcadd85eeba1522996d57caa9bdd881_dup2.txt,site,minitruck/mining-truck-v1.4,tidak,dup2,2
train,CR2Left2024-11-26_20-27-23_jpg.rf.afcadd85eeba1522996d57caa9bdd881_dup3.txt,site,minitruck/mining-truck-v1.4,tidak,dup3,2
train,CR2Left2024-11-26_20-27-23_jpg.rf.afcadd85eeba1522996d57caa9bdd881_night.txt,site,minitruck/mining-truck-v1.4,ya,-,2
train,CR2Left2024-11-26_20-38-40_jpg.rf.a11167209ad7f6d9671c00f34b1dd8e3.txt,site,minitruck/mining-truck-v1.4,tidak,-,2
train,CR2Left2024-11-26_20-38-40_jpg.rf.a11167209ad7f6d9671c00f34b1dd8e3_dup2.txt,site,minitruck/mining-truck-v1.4,tidak,dup2,2
train,CR2Left2024-11-26_20-38-40_jpg.rf.a11167209ad7f6d9671c00f34b1dd8e3_dup3.txt,site,minitruck/mining-truck-v1.4,tidak,dup3,2
train,CR2Left2024-11-26_20-38-40_jpg.rf.a11167209ad7f6d9671c00f34b1dd8e3_night.txt,site,minitruck/mining-truck-v1.4,ya,-,2
train,CR2Left2024-11-26_20-43-23_jpg.rf.899c435f83cbca794858f6db74067e8a.txt,site,minitruck/mining-truck-v1.4,tidak,-,2
train,CR2Left2024-11-26_20-43-23_jpg.rf.899c435f83cbca794858f6db74067e8a_dup2.txt,site,minitruck/mining-truck-v1.4,tidak,dup2,2
train,CR2Left2024-11-26_20-43-23_jpg.rf.899c435f83cbca794858f6db74067e8a_dup3.txt,site,minitruck/mining-truck-v1.4,tidak,dup3,2
train,CR2Left2024-11-26_20-43-23_jpg.rf.899c435f83cbca794858f6db74067e8a_night.txt,site,minitruck/mining-truck-v1.4,ya,-,2
train,CR2Left2024-11-26_20-51-50_jpg.rf.bdfdeed41f81628bccb4252bf2f56b42.txt,site,minitruck/mining-truck-v1.4,tidak,-,2
train,CR2Left2024-11-26_20-51-50_jpg.rf.bdfdeed41f81628bccb4252bf2f56b42_dup2.txt,site,minitruck/mining-truck-v1.4,tidak,dup2,2
train,CR2Left2024-11-26_20-51-50_jpg.rf.bdfdeed41f81628bccb4252bf2f56b42_dup3.txt,site,minitruck/mining-truck-v1.4,tidak,dup3,2
train,CR2Left2024-11-26_20-51-50_jpg.rf.bdfdeed41f81628bccb4252bf2f56b42_night.txt,site,minitruck/mining-truck-v1.4,ya,-,2
train,CR2Left2024-11-26_21-11-02_jpg.rf.90a9e0f9fba615c70a4aad715fdbb067.txt,site,minitruck/mining-truck-v1.4,tidak,-,4
train,CR2Left2024-11-26_21-11-02_jpg.rf.90a9e0f9fba615c70a4aad715fdbb067_dup2.txt,site,minitruck/mining-truck-v1.4,tidak,dup2,4
train,CR2Left2024-11-26_21-11-02_jpg.rf.90a9e0f9fba615c70a4aad715fdbb067_dup3.txt,site,minitruck/mining-truck-v1.4,tidak,dup3,4
train,CR2Left2024-11-26_21-11-02_jpg.rf.90a9e0f9fba615c70a4aad715fdbb067_night.txt,site,minitruck/mining-truck-v1.4,ya,-,4
train,CR2Left2024-11-26_21-19-47_jpg.rf.75317395825b4f7034ff911bc7885296.txt,site,minitruck/mining-truck-v1.4,tidak,-,2
train,CR2Left2024-11-26_21-19-47_jpg.rf.75317395825b4f7034ff911bc7885296_dup2.txt,site,minitruck/mining-truck-v1.4,tidak,dup2,2
train,CR2Left2024-11-26_21-19-47_jpg.rf.75317395825b4f7034ff911bc7885296_dup3.txt,site,minitruck/mining-truck-v1.4,tidak,dup3,2
train,CR2Left2024-11-26_21-19-47_jpg.rf.75317395825b4f7034ff911bc7885296_night.txt,site,minitruck/mining-truck-v1.4,ya,-,2
train,CR2Left2024-11-27_06-07-26_jpg.rf.229fe396cb819849323497041fdbde93.txt,site,minitruck/mining-truck-v1.4,tidak,-,4
train,CR2Left2024-11-27_06-07-26_jpg.rf.229fe396cb819849323497041fdbde93_dup2.txt,site,minitruck/mining-truck-v1.4,tidak,dup2,4
train,CR2Left2024-11-27_06-07-26_jpg.rf.229fe396cb819849323497041fdbde93_dup3.txt,site,minitruck/mining-truck-v1.4,tidak,dup3,4
train,CR2Left2024-11-27_06-07-26_jpg.rf.229fe396cb819849323497041fdbde93_night.txt,site,minitruck/mining-truck-v1.4,ya,-,4
train,ocr_failed_20250228_192313_jpg.rf.830a1f2d5c6e31ef66e03ecd91313700.txt,site,minitruck/mining-truck-v1.4,tidak,-,2
train,ocr_failed_20250228_192313_jpg.rf.830a1f2d5c6e31ef66e03ecd91313700_dup2.txt,site,minitruck/mining-truck-v1.4,tidak,dup2,2
train,ocr_failed_20250228_192313_jpg.rf.830a1f2d5c6e31ef66e03ecd91313700_dup3.txt,site,minitruck/mining-truck-v1.4,tidak,dup3,2
train,ocr_failed_20250228_192313_jpg.rf.830a1f2d5c6e31ef66e03ecd91313700_night.txt,site,minitruck/mining-truck-v1.4,ya,-,2
train,ocr_failed_20250228_192316_jpg.rf.db676c444d97ec35141c87529b8e9f3f.txt,site,minitruck/mining-truck-v1.4,tidak,-,2
train,ocr_failed_20250228_192316_jpg.rf.db676c444d97ec35141c87529b8e9f3f_dup2.txt,site,minitruck/mining-truck-v1.4,tidak,dup2,2
train,ocr_failed_20250228_192316_jpg.rf.db676c444d97ec35141c87529b8e9f3f_dup3.txt,site,minitruck/mining-truck-v1.4,tidak,dup3,2
train,ocr_failed_20250228_192316_jpg.rf.db676c444d97ec35141c87529b8e9f3f_night.txt,site,minitruck/mining-truck-v1.4,ya,-,2
train,ocr_failed_20250228_192653_jpg.rf.9427a7132572ad493d623fd4b190cce3.txt,site,minitruck/mining-truck-v1.4,tidak,-,2
train,ocr_failed_20250228_192653_jpg.rf.9427a7132572ad493d623fd4b190cce3_dup2.txt,site,minitruck/mining-truck-v1.4,tidak,dup2,2
train,ocr_failed_20250228_192653_jpg.rf.9427a7132572ad493d623fd4b190cce3_dup3.txt,site,minitruck/mining-truck-v1.4,tidak,dup3,2
train,ocr_failed_20250228_192653_jpg.rf.9427a7132572ad493d623fd4b190cce3_night.txt,site,minitruck/mining-truck-v1.4,ya,-,2
train,ocr_failed_20250228_192656_jpg.rf.fd76d62e6c76453706cda0786cd25334.txt,site,minitruck/mining-truck-v1.4,tidak,-,2
train,ocr_failed_20250228_192656_jpg.rf.fd76d62e6c76453706cda0786cd25334_dup2.txt,site,minitruck/mining-truck-v1.4,tidak,dup2,2
train,ocr_failed_20250228_192656_jpg.rf.fd76d62e6c76453706cda0786cd25334_dup3.txt,site,minitruck/mining-truck-v1.4,tidak,dup3,2
train,ocr_failed_20250228_192656_jpg.rf.fd76d62e6c76453706cda0786cd25334_night.txt,site,minitruck/mining-truck-v1.4,ya,-,2
train,ocr_failed_20250228_192701_jpg.rf.4975d02f8175a02779bbbf2f2aa7d839.txt,site,minitruck/mining-truck-v1.4,tidak,-,2
train,ocr_failed_20250228_192701_jpg.rf.4975d02f8175a02779bbbf2f2aa7d839_dup2.txt,site,minitruck/mining-truck-v1.4,tidak,dup2,2
train,ocr_failed_20250228_192701_jpg.rf.4975d02f8175a02779bbbf2f2aa7d839_dup3.txt,site,minitruck/mining-truck-v1.4,tidak,dup3,2
train,ocr_failed_20250228_192701_jpg.rf.4975d02f8175a02779bbbf2f2aa7d839_night.txt,site,minitruck/mining-truck-v1.4,ya,-,2
train,ocr_failed_20250228_192704_jpg.rf.89f6c8b8a4116a11a95b0e47ab77285c.txt,site,minitruck/mining-truck-v1.4,tidak,-,2
train,ocr_failed_20250228_192704_jpg.rf.89f6c8b8a4116a11a95b0e47ab77285c_dup2.txt,site,minitruck/mining-truck-v1.4,tidak,dup2,2
train,ocr_failed_20250228_192704_jpg.rf.89f6c8b8a4116a11a95b0e47ab77285c_dup3.txt,site,minitruck/mining-truck-v1.4,tidak,dup3,2
train,ocr_failed_20250228_192704_jpg.rf.89f6c8b8a4116a11a95b0e47ab77285c_night.txt,site,minitruck/mining-truck-v1.4,ya,-,2
train,ocr_failed_20250228_192709_jpg.rf.f11fbac8bb0ea1ff633dc2dda61ac90f.txt,site,minitruck/mining-truck-v1.4,tidak,-,2
train,ocr_failed_20250228_192709_jpg.rf.f11fbac8bb0ea1ff633dc2dda61ac90f_dup2.txt,site,minitruck/mining-truck-v1.4,tidak,dup2,2
train,ocr_failed_20250228_192709_jpg.rf.f11fbac8bb0ea1ff633dc2dda61ac90f_dup3.txt,site,minitruck/mining-truck-v1.4,tidak,dup3,2
train,ocr_failed_20250228_192709_jpg.rf.f11fbac8bb0ea1ff633dc2dda61ac90f_night.txt,site,minitruck/mining-truck-v1.4,ya,-,2
train,ocr_failed_20250228_192814_jpg.rf.ea33f41e787280f7693ff8fb61527f22.txt,site,minitruck/mining-truck-v1.4,tidak,-,2
train,ocr_failed_20250228_192814_jpg.rf.ea33f41e787280f7693ff8fb61527f22_dup2.txt,site,minitruck/mining-truck-v1.4,tidak,dup2,2
train,ocr_failed_20250228_192814_jpg.rf.ea33f41e787280f7693ff8fb61527f22_dup3.txt,site,minitruck/mining-truck-v1.4,tidak,dup3,2
train,ocr_failed_20250228_192814_jpg.rf.ea33f41e787280f7693ff8fb61527f22_night.txt,site,minitruck/mining-truck-v1.4,ya,-,2
train,ocr_failed_20250228_192829_jpg.rf.4445169a848630dfdf2a5a26582c168b.txt,site,minitruck/mining-truck-v1.4,tidak,-,2
train,ocr_failed_20250228_192829_jpg.rf.4445169a848630dfdf2a5a26582c168b_dup2.txt,site,minitruck/mining-truck-v1.4,tidak,dup2,2
train,ocr_failed_20250228_192829_jpg.rf.4445169a848630dfdf2a5a26582c168b_dup3.txt,site,minitruck/mining-truck-v1.4,tidak,dup3,2
train,ocr_failed_20250228_192829_jpg.rf.4445169a848630dfdf2a5a26582c168b_night.txt,site,minitruck/mining-truck-v1.4,ya,-,2
train,ocr_failed_20250228_192835_jpg.rf.362dc59762d93680db30049db07c1d36.txt,site,minitruck/mining-truck-v1.4,tidak,-,2
train,ocr_failed_20250228_192835_jpg.rf.362dc59762d93680db30049db07c1d36_dup2.txt,site,minitruck/mining-truck-v1.4,tidak,dup2,2
train,ocr_failed_20250228_192835_jpg.rf.362dc59762d93680db30049db07c1d36_dup3.txt,site,minitruck/mining-truck-v1.4,tidak,dup3,2
train,ocr_failed_20250228_192835_jpg.rf.362dc59762d93680db30049db07c1d36_night.txt,site,minitruck/mining-truck-v1.4,ya,-,2
train,ocr_failed_20250228_192836_jpg.rf.264d9eb9fcc5a59817399ed17c20ac11.txt,site,minitruck/mining-truck-v1.4,tidak,-,2
train,ocr_failed_20250228_192836_jpg.rf.264d9eb9fcc5a59817399ed17c20ac11_dup2.txt,site,minitruck/mining-truck-v1.4,tidak,dup2,2
train,ocr_failed_20250228_192836_jpg.rf.264d9eb9fcc5a59817399ed17c20ac11_dup3.txt,site,minitruck/mining-truck-v1.4,tidak,dup3,2
train,ocr_failed_20250228_192836_jpg.rf.264d9eb9fcc5a59817399ed17c20ac11_night.txt,site,minitruck/mining-truck-v1.4,ya,-,2
train,ocr_failed_20250228_201953_jpg.rf.5739a441ba8ca3c3a1e115985bde5f2b.txt,site,minitruck/mining-truck-v1.4,tidak,-,2
train,ocr_failed_20250228_201953_jpg.rf.5739a441ba8ca3c3a1e115985bde5f2b_dup2.txt,site,minitruck/mining-truck-v1.4,tidak,dup2,2
train,ocr_failed_20250228_201953_jpg.rf.5739a441ba8ca3c3a1e115985bde5f2b_dup3.txt,site,minitruck/mining-truck-v1.4,tidak,dup3,2
train,ocr_failed_20250228_201953_jpg.rf.5739a441ba8ca3c3a1e115985bde5f2b_night.txt,site,minitruck/mining-truck-v1.4,ya,-,2
train,ocr_failed_20250228_215010_jpg.rf.c6a7a5a43dc4c39c1919ea45fa6dc463.txt,site,minitruck/mining-truck-v1.4,tidak,-,2
train,ocr_failed_20250228_215010_jpg.rf.c6a7a5a43dc4c39c1919ea45fa6dc463_dup2.txt,site,minitruck/mining-truck-v1.4,tidak,dup2,2
train,ocr_failed_20250228_215010_jpg.rf.c6a7a5a43dc4c39c1919ea45fa6dc463_dup3.txt,site,minitruck/mining-truck-v1.4,tidak,dup3,2
train,ocr_failed_20250228_215010_jpg.rf.c6a7a5a43dc4c39c1919ea45fa6dc463_night.txt,site,minitruck/mining-truck-v1.4,ya,-,2
train,ocr_failed_20250228_222719_jpg.rf.6755ddc2775a13ee818a3d2f9531b279.txt,site,minitruck/mining-truck-v1.4,tidak,-,2
train,ocr_failed_20250228_222719_jpg.rf.6755ddc2775a13ee818a3d2f9531b279_dup2.txt,site,minitruck/mining-truck-v1.4,tidak,dup2,2
train,ocr_failed_20250228_222719_jpg.rf.6755ddc2775a13ee818a3d2f9531b279_dup3.txt,site,minitruck/mining-truck-v1.4,tidak,dup3,2
train,ocr_failed_20250228_222719_jpg.rf.6755ddc2775a13ee818a3d2f9531b279_night.txt,site,minitruck/mining-truck-v1.4,ya,-,2
train,ocr_failed_20250301_014309_jpg.rf.85c2c668aee57f891e4df5a01f8958cf.txt,site,minitruck/mining-truck-v1.4,tidak,-,2
train,ocr_failed_20250301_014309_jpg.rf.85c2c668aee57f891e4df5a01f8958cf_dup2.txt,site,minitruck/mining-truck-v1.4,tidak,dup2,2
train,ocr_failed_20250301_014309_jpg.rf.85c2c668aee57f891e4df5a01f8958cf_dup3.txt,site,minitruck/mining-truck-v1.4,tidak,dup3,2
train,ocr_failed_20250301_014309_jpg.rf.85c2c668aee57f891e4df5a01f8958cf_night.txt,site,minitruck/mining-truck-v1.4,ya,-,2
train,ocr_failed_20250301_134634_jpg.rf.b139271b99f4399e12adb1a2711a24ff.txt,site,minitruck/mining-truck-v1.4,tidak,-,2
train,ocr_failed_20250301_134634_jpg.rf.b139271b99f4399e12adb1a2711a24ff_dup2.txt,site,minitruck/mining-truck-v1.4,tidak,dup2,2
train,ocr_failed_20250301_134634_jpg.rf.b139271b99f4399e12adb1a2711a24ff_dup3.txt,site,minitruck/mining-truck-v1.4,tidak,dup3,2
train,ocr_failed_20250301_134634_jpg.rf.b139271b99f4399e12adb1a2711a24ff_night.txt,site,minitruck/mining-truck-v1.4,ya,-,2
train,ocr_failed_20250301_134637_jpg.rf.c3d96a51f942bd52d60e6693e326cc87.txt,site,minitruck/mining-truck-v1.4,tidak,-,2
train,ocr_failed_20250301_134637_jpg.rf.c3d96a51f942bd52d60e6693e326cc87_dup2.txt,site,minitruck/mining-truck-v1.4,tidak,dup2,2
train,ocr_failed_20250301_134637_jpg.rf.c3d96a51f942bd52d60e6693e326cc87_dup3.txt,site,minitruck/mining-truck-v1.4,tidak,dup3,2
train,ocr_failed_20250301_134637_jpg.rf.c3d96a51f942bd52d60e6693e326cc87_night.txt,site,minitruck/mining-truck-v1.4,ya,-,2
train,ocr_failed_20250301_134752_jpg.rf.b0d2fed9106abae420427666dcaa896d.txt,site,minitruck/mining-truck-v1.4,tidak,-,2
train,ocr_failed_20250301_134752_jpg.rf.b0d2fed9106abae420427666dcaa896d_dup2.txt,site,minitruck/mining-truck-v1.4,tidak,dup2,2
train,ocr_failed_20250301_134752_jpg.rf.b0d2fed9106abae420427666dcaa896d_dup3.txt,site,minitruck/mining-truck-v1.4,tidak,dup3,2
train,ocr_failed_20250301_134752_jpg.rf.b0d2fed9106abae420427666dcaa896d_night.txt,site,minitruck/mining-truck-v1.4,ya,-,2
train,ocr_failed_20250301_135211_jpg.rf.30fa4e18e49a0f0a2bb969fdd8d58c2e.txt,site,minitruck/mining-truck-v1.4,tidak,-,2
train,ocr_failed_20250301_135211_jpg.rf.30fa4e18e49a0f0a2bb969fdd8d58c2e_dup2.txt,site,minitruck/mining-truck-v1.4,tidak,dup2,2
train,ocr_failed_20250301_135211_jpg.rf.30fa4e18e49a0f0a2bb969fdd8d58c2e_dup3.txt,site,minitruck/mining-truck-v1.4,tidak,dup3,2
train,ocr_failed_20250301_135211_jpg.rf.30fa4e18e49a0f0a2bb969fdd8d58c2e_night.txt,site,minitruck/mining-truck-v1.4,ya,-,2
train,ocr_failed_20250301_135225_jpg.rf.18cf9e6cc9bfcd0142703a32922bef15.txt,site,minitruck/mining-truck-v1.4,tidak,-,2
train,ocr_failed_20250301_135225_jpg.rf.18cf9e6cc9bfcd0142703a32922bef15_dup2.txt,site,minitruck/mining-truck-v1.4,tidak,dup2,2
train,ocr_failed_20250301_135225_jpg.rf.18cf9e6cc9bfcd0142703a32922bef15_dup3.txt,site,minitruck/mining-truck-v1.4,tidak,dup3,2
train,ocr_failed_20250301_135225_jpg.rf.18cf9e6cc9bfcd0142703a32922bef15_night.txt,site,minitruck/mining-truck-v1.4,ya,-,2
train,ocr_failed_20250301_135230_jpg.rf.0fc8d84343c896f3548fa167b7f4d29f.txt,site,minitruck/mining-truck-v1.4,tidak,-,2
train,ocr_failed_20250301_135230_jpg.rf.0fc8d84343c896f3548fa167b7f4d29f_dup2.txt,site,minitruck/mining-truck-v1.4,tidak,dup2,2
train,ocr_failed_20250301_135230_jpg.rf.0fc8d84343c896f3548fa167b7f4d29f_dup3.txt,site,minitruck/mining-truck-v1.4,tidak,dup3,2
train,ocr_failed_20250301_135230_jpg.rf.0fc8d84343c896f3548fa167b7f4d29f_night.txt,site,minitruck/mining-truck-v1.4,ya,-,2
train,ocr_failed_20250301_135233_jpg.rf.c9ad2fb0086e74e33c6038790992d058.txt,site,minitruck/mining-truck-v1.4,tidak,-,2
train,ocr_failed_20250301_135233_jpg.rf.c9ad2fb0086e74e33c6038790992d058_dup2.txt,site,minitruck/mining-truck-v1.4,tidak,dup2,2
train,ocr_failed_20250301_135233_jpg.rf.c9ad2fb0086e74e33c6038790992d058_dup3.txt,site,minitruck/mining-truck-v1.4,tidak,dup3,2
train,ocr_failed_20250301_135233_jpg.rf.c9ad2fb0086e74e33c6038790992d058_night.txt,site,minitruck/mining-truck-v1.4,ya,-,2
train,ocr_failed_20250301_135236_jpg.rf.c716fcdefa53cbde12eef6567833e22e.txt,site,minitruck/mining-truck-v1.4,tidak,-,2
train,ocr_failed_20250301_135236_jpg.rf.c716fcdefa53cbde12eef6567833e22e_dup2.txt,site,minitruck/mining-truck-v1.4,tidak,dup2,2
train,ocr_failed_20250301_135236_jpg.rf.c716fcdefa53cbde12eef6567833e22e_dup3.txt,site,minitruck/mining-truck-v1.4,tidak,dup3,2
train,ocr_failed_20250301_135236_jpg.rf.c716fcdefa53cbde12eef6567833e22e_night.txt,site,minitruck/mining-truck-v1.4,ya,-,2
train,ocr_failed_20250301_135241_jpg.rf.f1660a70736f5cfb5149bab205ea2639.txt,site,minitruck/mining-truck-v1.4,tidak,-,2
train,ocr_failed_20250301_135241_jpg.rf.f1660a70736f5cfb5149bab205ea2639_dup2.txt,site,minitruck/mining-truck-v1.4,tidak,dup2,2
train,ocr_failed_20250301_135241_jpg.rf.f1660a70736f5cfb5149bab205ea2639_dup3.txt,site,minitruck/mining-truck-v1.4,tidak,dup3,2
train,ocr_failed_20250301_135241_jpg.rf.f1660a70736f5cfb5149bab205ea2639_night.txt,site,minitruck/mining-truck-v1.4,ya,-,2
train,ocr_failed_20250301_135248_jpg.rf.3a07c2f986e6cca25ca19e71938ae61b.txt,site,minitruck/mining-truck-v1.4,tidak,-,2
train,ocr_failed_20250301_135248_jpg.rf.3a07c2f986e6cca25ca19e71938ae61b_dup2.txt,site,minitruck/mining-truck-v1.4,tidak,dup2,2
train,ocr_failed_20250301_135248_jpg.rf.3a07c2f986e6cca25ca19e71938ae61b_dup3.txt,site,minitruck/mining-truck-v1.4,tidak,dup3,2
train,ocr_failed_20250301_135248_jpg.rf.3a07c2f986e6cca25ca19e71938ae61b_night.txt,site,minitruck/mining-truck-v1.4,ya,-,2
train,ocr_failed_20250301_135315_jpg.rf.7a7d9b0a9ac11229411d051639c4974c.txt,site,minitruck/mining-truck-v1.4,tidak,-,2
train,ocr_failed_20250301_135315_jpg.rf.7a7d9b0a9ac11229411d051639c4974c_dup2.txt,site,minitruck/mining-truck-v1.4,tidak,dup2,2
train,ocr_failed_20250301_135315_jpg.rf.7a7d9b0a9ac11229411d051639c4974c_dup3.txt,site,minitruck/mining-truck-v1.4,tidak,dup3,2
train,ocr_failed_20250301_135315_jpg.rf.7a7d9b0a9ac11229411d051639c4974c_night.txt,site,minitruck/mining-truck-v1.4,ya,-,2
train,ocr_failed_20250302_103332_jpg.rf.b75bedf9230369b56a31e18abf60147a.txt,site,minitruck/mining-truck-v1.4,tidak,-,2
train,ocr_failed_20250302_103332_jpg.rf.b75bedf9230369b56a31e18abf60147a_dup2.txt,site,minitruck/mining-truck-v1.4,tidak,dup2,2
train,ocr_failed_20250302_103332_jpg.rf.b75bedf9230369b56a31e18abf60147a_dup3.txt,site,minitruck/mining-truck-v1.4,tidak,dup3,2
train,ocr_failed_20250302_103332_jpg.rf.b75bedf9230369b56a31e18abf60147a_night.txt,site,minitruck/mining-truck-v1.4,ya,-,2
train,ocr_failed_20250302_103355_jpg.rf.7bd559538b837dbd354876db0f7dad02.txt,site,minitruck/mining-truck-v1.4,tidak,-,2
train,ocr_failed_20250302_103355_jpg.rf.7bd559538b837dbd354876db0f7dad02_dup2.txt,site,minitruck/mining-truck-v1.4,tidak,dup2,2
train,ocr_failed_20250302_103355_jpg.rf.7bd559538b837dbd354876db0f7dad02_dup3.txt,site,minitruck/mining-truck-v1.4,tidak,dup3,2
train,ocr_failed_20250302_103355_jpg.rf.7bd559538b837dbd354876db0f7dad02_night.txt,site,minitruck/mining-truck-v1.4,ya,-,2
train,ocr_failed_20250302_103404_jpg.rf.5fdf9845565c3576241e5b3b29f8fa42.txt,site,minitruck/mining-truck-v1.4,tidak,-,2
train,ocr_failed_20250302_103404_jpg.rf.5fdf9845565c3576241e5b3b29f8fa42_dup2.txt,site,minitruck/mining-truck-v1.4,tidak,dup2,2
train,ocr_failed_20250302_103404_jpg.rf.5fdf9845565c3576241e5b3b29f8fa42_dup3.txt,site,minitruck/mining-truck-v1.4,tidak,dup3,2
train,ocr_failed_20250302_103404_jpg.rf.5fdf9845565c3576241e5b3b29f8fa42_night.txt,site,minitruck/mining-truck-v1.4,ya,-,2
train,ocr_failed_20250302_105024_jpg.rf.a5af187792143b49f5c7ac1fd64c143e.txt,site,minitruck/mining-truck-v1.4,tidak,-,2
train,ocr_failed_20250302_105024_jpg.rf.a5af187792143b49f5c7ac1fd64c143e_dup2.txt,site,minitruck/mining-truck-v1.4,tidak,dup2,2
train,ocr_failed_20250302_105024_jpg.rf.a5af187792143b49f5c7ac1fd64c143e_dup3.txt,site,minitruck/mining-truck-v1.4,tidak,dup3,2
train,ocr_failed_20250302_105024_jpg.rf.a5af187792143b49f5c7ac1fd64c143e_night.txt,site,minitruck/mining-truck-v1.4,ya,-,2
train,ocr_failed_20250302_105606_jpg.rf.9460e5bd787b05d8131c093310de5e20.txt,site,minitruck/mining-truck-v1.4,tidak,-,2
train,ocr_failed_20250302_105606_jpg.rf.9460e5bd787b05d8131c093310de5e20_dup2.txt,site,minitruck/mining-truck-v1.4,tidak,dup2,2
train,ocr_failed_20250302_105606_jpg.rf.9460e5bd787b05d8131c093310de5e20_dup3.txt,site,minitruck/mining-truck-v1.4,tidak,dup3,2
train,ocr_failed_20250302_105606_jpg.rf.9460e5bd787b05d8131c093310de5e20_night.txt,site,minitruck/mining-truck-v1.4,ya,-,2
train,ocr_failed_20250302_111016_jpg.rf.5a6ff6fe8d021ab63396b90b11c4b0a6.txt,site,minitruck/mining-truck-v1.4,tidak,-,2
train,ocr_failed_20250302_111016_jpg.rf.5a6ff6fe8d021ab63396b90b11c4b0a6_dup2.txt,site,minitruck/mining-truck-v1.4,tidak,dup2,2
train,ocr_failed_20250302_111016_jpg.rf.5a6ff6fe8d021ab63396b90b11c4b0a6_dup3.txt,site,minitruck/mining-truck-v1.4,tidak,dup3,2
train,ocr_failed_20250302_111016_jpg.rf.5a6ff6fe8d021ab63396b90b11c4b0a6_night.txt,site,minitruck/mining-truck-v1.4,ya,-,2
train,ocr_failed_20250302_112052_jpg.rf.a71235971e5e7a3c842e4c7609151ec8.txt,site,minitruck/mining-truck-v1.4,tidak,-,2
train,ocr_failed_20250302_112052_jpg.rf.a71235971e5e7a3c842e4c7609151ec8_dup2.txt,site,minitruck/mining-truck-v1.4,tidak,dup2,2
train,ocr_failed_20250302_112052_jpg.rf.a71235971e5e7a3c842e4c7609151ec8_dup3.txt,site,minitruck/mining-truck-v1.4,tidak,dup3,2
train,ocr_failed_20250302_112052_jpg.rf.a71235971e5e7a3c842e4c7609151ec8_night.txt,site,minitruck/mining-truck-v1.4,ya,-,2
train,ocr_failed_20250302_143508_jpg.rf.30af6f4a20030a807086c637f1c3de20.txt,site,minitruck/mining-truck-v1.4,tidak,-,2
train,ocr_failed_20250302_143508_jpg.rf.30af6f4a20030a807086c637f1c3de20_dup2.txt,site,minitruck/mining-truck-v1.4,tidak,dup2,2
train,ocr_failed_20250302_143508_jpg.rf.30af6f4a20030a807086c637f1c3de20_dup3.txt,site,minitruck/mining-truck-v1.4,tidak,dup3,2
train,ocr_failed_20250302_143508_jpg.rf.30af6f4a20030a807086c637f1c3de20_night.txt,site,minitruck/mining-truck-v1.4,ya,-,2
train,ocr_failed_20250302_150136_jpg.rf.a105566508d1e105c2d22b8c8f900b34.txt,site,minitruck/mining-truck-v1.4,tidak,-,2
train,ocr_failed_20250302_150136_jpg.rf.a105566508d1e105c2d22b8c8f900b34_dup2.txt,site,minitruck/mining-truck-v1.4,tidak,dup2,2
train,ocr_failed_20250302_150136_jpg.rf.a105566508d1e105c2d22b8c8f900b34_dup3.txt,site,minitruck/mining-truck-v1.4,tidak,dup3,2
train,ocr_failed_20250302_150136_jpg.rf.a105566508d1e105c2d22b8c8f900b34_night.txt,site,minitruck/mining-truck-v1.4,ya,-,2
train,ocr_failed_20250302_154225_jpg.rf.a1eec1844858c9eb4900ada033866df2.txt,site,minitruck/mining-truck-v1.4,tidak,-,2
train,ocr_failed_20250302_154225_jpg.rf.a1eec1844858c9eb4900ada033866df2_dup2.txt,site,minitruck/mining-truck-v1.4,tidak,dup2,2
train,ocr_failed_20250302_154225_jpg.rf.a1eec1844858c9eb4900ada033866df2_dup3.txt,site,minitruck/mining-truck-v1.4,tidak,dup3,2
train,ocr_failed_20250302_154225_jpg.rf.a1eec1844858c9eb4900ada033866df2_night.txt,site,minitruck/mining-truck-v1.4,ya,-,2
train,ocr_failed_20250302_160619_jpg.rf.3af3c271efee8bb2edc67f0a057eed12.txt,site,minitruck/mining-truck-v1.4,tidak,-,2
train,ocr_failed_20250302_160619_jpg.rf.3af3c271efee8bb2edc67f0a057eed12_dup2.txt,site,minitruck/mining-truck-v1.4,tidak,dup2,2
train,ocr_failed_20250302_160619_jpg.rf.3af3c271efee8bb2edc67f0a057eed12_dup3.txt,site,minitruck/mining-truck-v1.4,tidak,dup3,2
train,ocr_failed_20250302_160619_jpg.rf.3af3c271efee8bb2edc67f0a057eed12_night.txt,site,minitruck/mining-truck-v1.4,ya,-,2
train,ocr_failed_20250302_192935_jpg.rf.eae6a0584e1b0beabb228204500cd4b9.txt,site,minitruck/mining-truck-v1.4,tidak,-,2
train,ocr_failed_20250302_192935_jpg.rf.eae6a0584e1b0beabb228204500cd4b9_dup2.txt,site,minitruck/mining-truck-v1.4,tidak,dup2,2
train,ocr_failed_20250302_192935_jpg.rf.eae6a0584e1b0beabb228204500cd4b9_dup3.txt,site,minitruck/mining-truck-v1.4,tidak,dup3,2
train,ocr_failed_20250302_192935_jpg.rf.eae6a0584e1b0beabb228204500cd4b9_night.txt,site,minitruck/mining-truck-v1.4,ya,-,2
train,ocr_failed_20250302_192952_jpg.rf.c1a9148898a689c4d77904fc2a91cbfe.txt,site,minitruck/mining-truck-v1.4,tidak,-,2
train,ocr_failed_20250302_192952_jpg.rf.c1a9148898a689c4d77904fc2a91cbfe_dup2.txt,site,minitruck/mining-truck-v1.4,tidak,dup2,2
train,ocr_failed_20250302_192952_jpg.rf.c1a9148898a689c4d77904fc2a91cbfe_dup3.txt,site,minitruck/mining-truck-v1.4,tidak,dup3,2
train,ocr_failed_20250302_192952_jpg.rf.c1a9148898a689c4d77904fc2a91cbfe_night.txt,site,minitruck/mining-truck-v1.4,ya,-,2
train,ocr_failed_20250302_193005_jpg.rf.54e480517e7b778675145c66f7e7b212.txt,site,minitruck/mining-truck-v1.4,tidak,-,2
train,ocr_failed_20250302_193005_jpg.rf.54e480517e7b778675145c66f7e7b212_dup2.txt,site,minitruck/mining-truck-v1.4,tidak,dup2,2
train,ocr_failed_20250302_193005_jpg.rf.54e480517e7b778675145c66f7e7b212_dup3.txt,site,minitruck/mining-truck-v1.4,tidak,dup3,2
train,ocr_failed_20250302_193005_jpg.rf.54e480517e7b778675145c66f7e7b212_night.txt,site,minitruck/mining-truck-v1.4,ya,-,2
train,ocr_failed_20250302_201118_jpg.rf.7c40c29da6a647675226488abf1727ae.txt,site,minitruck/mining-truck-v1.4,tidak,-,2
train,ocr_failed_20250302_201118_jpg.rf.7c40c29da6a647675226488abf1727ae_dup2.txt,site,minitruck/mining-truck-v1.4,tidak,dup2,2
train,ocr_failed_20250302_201118_jpg.rf.7c40c29da6a647675226488abf1727ae_dup3.txt,site,minitruck/mining-truck-v1.4,tidak,dup3,2
train,ocr_failed_20250302_201118_jpg.rf.7c40c29da6a647675226488abf1727ae_night.txt,site,minitruck/mining-truck-v1.4,ya,-,2
train,ocr_failed_20250302_221750_jpg.rf.41e401304e076b7df83872eb178c9ce9.txt,site,minitruck/mining-truck-v1.4,tidak,-,2
train,ocr_failed_20250302_221750_jpg.rf.41e401304e076b7df83872eb178c9ce9_dup2.txt,site,minitruck/mining-truck-v1.4,tidak,dup2,2
train,ocr_failed_20250302_221750_jpg.rf.41e401304e076b7df83872eb178c9ce9_dup3.txt,site,minitruck/mining-truck-v1.4,tidak,dup3,2
train,ocr_failed_20250302_221750_jpg.rf.41e401304e076b7df83872eb178c9ce9_night.txt,site,minitruck/mining-truck-v1.4,ya,-,2
train,ocr_failed_20250302_231621_jpg.rf.5a8dfdefc075cda8fcc8e81d4def724c.txt,site,minitruck/mining-truck-v1.4,tidak,-,2
train,ocr_failed_20250302_231621_jpg.rf.5a8dfdefc075cda8fcc8e81d4def724c_dup2.txt,site,minitruck/mining-truck-v1.4,tidak,dup2,2
train,ocr_failed_20250302_231621_jpg.rf.5a8dfdefc075cda8fcc8e81d4def724c_dup3.txt,site,minitruck/mining-truck-v1.4,tidak,dup3,2
train,ocr_failed_20250302_231621_jpg.rf.5a8dfdefc075cda8fcc8e81d4def724c_night.txt,site,minitruck/mining-truck-v1.4,ya,-,2
train,ocr_failed_20250303_002741_jpg.rf.9c6f214fbff2fbce4939c5fb3a9f5513.txt,site,minitruck/mining-truck-v1.4,tidak,-,2
train,ocr_failed_20250303_002741_jpg.rf.9c6f214fbff2fbce4939c5fb3a9f5513_dup2.txt,site,minitruck/mining-truck-v1.4,tidak,dup2,2
train,ocr_failed_20250303_002741_jpg.rf.9c6f214fbff2fbce4939c5fb3a9f5513_dup3.txt,site,minitruck/mining-truck-v1.4,tidak,dup3,2
train,ocr_failed_20250303_002741_jpg.rf.9c6f214fbff2fbce4939c5fb3a9f5513_night.txt,site,minitruck/mining-truck-v1.4,ya,-,2
train,ocr_failed_20250303_010350_jpg.rf.9eaae7781040ccfad6e3ddd0c8b58824.txt,site,minitruck/mining-truck-v1.4,tidak,-,2
train,ocr_failed_20250303_010350_jpg.rf.9eaae7781040ccfad6e3ddd0c8b58824_dup2.txt,site,minitruck/mining-truck-v1.4,tidak,dup2,2
train,ocr_failed_20250303_010350_jpg.rf.9eaae7781040ccfad6e3ddd0c8b58824_dup3.txt,site,minitruck/mining-truck-v1.4,tidak,dup3,2
train,ocr_failed_20250303_010350_jpg.rf.9eaae7781040ccfad6e3ddd0c8b58824_night.txt,site,minitruck/mining-truck-v1.4,ya,-,2
train,ocr_failed_20250303_020003_jpg.rf.29580205c2f5ead2b959a10c3e802954.txt,site,minitruck/mining-truck-v1.4,tidak,-,2
train,ocr_failed_20250303_020003_jpg.rf.29580205c2f5ead2b959a10c3e802954_dup2.txt,site,minitruck/mining-truck-v1.4,tidak,dup2,2
train,ocr_failed_20250303_020003_jpg.rf.29580205c2f5ead2b959a10c3e802954_dup3.txt,site,minitruck/mining-truck-v1.4,tidak,dup3,2
train,ocr_failed_20250303_020003_jpg.rf.29580205c2f5ead2b959a10c3e802954_night.txt,site,minitruck/mining-truck-v1.4,ya,-,2
train,ocr_failed_20250303_020029_jpg.rf.7a1732467e92f1656a714bd9b6c295e9.txt,site,minitruck/mining-truck-v1.4,tidak,-,2
train,ocr_failed_20250303_020029_jpg.rf.7a1732467e92f1656a714bd9b6c295e9_dup2.txt,site,minitruck/mining-truck-v1.4,tidak,dup2,2
train,ocr_failed_20250303_020029_jpg.rf.7a1732467e92f1656a714bd9b6c295e9_dup3.txt,site,minitruck/mining-truck-v1.4,tidak,dup3,2
train,ocr_failed_20250303_020029_jpg.rf.7a1732467e92f1656a714bd9b6c295e9_night.txt,site,minitruck/mining-truck-v1.4,ya,-,2
train,ocr_failed_20250303_020057_jpg.rf.ae2601860e1b347fa14754e1b0a30080.txt,site,minitruck/mining-truck-v1.4,tidak,-,2
train,ocr_failed_20250303_020057_jpg.rf.ae2601860e1b347fa14754e1b0a30080_dup2.txt,site,minitruck/mining-truck-v1.4,tidak,dup2,2
train,ocr_failed_20250303_020057_jpg.rf.ae2601860e1b347fa14754e1b0a30080_dup3.txt,site,minitruck/mining-truck-v1.4,tidak,dup3,2
train,ocr_failed_20250303_020057_jpg.rf.ae2601860e1b347fa14754e1b0a30080_night.txt,site,minitruck/mining-truck-v1.4,ya,-,2
train,ocr_failed_20250303_024253_jpg.rf.297e6458d0d10f6276123b2814e74040.txt,site,minitruck/mining-truck-v1.4,tidak,-,2
train,ocr_failed_20250303_024253_jpg.rf.297e6458d0d10f6276123b2814e74040_dup2.txt,site,minitruck/mining-truck-v1.4,tidak,dup2,2
train,ocr_failed_20250303_024253_jpg.rf.297e6458d0d10f6276123b2814e74040_dup3.txt,site,minitruck/mining-truck-v1.4,tidak,dup3,2
train,ocr_failed_20250303_024253_jpg.rf.297e6458d0d10f6276123b2814e74040_night.txt,site,minitruck/mining-truck-v1.4,ya,-,2
train,ocr_failed_20250303_035510_jpg.rf.d163233c2d7f83ac08e7d8addc92520a.txt,site,minitruck/mining-truck-v1.4,tidak,-,2
train,ocr_failed_20250303_035510_jpg.rf.d163233c2d7f83ac08e7d8addc92520a_dup2.txt,site,minitruck/mining-truck-v1.4,tidak,dup2,2
train,ocr_failed_20250303_035510_jpg.rf.d163233c2d7f83ac08e7d8addc92520a_dup3.txt,site,minitruck/mining-truck-v1.4,tidak,dup3,2
train,ocr_failed_20250303_035510_jpg.rf.d163233c2d7f83ac08e7d8addc92520a_night.txt,site,minitruck/mining-truck-v1.4,ya,-,2
train,ocr_failed_20250303_040319_jpg.rf.2040a6009b98696de6e06c85a158c72e.txt,site,minitruck/mining-truck-v1.4,tidak,-,2
train,ocr_failed_20250303_040319_jpg.rf.2040a6009b98696de6e06c85a158c72e_dup2.txt,site,minitruck/mining-truck-v1.4,tidak,dup2,2
train,ocr_failed_20250303_040319_jpg.rf.2040a6009b98696de6e06c85a158c72e_dup3.txt,site,minitruck/mining-truck-v1.4,tidak,dup3,2
train,ocr_failed_20250303_040319_jpg.rf.2040a6009b98696de6e06c85a158c72e_night.txt,site,minitruck/mining-truck-v1.4,ya,-,2
train,ocr_failed_20250303_052423_jpg.rf.f932155189a84a0fc4c259191ce1bd13.txt,site,minitruck/mining-truck-v1.4,tidak,-,2
train,ocr_failed_20250303_052423_jpg.rf.f932155189a84a0fc4c259191ce1bd13_dup2.txt,site,minitruck/mining-truck-v1.4,tidak,dup2,2
train,ocr_failed_20250303_052423_jpg.rf.f932155189a84a0fc4c259191ce1bd13_dup3.txt,site,minitruck/mining-truck-v1.4,tidak,dup3,2
train,ocr_failed_20250303_052423_jpg.rf.f932155189a84a0fc4c259191ce1bd13_night.txt,site,minitruck/mining-truck-v1.4,ya,-,2
train,ocr_failed_20250303_070509_jpg.rf.1c5b553caf46f7adc1c347dd70fc3724.txt,site,minitruck/mining-truck-v1.4,tidak,-,2
train,ocr_failed_20250303_070509_jpg.rf.1c5b553caf46f7adc1c347dd70fc3724_dup2.txt,site,minitruck/mining-truck-v1.4,tidak,dup2,2
train,ocr_failed_20250303_070509_jpg.rf.1c5b553caf46f7adc1c347dd70fc3724_dup3.txt,site,minitruck/mining-truck-v1.4,tidak,dup3,2
train,ocr_failed_20250303_070509_jpg.rf.1c5b553caf46f7adc1c347dd70fc3724_night.txt,site,minitruck/mining-truck-v1.4,ya,-,2
train,ocr_failed_20250303_071205_jpg.rf.25654eea382002aac8abfbf7cbb14462.txt,site,minitruck/mining-truck-v1.4,tidak,-,2
train,ocr_failed_20250303_071205_jpg.rf.25654eea382002aac8abfbf7cbb14462_dup2.txt,site,minitruck/mining-truck-v1.4,tidak,dup2,2
train,ocr_failed_20250303_071205_jpg.rf.25654eea382002aac8abfbf7cbb14462_dup3.txt,site,minitruck/mining-truck-v1.4,tidak,dup3,2
train,ocr_failed_20250303_071205_jpg.rf.25654eea382002aac8abfbf7cbb14462_night.txt,site,minitruck/mining-truck-v1.4,ya,-,2
train,ocr_failed_20250303_075103_jpg.rf.979ba5eefaeafa22e3221fdbd94e01fb.txt,site,minitruck/mining-truck-v1.4,tidak,-,2
train,ocr_failed_20250303_075103_jpg.rf.979ba5eefaeafa22e3221fdbd94e01fb_dup2.txt,site,minitruck/mining-truck-v1.4,tidak,dup2,2
train,ocr_failed_20250303_075103_jpg.rf.979ba5eefaeafa22e3221fdbd94e01fb_dup3.txt,site,minitruck/mining-truck-v1.4,tidak,dup3,2
train,ocr_failed_20250303_075103_jpg.rf.979ba5eefaeafa22e3221fdbd94e01fb_night.txt,site,minitruck/mining-truck-v1.4,ya,-,2
train,ocr_failed_20250303_075325_jpg.rf.f2d1234ee7a1977e0d45c3f4eb412521.txt,site,minitruck/mining-truck-v1.4,tidak,-,2
train,ocr_failed_20250303_075325_jpg.rf.f2d1234ee7a1977e0d45c3f4eb412521_dup2.txt,site,minitruck/mining-truck-v1.4,tidak,dup2,2
train,ocr_failed_20250303_075325_jpg.rf.f2d1234ee7a1977e0d45c3f4eb412521_dup3.txt,site,minitruck/mining-truck-v1.4,tidak,dup3,2
train,ocr_failed_20250303_075325_jpg.rf.f2d1234ee7a1977e0d45c3f4eb412521_night.txt,site,minitruck/mining-truck-v1.4,ya,-,2
train,ocr_failed_20250303_081345_jpg.rf.7c000a05cc219cd8377084f1e801b237.txt,site,minitruck/mining-truck-v1.4,tidak,-,2
train,ocr_failed_20250303_081345_jpg.rf.7c000a05cc219cd8377084f1e801b237_dup2.txt,site,minitruck/mining-truck-v1.4,tidak,dup2,2
train,ocr_failed_20250303_081345_jpg.rf.7c000a05cc219cd8377084f1e801b237_dup3.txt,site,minitruck/mining-truck-v1.4,tidak,dup3,2
train,ocr_failed_20250303_081345_jpg.rf.7c000a05cc219cd8377084f1e801b237_night.txt,site,minitruck/mining-truck-v1.4,ya,-,2
train,ocr_failed_20250303_085047_jpg.rf.66a79e5519361d5d04ae14a38d528580.txt,site,minitruck/mining-truck-v1.4,tidak,-,2
train,ocr_failed_20250303_085047_jpg.rf.66a79e5519361d5d04ae14a38d528580_dup2.txt,site,minitruck/mining-truck-v1.4,tidak,dup2,2
train,ocr_failed_20250303_085047_jpg.rf.66a79e5519361d5d04ae14a38d528580_dup3.txt,site,minitruck/mining-truck-v1.4,tidak,dup3,2
train,ocr_failed_20250303_085047_jpg.rf.66a79e5519361d5d04ae14a38d528580_night.txt,site,minitruck/mining-truck-v1.4,ya,-,2
train,ocr_failed_20250303_085436_jpg.rf.dddc871256e004714c9b4a90c50ec16b.txt,site,minitruck/mining-truck-v1.4,tidak,-,2
train,ocr_failed_20250303_085436_jpg.rf.dddc871256e004714c9b4a90c50ec16b_dup2.txt,site,minitruck/mining-truck-v1.4,tidak,dup2,2
train,ocr_failed_20250303_085436_jpg.rf.dddc871256e004714c9b4a90c50ec16b_dup3.txt,site,minitruck/mining-truck-v1.4,tidak,dup3,2
train,ocr_failed_20250303_085436_jpg.rf.dddc871256e004714c9b4a90c50ec16b_night.txt,site,minitruck/mining-truck-v1.4,ya,-,2
train,ocr_failed_20250303_085652_jpg.rf.3cae65b7bf1a87137847614bb7bfe856.txt,site,minitruck/mining-truck-v1.4,tidak,-,2
train,ocr_failed_20250303_085652_jpg.rf.3cae65b7bf1a87137847614bb7bfe856_dup2.txt,site,minitruck/mining-truck-v1.4,tidak,dup2,2
train,ocr_failed_20250303_085652_jpg.rf.3cae65b7bf1a87137847614bb7bfe856_dup3.txt,site,minitruck/mining-truck-v1.4,tidak,dup3,2
train,ocr_failed_20250303_085652_jpg.rf.3cae65b7bf1a87137847614bb7bfe856_night.txt,site,minitruck/mining-truck-v1.4,ya,-,2
train,ocr_failed_20250303_085836_jpg.rf.a66ea52b6f6eb5b98b92d4f7a60016a5.txt,site,minitruck/mining-truck-v1.4,tidak,-,2
train,ocr_failed_20250303_085836_jpg.rf.a66ea52b6f6eb5b98b92d4f7a60016a5_dup2.txt,site,minitruck/mining-truck-v1.4,tidak,dup2,2
train,ocr_failed_20250303_085836_jpg.rf.a66ea52b6f6eb5b98b92d4f7a60016a5_dup3.txt,site,minitruck/mining-truck-v1.4,tidak,dup3,2
train,ocr_failed_20250303_085836_jpg.rf.a66ea52b6f6eb5b98b92d4f7a60016a5_night.txt,site,minitruck/mining-truck-v1.4,ya,-,2
train,ocr_failed_20250303_090159_jpg.rf.9fd3979233f1057a90ff6de5e131a21b.txt,site,minitruck/mining-truck-v1.4,tidak,-,2
train,ocr_failed_20250303_090159_jpg.rf.9fd3979233f1057a90ff6de5e131a21b_dup2.txt,site,minitruck/mining-truck-v1.4,tidak,dup2,2
train,ocr_failed_20250303_090159_jpg.rf.9fd3979233f1057a90ff6de5e131a21b_dup3.txt,site,minitruck/mining-truck-v1.4,tidak,dup3,2
train,ocr_failed_20250303_090159_jpg.rf.9fd3979233f1057a90ff6de5e131a21b_night.txt,site,minitruck/mining-truck-v1.4,ya,-,2
train,ocr_failed_20250303_090818_jpg.rf.3f0011f082401e8fa245ee1d9dbefd31.txt,site,minitruck/mining-truck-v1.4,tidak,-,2
train,ocr_failed_20250303_090818_jpg.rf.3f0011f082401e8fa245ee1d9dbefd31_dup2.txt,site,minitruck/mining-truck-v1.4,tidak,dup2,2
train,ocr_failed_20250303_090818_jpg.rf.3f0011f082401e8fa245ee1d9dbefd31_dup3.txt,site,minitruck/mining-truck-v1.4,tidak,dup3,2
train,ocr_failed_20250303_090818_jpg.rf.3f0011f082401e8fa245ee1d9dbefd31_night.txt,site,minitruck/mining-truck-v1.4,ya,-,2
train,ocr_failed_20250303_090927_jpg.rf.b7fb0ce08b9960caba5bf7743cace291.txt,site,minitruck/mining-truck-v1.4,tidak,-,2
train,ocr_failed_20250303_090927_jpg.rf.b7fb0ce08b9960caba5bf7743cace291_dup2.txt,site,minitruck/mining-truck-v1.4,tidak,dup2,2
train,ocr_failed_20250303_090927_jpg.rf.b7fb0ce08b9960caba5bf7743cace291_dup3.txt,site,minitruck/mining-truck-v1.4,tidak,dup3,2
train,ocr_failed_20250303_090927_jpg.rf.b7fb0ce08b9960caba5bf7743cace291_night.txt,site,minitruck/mining-truck-v1.4,ya,-,2
train,ocr_failed_20250303_092632_jpg.rf.3f8c2ed304d5c92a4fde22b7d6defe70.txt,site,minitruck/mining-truck-v1.4,tidak,-,2
train,ocr_failed_20250303_092632_jpg.rf.3f8c2ed304d5c92a4fde22b7d6defe70_dup2.txt,site,minitruck/mining-truck-v1.4,tidak,dup2,2
train,ocr_failed_20250303_092632_jpg.rf.3f8c2ed304d5c92a4fde22b7d6defe70_dup3.txt,site,minitruck/mining-truck-v1.4,tidak,dup3,2
train,ocr_failed_20250303_092632_jpg.rf.3f8c2ed304d5c92a4fde22b7d6defe70_night.txt,site,minitruck/mining-truck-v1.4,ya,-,2
train,ocr_failed_20250303_092922_jpg.rf.c78e0359288000cc1bd94184bf746a51.txt,site,minitruck/mining-truck-v1.4,tidak,-,2
train,ocr_failed_20250303_092922_jpg.rf.c78e0359288000cc1bd94184bf746a51_dup2.txt,site,minitruck/mining-truck-v1.4,tidak,dup2,2
train,ocr_failed_20250303_092922_jpg.rf.c78e0359288000cc1bd94184bf746a51_dup3.txt,site,minitruck/mining-truck-v1.4,tidak,dup3,2
train,ocr_failed_20250303_092922_jpg.rf.c78e0359288000cc1bd94184bf746a51_night.txt,site,minitruck/mining-truck-v1.4,ya,-,2
train,ocr_failed_20250303_093959_jpg.rf.63deb297355a3db4179832bc5f38e15a.txt,site,minitruck/mining-truck-v1.4,tidak,-,2
train,ocr_failed_20250303_093959_jpg.rf.63deb297355a3db4179832bc5f38e15a_dup2.txt,site,minitruck/mining-truck-v1.4,tidak,dup2,2
train,ocr_failed_20250303_093959_jpg.rf.63deb297355a3db4179832bc5f38e15a_dup3.txt,site,minitruck/mining-truck-v1.4,tidak,dup3,2
train,ocr_failed_20250303_093959_jpg.rf.63deb297355a3db4179832bc5f38e15a_night.txt,site,minitruck/mining-truck-v1.4,ya,-,2
train,ocr_failed_20250303_094241_jpg.rf.8fe40630182448fc97d19c0faed0679c.txt,site,minitruck/mining-truck-v1.4,tidak,-,2
train,ocr_failed_20250303_094241_jpg.rf.8fe40630182448fc97d19c0faed0679c_dup2.txt,site,minitruck/mining-truck-v1.4,tidak,dup2,2
train,ocr_failed_20250303_094241_jpg.rf.8fe40630182448fc97d19c0faed0679c_dup3.txt,site,minitruck/mining-truck-v1.4,tidak,dup3,2
train,ocr_failed_20250303_094241_jpg.rf.8fe40630182448fc97d19c0faed0679c_night.txt,site,minitruck/mining-truck-v1.4,ya,-,2
train,ocr_failed_20250303_094553_jpg.rf.ed2f85611db6393b4ffcf9420f0d130b.txt,site,minitruck/mining-truck-v1.4,tidak,-,2
train,ocr_failed_20250303_094553_jpg.rf.ed2f85611db6393b4ffcf9420f0d130b_dup2.txt,site,minitruck/mining-truck-v1.4,tidak,dup2,2
train,ocr_failed_20250303_094553_jpg.rf.ed2f85611db6393b4ffcf9420f0d130b_dup3.txt,site,minitruck/mining-truck-v1.4,tidak,dup3,2
train,ocr_failed_20250303_094553_jpg.rf.ed2f85611db6393b4ffcf9420f0d130b_night.txt,site,minitruck/mining-truck-v1.4,ya,-,2
train,ocr_failed_20250303_094824_jpg.rf.1920663cdf5ced5531af2255079c9572.txt,site,minitruck/mining-truck-v1.4,tidak,-,2
train,ocr_failed_20250303_094824_jpg.rf.1920663cdf5ced5531af2255079c9572_dup2.txt,site,minitruck/mining-truck-v1.4,tidak,dup2,2
train,ocr_failed_20250303_094824_jpg.rf.1920663cdf5ced5531af2255079c9572_dup3.txt,site,minitruck/mining-truck-v1.4,tidak,dup3,2
train,ocr_failed_20250303_094824_jpg.rf.1920663cdf5ced5531af2255079c9572_night.txt,site,minitruck/mining-truck-v1.4,ya,-,2
train,ocr_failed_20250303_095631_jpg.rf.42de50f9fa714c46b7f94ea8e54dbe21.txt,site,minitruck/mining-truck-v1.4,tidak,-,2
train,ocr_failed_20250303_095631_jpg.rf.42de50f9fa714c46b7f94ea8e54dbe21_dup2.txt,site,minitruck/mining-truck-v1.4,tidak,dup2,2
train,ocr_failed_20250303_095631_jpg.rf.42de50f9fa714c46b7f94ea8e54dbe21_dup3.txt,site,minitruck/mining-truck-v1.4,tidak,dup3,2
train,ocr_failed_20250303_095631_jpg.rf.42de50f9fa714c46b7f94ea8e54dbe21_night.txt,site,minitruck/mining-truck-v1.4,ya,-,2
train,ocr_failed_20250303_100221_jpg.rf.eac6793ec9aa10f971d386f2163efe22.txt,site,minitruck/mining-truck-v1.4,tidak,-,2
train,ocr_failed_20250303_100221_jpg.rf.eac6793ec9aa10f971d386f2163efe22_dup2.txt,site,minitruck/mining-truck-v1.4,tidak,dup2,2
train,ocr_failed_20250303_100221_jpg.rf.eac6793ec9aa10f971d386f2163efe22_dup3.txt,site,minitruck/mining-truck-v1.4,tidak,dup3,2
train,ocr_failed_20250303_100221_jpg.rf.eac6793ec9aa10f971d386f2163efe22_night.txt,site,minitruck/mining-truck-v1.4,ya,-,2
train,ocr_failed_20250303_100954_jpg.rf.08e94292a7bdf56f6f573f3237f69f9f.txt,site,minitruck/mining-truck-v1.4,tidak,-,2
train,ocr_failed_20250303_100954_jpg.rf.08e94292a7bdf56f6f573f3237f69f9f_dup2.txt,site,minitruck/mining-truck-v1.4,tidak,dup2,2
train,ocr_failed_20250303_100954_jpg.rf.08e94292a7bdf56f6f573f3237f69f9f_dup3.txt,site,minitruck/mining-truck-v1.4,tidak,dup3,2
train,ocr_failed_20250303_100954_jpg.rf.08e94292a7bdf56f6f573f3237f69f9f_night.txt,site,minitruck/mining-truck-v1.4,ya,-,2
train,ocr_failed_20250303_101418_jpg.rf.f2fd7f9663b125477e048937d9ebfc39.txt,site,minitruck/mining-truck-v1.4,tidak,-,2
train,ocr_failed_20250303_101418_jpg.rf.f2fd7f9663b125477e048937d9ebfc39_dup2.txt,site,minitruck/mining-truck-v1.4,tidak,dup2,2
train,ocr_failed_20250303_101418_jpg.rf.f2fd7f9663b125477e048937d9ebfc39_dup3.txt,site,minitruck/mining-truck-v1.4,tidak,dup3,2
train,ocr_failed_20250303_101418_jpg.rf.f2fd7f9663b125477e048937d9ebfc39_night.txt,site,minitruck/mining-truck-v1.4,ya,-,2
train,ocr_failed_20250303_105956_jpg.rf.324b12f618b8a527696b3f75e0d7851b.txt,site,minitruck/mining-truck-v1.4,tidak,-,2
train,ocr_failed_20250303_105956_jpg.rf.324b12f618b8a527696b3f75e0d7851b_dup2.txt,site,minitruck/mining-truck-v1.4,tidak,dup2,2
train,ocr_failed_20250303_105956_jpg.rf.324b12f618b8a527696b3f75e0d7851b_dup3.txt,site,minitruck/mining-truck-v1.4,tidak,dup3,2
train,ocr_failed_20250303_105956_jpg.rf.324b12f618b8a527696b3f75e0d7851b_night.txt,site,minitruck/mining-truck-v1.4,ya,-,2
train,ocr_failed_20250303_110835_jpg.rf.d804956d59f91f9e82e42071c240f0aa.txt,site,minitruck/mining-truck-v1.4,tidak,-,2
train,ocr_failed_20250303_110835_jpg.rf.d804956d59f91f9e82e42071c240f0aa_dup2.txt,site,minitruck/mining-truck-v1.4,tidak,dup2,2
train,ocr_failed_20250303_110835_jpg.rf.d804956d59f91f9e82e42071c240f0aa_dup3.txt,site,minitruck/mining-truck-v1.4,tidak,dup3,2
train,ocr_failed_20250303_110835_jpg.rf.d804956d59f91f9e82e42071c240f0aa_night.txt,site,minitruck/mining-truck-v1.4,ya,-,2
train,ocr_failed_20250303_112227_jpg.rf.0770f6827e60317b5e256b64ee324ec1.txt,site,minitruck/mining-truck-v1.4,tidak,-,2
train,ocr_failed_20250303_112227_jpg.rf.0770f6827e60317b5e256b64ee324ec1_dup2.txt,site,minitruck/mining-truck-v1.4,tidak,dup2,2
train,ocr_failed_20250303_112227_jpg.rf.0770f6827e60317b5e256b64ee324ec1_dup3.txt,site,minitruck/mining-truck-v1.4,tidak,dup3,2
train,ocr_failed_20250303_112227_jpg.rf.0770f6827e60317b5e256b64ee324ec1_night.txt,site,minitruck/mining-truck-v1.4,ya,-,2
train,ocr_failed_20250303_112257_jpg.rf.c8b3c81df1fe260d71763356e476e8ca.txt,site,minitruck/mining-truck-v1.4,tidak,-,2
train,ocr_failed_20250303_112257_jpg.rf.c8b3c81df1fe260d71763356e476e8ca_dup2.txt,site,minitruck/mining-truck-v1.4,tidak,dup2,2
train,ocr_failed_20250303_112257_jpg.rf.c8b3c81df1fe260d71763356e476e8ca_dup3.txt,site,minitruck/mining-truck-v1.4,tidak,dup3,2
train,ocr_failed_20250303_112257_jpg.rf.c8b3c81df1fe260d71763356e476e8ca_night.txt,site,minitruck/mining-truck-v1.4,ya,-,2
train,ocr_failed_20250303_112313_jpg.rf.ca87c712d5e60e42a93dfcb1b7e1896c.txt,site,minitruck/mining-truck-v1.4,tidak,-,2
train,ocr_failed_20250303_112313_jpg.rf.ca87c712d5e60e42a93dfcb1b7e1896c_dup2.txt,site,minitruck/mining-truck-v1.4,tidak,dup2,2
train,ocr_failed_20250303_112313_jpg.rf.ca87c712d5e60e42a93dfcb1b7e1896c_dup3.txt,site,minitruck/mining-truck-v1.4,tidak,dup3,2
train,ocr_failed_20250303_112313_jpg.rf.ca87c712d5e60e42a93dfcb1b7e1896c_night.txt,site,minitruck/mining-truck-v1.4,ya,-,2
train,ocr_failed_20250303_115051_jpg.rf.687514a1030b1b4c70a33e11fb784e92.txt,site,minitruck/mining-truck-v1.4,tidak,-,2
train,ocr_failed_20250303_115051_jpg.rf.687514a1030b1b4c70a33e11fb784e92_dup2.txt,site,minitruck/mining-truck-v1.4,tidak,dup2,2
train,ocr_failed_20250303_115051_jpg.rf.687514a1030b1b4c70a33e11fb784e92_dup3.txt,site,minitruck/mining-truck-v1.4,tidak,dup3,2
train,ocr_failed_20250303_115051_jpg.rf.687514a1030b1b4c70a33e11fb784e92_night.txt,site,minitruck/mining-truck-v1.4,ya,-,2
train,ocr_failed_20250303_122745_jpg.rf.e60c61f6eb341a9cd17f6ef6bcd56b8c.txt,site,minitruck/mining-truck-v1.4,tidak,-,2
train,ocr_failed_20250303_122745_jpg.rf.e60c61f6eb341a9cd17f6ef6bcd56b8c_dup2.txt,site,minitruck/mining-truck-v1.4,tidak,dup2,2
train,ocr_failed_20250303_122745_jpg.rf.e60c61f6eb341a9cd17f6ef6bcd56b8c_dup3.txt,site,minitruck/mining-truck-v1.4,tidak,dup3,2
train,ocr_failed_20250303_122745_jpg.rf.e60c61f6eb341a9cd17f6ef6bcd56b8c_night.txt,site,minitruck/mining-truck-v1.4,ya,-,2
train,ocr_failed_20250303_124120_jpg.rf.4d09a663215d66ea636cf16f86cfc3bd.txt,site,minitruck/mining-truck-v1.4,tidak,-,2
train,ocr_failed_20250303_124120_jpg.rf.4d09a663215d66ea636cf16f86cfc3bd_dup2.txt,site,minitruck/mining-truck-v1.4,tidak,dup2,2
train,ocr_failed_20250303_124120_jpg.rf.4d09a663215d66ea636cf16f86cfc3bd_dup3.txt,site,minitruck/mining-truck-v1.4,tidak,dup3,2
train,ocr_failed_20250303_124120_jpg.rf.4d09a663215d66ea636cf16f86cfc3bd_night.txt,site,minitruck/mining-truck-v1.4,ya,-,2
train,ocr_failed_20250303_134059_jpg.rf.9e0f75f6a850989ff0ff63895efd4d13.txt,site,minitruck/mining-truck-v1.4,tidak,-,2
train,ocr_failed_20250303_134059_jpg.rf.9e0f75f6a850989ff0ff63895efd4d13_dup2.txt,site,minitruck/mining-truck-v1.4,tidak,dup2,2
train,ocr_failed_20250303_134059_jpg.rf.9e0f75f6a850989ff0ff63895efd4d13_dup3.txt,site,minitruck/mining-truck-v1.4,tidak,dup3,2
train,ocr_failed_20250303_134059_jpg.rf.9e0f75f6a850989ff0ff63895efd4d13_night.txt,site,minitruck/mining-truck-v1.4,ya,-,2
train,ocr_failed_20250303_154034_jpg.rf.dd69519714c618d8d3b2c34e5bc4c272.txt,site,minitruck/mining-truck-v1.4,tidak,-,2
train,ocr_failed_20250303_154034_jpg.rf.dd69519714c618d8d3b2c34e5bc4c272_dup2.txt,site,minitruck/mining-truck-v1.4,tidak,dup2,2
train,ocr_failed_20250303_154034_jpg.rf.dd69519714c618d8d3b2c34e5bc4c272_dup3.txt,site,minitruck/mining-truck-v1.4,tidak,dup3,2
train,ocr_failed_20250303_154034_jpg.rf.dd69519714c618d8d3b2c34e5bc4c272_night.txt,site,minitruck/mining-truck-v1.4,ya,-,2
train,ocr_failed_20250303_164033_jpg.rf.5b9472f2cdb8ce86b00070297326f5c4.txt,site,minitruck/mining-truck-v1.4,tidak,-,2
train,ocr_failed_20250303_164033_jpg.rf.5b9472f2cdb8ce86b00070297326f5c4_dup2.txt,site,minitruck/mining-truck-v1.4,tidak,dup2,2
train,ocr_failed_20250303_164033_jpg.rf.5b9472f2cdb8ce86b00070297326f5c4_dup3.txt,site,minitruck/mining-truck-v1.4,tidak,dup3,2
train,ocr_failed_20250303_164033_jpg.rf.5b9472f2cdb8ce86b00070297326f5c4_night.txt,site,minitruck/mining-truck-v1.4,ya,-,2
train,ocr_failed_20250303_171218_jpg.rf.1912b05b6d875ca0fce002d43fb9fabd.txt,site,minitruck/mining-truck-v1.4,tidak,-,2
train,ocr_failed_20250303_171218_jpg.rf.1912b05b6d875ca0fce002d43fb9fabd_dup2.txt,site,minitruck/mining-truck-v1.4,tidak,dup2,2
train,ocr_failed_20250303_171218_jpg.rf.1912b05b6d875ca0fce002d43fb9fabd_dup3.txt,site,minitruck/mining-truck-v1.4,tidak,dup3,2
train,ocr_failed_20250303_171218_jpg.rf.1912b05b6d875ca0fce002d43fb9fabd_night.txt,site,minitruck/mining-truck-v1.4,ya,-,2
train,ocr_failed_20250303_181429_jpg.rf.c34c5168799dfd78ba21bad0b2a435b4.txt,site,minitruck/mining-truck-v1.4,tidak,-,2
train,ocr_failed_20250303_181429_jpg.rf.c34c5168799dfd78ba21bad0b2a435b4_dup2.txt,site,minitruck/mining-truck-v1.4,tidak,dup2,2
train,ocr_failed_20250303_181429_jpg.rf.c34c5168799dfd78ba21bad0b2a435b4_dup3.txt,site,minitruck/mining-truck-v1.4,tidak,dup3,2
train,ocr_failed_20250303_181429_jpg.rf.c34c5168799dfd78ba21bad0b2a435b4_night.txt,site,minitruck/mining-truck-v1.4,ya,-,2
train,rf100_Image_1000_jpg.rf.27526e29b62df3d4cb0b3df70c5b78ea.txt,rf100,roboflow-100/excavators-czvg9,tidak,-,2
train,rf100_Image_1000_jpg.rf.27526e29b62df3d4cb0b3df70c5b78ea_night.txt,rf100,roboflow-100/excavators-czvg9,ya,-,2
train,rf100_Image_1001_jpg.rf.fc12ab2f234259b1e4a4c33fa98a7870.txt,rf100,roboflow-100/excavators-czvg9,tidak,-,1
train,rf100_Image_1002_jpg.rf.83c98835dde8a9815dedbddbccbaa63a.txt,rf100,roboflow-100/excavators-czvg9,tidak,-,1
train,rf100_Image_1003_jpg.rf.2b504ca223b354107d4e8449f0cc4080.txt,rf100,roboflow-100/excavators-czvg9,tidak,-,1
train,rf100_Image_1004_jpg.rf.253b6d52a1dd9c9869fffcf77b81c809.txt,rf100,roboflow-100/excavators-czvg9,tidak,-,1
train,rf100_Image_1004_jpg.rf.253b6d52a1dd9c9869fffcf77b81c809_night.txt,rf100,roboflow-100/excavators-czvg9,ya,-,1
train,rf100_Image_1005_jpg.rf.3239a61c68a4e69dce0b088e6d6d25d7.txt,rf100,roboflow-100/excavators-czvg9,tidak,-,1
train,rf100_Image_1006_jpg.rf.6577b5070d3d639fa049477c2fc2ff38.txt,rf100,roboflow-100/excavators-czvg9,tidak,-,5
train,rf100_Image_1007_jpg.rf.345e2d6079d69778850048637b2b4d5c.txt,rf100,roboflow-100/excavators-czvg9,tidak,-,1
train,rf100_Image_1007_jpg.rf.345e2d6079d69778850048637b2b4d5c_night.txt,rf100,roboflow-100/excavators-czvg9,ya,-,1
train,rf100_Image_1008_jpg.rf.526a6b68aa52548d368ea0b010db5e8c.txt,rf100,roboflow-100/excavators-czvg9,tidak,-,1
train,rf100_Image_1008_jpg.rf.526a6b68aa52548d368ea0b010db5e8c_night.txt,rf100,roboflow-100/excavators-czvg9,ya,-,1
train,rf100_Image_1009_jpg.rf.e4e64a8e5a17e1dec3de8b9307b95897.txt,rf100,roboflow-100/excavators-czvg9,tidak,-,1
train,rf100_Image_1010_jpg.rf.369529f91affbeb3576aa667ce21347d.txt,rf100,roboflow-100/excavators-czvg9,tidak,-,1
train,rf100_Image_1011_jpg.rf.56cf7cafa3b95102f7bec19b18f9ad1c.txt,rf100,roboflow-100/excavators-czvg9,tidak,-,1
train,rf100_Image_1011_jpg.rf.56cf7cafa3b95102f7bec19b18f9ad1c_night.txt,rf100,roboflow-100/excavators-czvg9,ya,-,1
train,rf100_Image_1012_jpg.rf.3571e7072eb21fee0afa690378819a27.txt,rf100,roboflow-100/excavators-czvg9,tidak,-,1
train,rf100_Image_1012_jpg.rf.3571e7072eb21fee0afa690378819a27_night.txt,rf100,roboflow-100/excavators-czvg9,ya,-,1
train,rf100_Image_1013_jpg.rf.a76c41cbaf6509050dee50c38d2eecec.txt,rf100,roboflow-100/excavators-czvg9,tidak,-,1
train,rf100_Image_1013_jpg.rf.a76c41cbaf6509050dee50c38d2eecec_night.txt,rf100,roboflow-100/excavators-czvg9,ya,-,1
train,rf100_Image_1014_jpg.rf.8dbcbb71d0a5aa38b0d4b76bddf50790.txt,rf100,roboflow-100/excavators-czvg9,tidak,-,1
train,rf100_Image_1014_jpg.rf.8dbcbb71d0a5aa38b0d4b76bddf50790_night.txt,rf100,roboflow-100/excavators-czvg9,ya,-,1
train,rf100_Image_1015_jpg.rf.b86f4e09c09f51b82e5ad97fe5c4fa2b.txt,rf100,roboflow-100/excavators-czvg9,tidak,-,1
train,rf100_Image_1015_jpg.rf.b86f4e09c09f51b82e5ad97fe5c4fa2b_night.txt,rf100,roboflow-100/excavators-czvg9,ya,-,1
train,rf100_Image_1016_jpg.rf.f079b38e2ccfc83c18b68f4507c2baa5.txt,rf100,roboflow-100/excavators-czvg9,tidak,-,1
train,rf100_Image_1017_jpg.rf.2d6413cc680f53c51f5ab6c8b8589639.txt,rf100,roboflow-100/excavators-czvg9,tidak,-,2
train,rf100_Image_1018_jpg.rf.5b3db5abf4cbad20b406cf77ddc03344.txt,rf100,roboflow-100/excavators-czvg9,tidak,-,4
train,rf100_Image_1018_jpg.rf.5b3db5abf4cbad20b406cf77ddc03344_night.txt,rf100,roboflow-100/excavators-czvg9,ya,-,4
train,rf100_Image_1019_jpg.rf.0bb9903ec59401b2c5efa0fd6dfc2570.txt,rf100,roboflow-100/excavators-czvg9,tidak,-,1
train,rf100_Image_1020_jpg.rf.ee76f17416fd5ed06b8b363e290c7a38.txt,rf100,roboflow-100/excavators-czvg9,tidak,-,1
train,rf100_Image_1021_jpg.rf.74872395a463e72a834f750618d9c8cc.txt,rf100,roboflow-100/excavators-czvg9,tidak,-,1
train,rf100_Image_1022_jpg.rf.cdc2c3c208750032d6e435a064a95d01.txt,rf100,roboflow-100/excavators-czvg9,tidak,-,1
train,rf100_Image_1023_jpg.rf.599d6530795c524d456bc2f5fd2a2d55.txt,rf100,roboflow-100/excavators-czvg9,tidak,-,2
train,rf100_Image_1023_jpg.rf.599d6530795c524d456bc2f5fd2a2d55_night.txt,rf100,roboflow-100/excavators-czvg9,ya,-,2
train,rf100_Image_1024_jpg.rf.849cf3c8ce1f1ba10d94bb852f43191d.txt,rf100,roboflow-100/excavators-czvg9,tidak,-,1
train,rf100_Image_1024_jpg.rf.849cf3c8ce1f1ba10d94bb852f43191d_night.txt,rf100,roboflow-100/excavators-czvg9,ya,-,1
train,rf100_Image_1025_jpg.rf.a36472ee4d6e3b71553117123503d815.txt,rf100,roboflow-100/excavators-czvg9,tidak,-,2
train,rf100_Image_1025_jpg.rf.a36472ee4d6e3b71553117123503d815_night.txt,rf100,roboflow-100/excavators-czvg9,ya,-,2
train,rf100_Image_1026_jpg.rf.3f78c6180a605e8baaca2bef0cf04ad2.txt,rf100,roboflow-100/excavators-czvg9,tidak,-,1
train,rf100_Image_1027_jpg.rf.3a212d428adbf18f9bc33514cc1656cd.txt,rf100,roboflow-100/excavators-czvg9,tidak,-,1
train,rf100_Image_1028_jpg.rf.612d045c05d5c6a60858ff7eb7568db7.txt,rf100,roboflow-100/excavators-czvg9,tidak,-,1
train,rf100_Image_1029_jpg.rf.a2660277a01d555de3fb533f251d16d2.txt,rf100,roboflow-100/excavators-czvg9,tidak,-,1
train,rf100_Image_1029_jpg.rf.a2660277a01d555de3fb533f251d16d2_night.txt,rf100,roboflow-100/excavators-czvg9,ya,-,1
train,rf100_Image_1030_jpg.rf.bc54d57e02aa67946053358516bca74c.txt,rf100,roboflow-100/excavators-czvg9,tidak,-,1
train,rf100_Image_1031_jpg.rf.01a785a7d861351ec2b46d7900a38500.txt,rf100,roboflow-100/excavators-czvg9,tidak,-,1
train,rf100_Image_1031_jpg.rf.01a785a7d861351ec2b46d7900a38500_night.txt,rf100,roboflow-100/excavators-czvg9,ya,-,1
train,rf100_Image_1032_jpg.rf.52d5624ec52be5aae96bb761f7721571.txt,rf100,roboflow-100/excavators-czvg9,tidak,-,1
train,rf100_Image_1032_jpg.rf.52d5624ec52be5aae96bb761f7721571_night.txt,rf100,roboflow-100/excavators-czvg9,ya,-,1
train,rf100_Image_1033_jpg.rf.83714398ce088eab38a2d271aa3c5061.txt,rf100,roboflow-100/excavators-czvg9,tidak,-,1
train,rf100_Image_1033_jpg.rf.83714398ce088eab38a2d271aa3c5061_night.txt,rf100,roboflow-100/excavators-czvg9,ya,-,1
train,rf100_Image_1035_jpg.rf.80786a3eeada9f741256b966356e45c3.txt,rf100,roboflow-100/excavators-czvg9,tidak,-,1
train,rf100_Image_1035_jpg.rf.80786a3eeada9f741256b966356e45c3_night.txt,rf100,roboflow-100/excavators-czvg9,ya,-,1
train,rf100_Image_1036_jpg.rf.b4c8969fd448ed1ac8ce6f45e02f81b3.txt,rf100,roboflow-100/excavators-czvg9,tidak,-,2
train,rf100_Image_1036_jpg.rf.b4c8969fd448ed1ac8ce6f45e02f81b3_night.txt,rf100,roboflow-100/excavators-czvg9,ya,-,2
train,rf100_Image_1037_jpg.rf.8bd09cac6b3367d22bcad2a47849e2e1.txt,rf100,roboflow-100/excavators-czvg9,tidak,-,1
train,rf100_Image_1037_jpg.rf.8bd09cac6b3367d22bcad2a47849e2e1_night.txt,rf100,roboflow-100/excavators-czvg9,ya,-,1
train,rf100_Image_1038_jpg.rf.ab2ca9a7dd40103ba1a23bf8967049fe.txt,rf100,roboflow-100/excavators-czvg9,tidak,-,1
train,rf100_Image_1039_jpg.rf.6363651e96500d7921a6c3d6fea32ff1.txt,rf100,roboflow-100/excavators-czvg9,tidak,-,2
train,rf100_Image_1039_jpg.rf.6363651e96500d7921a6c3d6fea32ff1_night.txt,rf100,roboflow-100/excavators-czvg9,ya,-,2
train,rf100_Image_1040_jpg.rf.583fea6464c4b6d4fb27fac8510b18f4.txt,rf100,roboflow-100/excavators-czvg9,tidak,-,2
train,rf100_Image_1041_jpg.rf.5f02b1508974941c01a547f7650bdc0a.txt,rf100,roboflow-100/excavators-czvg9,tidak,-,6
train,rf100_Image_1041_jpg.rf.5f02b1508974941c01a547f7650bdc0a_night.txt,rf100,roboflow-100/excavators-czvg9,ya,-,6
train,rf100_Image_1042_jpg.rf.ca46edaacaeb37169b6ea3519779f387.txt,rf100,roboflow-100/excavators-czvg9,tidak,-,2
train,rf100_Image_1043_jpg.rf.561f0af3454981a8106d90e2d3c6f5d7.txt,rf100,roboflow-100/excavators-czvg9,tidak,-,4
train,rf100_Image_1043_jpg.rf.561f0af3454981a8106d90e2d3c6f5d7_night.txt,rf100,roboflow-100/excavators-czvg9,ya,-,4
train,rf100_Image_1044_jpg.rf.c8b335aa1a0dc8555a6897ef1d052672.txt,rf100,roboflow-100/excavators-czvg9,tidak,-,1
train,rf100_Image_1045_jpg.rf.476bcdaaf996d62ac36637791f86ca28.txt,rf100,roboflow-100/excavators-czvg9,tidak,-,1
train,rf100_Image_1045_jpg.rf.476bcdaaf996d62ac36637791f86ca28_night.txt,rf100,roboflow-100/excavators-czvg9,ya,-,1
train,rf100_Image_1046_jpg.rf.8f630c4c7b888dd3f4988c6790beaa8c.txt,rf100,roboflow-100/excavators-czvg9,tidak,-,1
train,rf100_Image_1047_jpg.rf.b83bdd65d72bf2d72eeaebecc5bda200.txt,rf100,roboflow-100/excavators-czvg9,tidak,-,1
train,rf100_Image_1047_jpg.rf.b83bdd65d72bf2d72eeaebecc5bda200_night.txt,rf100,roboflow-100/excavators-czvg9,ya,-,1
train,rf100_Image_1048_jpg.rf.b7950d0a181d83971667f4be364bf314.txt,rf100,roboflow-100/excavators-czvg9,tidak,-,1
train,rf100_Image_1049_jpg.rf.51713a4d94e0f02f4fc7197aa282d705.txt,rf100,roboflow-100/excavators-czvg9,tidak,-,1
train,rf100_Image_1050_jpg.rf.c68ec68f2b01fc3f1a316b768c23882b.txt,rf100,roboflow-100/excavators-czvg9,tidak,-,1
train,rf100_Image_974_jpg.rf.775964819ac17e1b903fd93968ea479c.txt,rf100,roboflow-100/excavators-czvg9,tidak,-,1
train,rf100_Image_974_jpg.rf.775964819ac17e1b903fd93968ea479c_night.txt,rf100,roboflow-100/excavators-czvg9,ya,-,1
train,rf100_Image_975_jpg.rf.c78b6045567ca66882d843d453cf5a8f.txt,rf100,roboflow-100/excavators-czvg9,tidak,-,1
train,rf100_Image_975_jpg.rf.c78b6045567ca66882d843d453cf5a8f_night.txt,rf100,roboflow-100/excavators-czvg9,ya,-,1
train,rf100_Image_977_jpg.rf.4757e3ef9425d0289f358408b36e70a0.txt,rf100,roboflow-100/excavators-czvg9,tidak,-,1
train,rf100_Image_979_jpg.rf.f6b7b8e26b460940335a3b354cc12db1.txt,rf100,roboflow-100/excavators-czvg9,tidak,-,1
train,rf100_Image_980_jpg.rf.09cd7a60feddb5ee0363c47fae5444c9.txt,rf100,roboflow-100/excavators-czvg9,tidak,-,1
train,rf100_Image_981_jpg.rf.37716c59cfc7233d641419381661f135.txt,rf100,roboflow-100/excavators-czvg9,tidak,-,1
train,rf100_Image_984_jpg.rf.13517e9074d8479adbcdc495b571820e.txt,rf100,roboflow-100/excavators-czvg9,tidak,-,2
train,rf100_Image_985_jpg.rf.5ca57b4343592df54bb275bc9dfc16e5.txt,rf100,roboflow-100/excavators-czvg9,tidak,-,1
train,rf100_Image_985_jpg.rf.5ca57b4343592df54bb275bc9dfc16e5_night.txt,rf100,roboflow-100/excavators-czvg9,ya,-,1
train,rf100_Image_987_jpg.rf.9ec24792105d6ef9df6589959d119dc0.txt,rf100,roboflow-100/excavators-czvg9,tidak,-,1
train,rf100_Image_987_jpg.rf.9ec24792105d6ef9df6589959d119dc0_night.txt,rf100,roboflow-100/excavators-czvg9,ya,-,1
train,rf100_Image_988_jpg.rf.856936ec02c775aec880ad97c40b69fa.txt,rf100,roboflow-100/excavators-czvg9,tidak,-,1
train,rf100_Image_989_jpg.rf.66fcf2c3c6cb3106bccbdd397b140b91.txt,rf100,roboflow-100/excavators-czvg9,tidak,-,1
train,rf100_Image_989_jpg.rf.66fcf2c3c6cb3106bccbdd397b140b91_night.txt,rf100,roboflow-100/excavators-czvg9,ya,-,1
train,rf100_Image_990_jpg.rf.9ee863efefac4fb133002d404b81a0c1.txt,rf100,roboflow-100/excavators-czvg9,tidak,-,1
train,rf100_Image_991_jpg.rf.a342a6f3c94cadd061a8995dc563a079.txt,rf100,roboflow-100/excavators-czvg9,tidak,-,2
train,rf100_Image_992_jpg.rf.4017d691ca922beba9d140a3a2a9aa1c.txt,rf100,roboflow-100/excavators-czvg9,tidak,-,1
train,rf100_Image_992_jpg.rf.4017d691ca922beba9d140a3a2a9aa1c_night.txt,rf100,roboflow-100/excavators-czvg9,ya,-,1
train,rf100_Image_993_jpg.rf.afc94ff3d296a368660c1ec944988e7f.txt,rf100,roboflow-100/excavators-czvg9,tidak,-,1
train,rf100_Image_995_jpg.rf.36a74dfadb388fdccb2a275f990dd1e7.txt,rf100,roboflow-100/excavators-czvg9,tidak,-,1
train,rf100_Image_995_jpg.rf.36a74dfadb388fdccb2a275f990dd1e7_night.txt,rf100,roboflow-100/excavators-czvg9,ya,-,1
train,rf100_Image_996_jpg.rf.0dbfb391f86f2536acfad21024cb8d06.txt,rf100,roboflow-100/excavators-czvg9,tidak,-,1
train,rf100_Image_997_jpg.rf.7a4af157e263bb890a2fc9f2a0f9d34a.txt,rf100,roboflow-100/excavators-czvg9,tidak,-,1
train,rf100_Image_997_jpg.rf.7a4af157e263bb890a2fc9f2a0f9d34a_night.txt,rf100,roboflow-100/excavators-czvg9,ya,-,1
train,rf100_Image_998_jpg.rf.abbf420ee5334cc88920facf7037ec93.txt,rf100,roboflow-100/excavators-czvg9,tidak,-,1
train,rf100_Image_998_jpg.rf.abbf420ee5334cc88920facf7037ec93_night.txt,rf100,roboflow-100/excavators-czvg9,ya,-,1
train,rf100_Image_999_jpg.rf.0b661b1c4bd79bdcd9aa57ea350cb221.txt,rf100,roboflow-100/excavators-czvg9,tidak,-,1
train,rf100_Image_999_jpg.rf.0b661b1c4bd79bdcd9aa57ea350cb221_night.txt,rf100,roboflow-100/excavators-czvg9,ya,-,1
train,rf100_construction--1-_mp4-0_jpg.rf.82ab9c632eec97a49adc0799ea3dbb4c.txt,rf100,roboflow-100/excavators-czvg9,tidak,-,2
train,rf100_construction--1-_mp4-101_jpg.rf.febd9597683a17ab30d9d0c5e5507560.txt,rf100,roboflow-100/excavators-czvg9,tidak,-,1
train,rf100_construction--1-_mp4-102_jpg.rf.14d1d5bb7fdf98631eadbf504f28dc4f.txt,rf100,roboflow-100/excavators-czvg9,tidak,-,0
train,rf100_construction--1-_mp4-105_jpg.rf.f68604c3094952bfca24e23d488de70a.txt,rf100,roboflow-100/excavators-czvg9,tidak,-,0
train,rf100_construction--1-_mp4-109_jpg.rf.23332fabc5a2e6f99e21e9e4d883874f.txt,rf100,roboflow-100/excavators-czvg9,tidak,-,0
train,rf100_construction--1-_mp4-112_jpg.rf.fd80d21935f49e51cf509dec4ba4a89f.txt,rf100,roboflow-100/excavators-czvg9,tidak,-,1
train,rf100_construction--1-_mp4-113_jpg.rf.df3aaed0d88190a8e23266a256c231fe.txt,rf100,roboflow-100/excavators-czvg9,tidak,-,1
train,rf100_construction--1-_mp4-114_jpg.rf.875448bec3392c3c45d9e54d04f85d23.txt,rf100,roboflow-100/excavators-czvg9,tidak,-,0
train,rf100_construction--1-_mp4-115_jpg.rf.4e072d52308249a4fb8ebf388ed35924.txt,rf100,roboflow-100/excavators-czvg9,tidak,-,1
train,rf100_construction--1-_mp4-116_jpg.rf.3c4da4d7a3e7a1937e77a62a836aa34b.txt,rf100,roboflow-100/excavators-czvg9,tidak,-,0
train,rf100_construction--1-_mp4-117_jpg.rf.7c181de02ab2e677fae4e095fb7aac26.txt,rf100,roboflow-100/excavators-czvg9,tidak,-,0
train,rf100_construction--1-_mp4-119_jpg.rf.7c2cbff0bf2055b731076896fcd1bb46.txt,rf100,roboflow-100/excavators-czvg9,tidak,-,1
train,rf100_construction--1-_mp4-120_jpg.rf.1760de684584a68e0e9178a5be017a34.txt,rf100,roboflow-100/excavators-czvg9,tidak,-,1
train,rf100_construction--1-_mp4-121_jpg.rf.4acef0401dfa33fdc5a10e60440ab3fb.txt,rf100,roboflow-100/excavators-czvg9,tidak,-,2
train,rf100_construction--1-_mp4-122_jpg.rf.ac7a0cb185b2d7d482c4f3f67883ace6.txt,rf100,roboflow-100/excavators-czvg9,tidak,-,2
train,rf100_construction--1-_mp4-123_jpg.rf.2e687252783bdf03093f808194e8c897.txt,rf100,roboflow-100/excavators-czvg9,tidak,-,2
train,rf100_construction--1-_mp4-124_jpg.rf.649fe680187621eb5a261bb0b43106b7.txt,rf100,roboflow-100/excavators-czvg9,tidak,-,2
train,rf100_construction--1-_mp4-128_jpg.rf.d351d0aafed7c6e3542e9ac9b1b16031.txt,rf100,roboflow-100/excavators-czvg9,tidak,-,2
train,rf100_construction--1-_mp4-130_jpg.rf.00fc8fdaee68323d08e7c735b5c6c7e1.txt,rf100,roboflow-100/excavators-czvg9,tidak,-,1
train,rf100_construction--1-_mp4-131_jpg.rf.96a10d7d5a5d32f29e300673f3527330.txt,rf100,roboflow-100/excavators-czvg9,tidak,-,0
train,rf100_construction--1-_mp4-132_jpg.rf.b1b5c215e122f7eb7bb17bc7cae12ae7.txt,rf100,roboflow-100/excavators-czvg9,tidak,-,0
train,rf100_construction--1-_mp4-134_jpg.rf.a42cc990b12de1a05369160e4c400432.txt,rf100,roboflow-100/excavators-czvg9,tidak,-,0
train,rf100_construction--1-_mp4-135_jpg.rf.efafde0ce56ae27dbdb1703321bf6f29.txt,rf100,roboflow-100/excavators-czvg9,tidak,-,0
train,rf100_construction--1-_mp4-136_jpg.rf.b300328d87c349df392bf08f17d7a9cf.txt,rf100,roboflow-100/excavators-czvg9,tidak,-,2
train,rf100_construction--1-_mp4-137_jpg.rf.e197736db48675954ce178b90ffa3e1d.txt,rf100,roboflow-100/excavators-czvg9,tidak,-,1
train,rf100_construction--1-_mp4-138_jpg.rf.84d3a087af8198ea65ebafcfdd865777.txt,rf100,roboflow-100/excavators-czvg9,tidak,-,2
train,rf100_construction--1-_mp4-139_jpg.rf.db6eed36afa611fa029f0cf396bc5cdc.txt,rf100,roboflow-100/excavators-czvg9,tidak,-,2
train,rf100_construction--1-_mp4-13_jpg.rf.eb78623a4f4ab8d12bb5a2bf2edc2942.txt,rf100,roboflow-100/excavators-czvg9,tidak,-,1
train,rf100_construction--1-_mp4-140_jpg.rf.7debac5acb2345b1b37e82ff439b624a.txt,rf100,roboflow-100/excavators-czvg9,tidak,-,2
train,rf100_construction--1-_mp4-142_jpg.rf.d14b5aeb64557541529372f5599a867c.txt,rf100,roboflow-100/excavators-czvg9,tidak,-,2
train,rf100_construction--1-_mp4-145_jpg.rf.2a87bbab2d53be059677ba79effc4e3e.txt,rf100,roboflow-100/excavators-czvg9,tidak,-,0
train,rf100_construction--1-_mp4-146_jpg.rf.ccc7f1d5c89f976caf9b86bf5ac40c35.txt,rf100,roboflow-100/excavators-czvg9,tidak,-,0
train,rf100_construction--1-_mp4-148_jpg.rf.c1dd481c905aa26bfa60a10a049b028b.txt,rf100,roboflow-100/excavators-czvg9,tidak,-,1
train,rf100_construction--1-_mp4-149_jpg.rf.d2718345944624d3d4d34e98fee7617b.txt,rf100,roboflow-100/excavators-czvg9,tidak,-,0
train,rf100_construction--1-_mp4-14_jpg.rf.3a8da67fe5625675c6aff8686e8f5577.txt,rf100,roboflow-100/excavators-czvg9,tidak,-,1
train,rf100_construction--1-_mp4-150_jpg.rf.25842bd0f6d518db71ec56657f4b7987.txt,rf100,roboflow-100/excavators-czvg9,tidak,-,1
train,rf100_construction--1-_mp4-151_jpg.rf.c44703c01ebcd191e2f60f5a4c3bd636.txt,rf100,roboflow-100/excavators-czvg9,tidak,-,0
train,rf100_construction--1-_mp4-152_jpg.rf.13abb0d72bc99f41157c10311413b4f3.txt,rf100,roboflow-100/excavators-czvg9,tidak,-,0
train,rf100_construction--1-_mp4-155_jpg.rf.e933ce81f80243864a63170f906ba655.txt,rf100,roboflow-100/excavators-czvg9,tidak,-,0
train,rf100_construction--1-_mp4-156_jpg.rf.847fab74ca25c22a894fdcda50cbe19c.txt,rf100,roboflow-100/excavators-czvg9,tidak,-,0
train,rf100_construction--1-_mp4-157_jpg.rf.12cfb83b933fc3ddd38dfde6faecaae3.txt,rf100,roboflow-100/excavators-czvg9,tidak,-,0
train,rf100_construction--1-_mp4-17_jpg.rf.83b7f059216df2aba1b95b47b0c9afc5.txt,rf100,roboflow-100/excavators-czvg9,tidak,-,1
train,rf100_construction--1-_mp4-18_jpg.rf.46a508d2b6362f323e6943ec08a70b88.txt,rf100,roboflow-100/excavators-czvg9,tidak,-,1
train,rf100_construction--1-_mp4-23_jpg.rf.8dd3a6d8befb8e0509ebcb4285deb2a9.txt,rf100,roboflow-100/excavators-czvg9,tidak,-,2
train,rf100_construction--1-_mp4-25_jpg.rf.2a80a9ee2bea2946bf46259c9341ae0b.txt,rf100,roboflow-100/excavators-czvg9,tidak,-,2
train,rf100_construction--1-_mp4-27_jpg.rf.b6ffca61a4ad72f59bdd346ddcddb9aa.txt,rf100,roboflow-100/excavators-czvg9,tidak,-,2
train,rf100_construction--1-_mp4-28_jpg.rf.288e9a18a85134a54df98028e69d4af9.txt,rf100,roboflow-100/excavators-czvg9,tidak,-,1
train,rf100_construction--1-_mp4-29_jpg.rf.ec127ffbd20e6ff71f2767522ec64b8a.txt,rf100,roboflow-100/excavators-czvg9,tidak,-,1
train,rf100_construction--1-_mp4-31_jpg.rf.c9722d4eeb5d2dcbd00920dff59c0b95.txt,rf100,roboflow-100/excavators-czvg9,tidak,-,1
train,rf100_construction--1-_mp4-32_jpg.rf.e62775519d9d5c1637574df0aa1dc847.txt,rf100,roboflow-100/excavators-czvg9,tidak,-,1
train,rf100_construction--1-_mp4-35_jpg.rf.1b164f6d74f6d35e472e3338c5411f15.txt,rf100,roboflow-100/excavators-czvg9,tidak,-,1
train,rf100_construction--1-_mp4-36_jpg.rf.4887d6798d1e083b0cc02b76cb5382a8.txt,rf100,roboflow-100/excavators-czvg9,tidak,-,1
train,rf100_construction--1-_mp4-38_jpg.rf.faa4e9073ee351be1ca88292afb10354.txt,rf100,roboflow-100/excavators-czvg9,tidak,-,1
train,rf100_construction--1-_mp4-3_jpg.rf.fce7d5e59c34c9c8aeb5622bc01f66c1.txt,rf100,roboflow-100/excavators-czvg9,tidak,-,2
train,rf100_construction--1-_mp4-40_jpg.rf.85f09d359b570384b04eb906b35d4917.txt,rf100,roboflow-100/excavators-czvg9,tidak,-,1
train,rf100_construction--1-_mp4-42_jpg.rf.32eeaa8d9f4b3178cc14c9cd2cc6365d.txt,rf100,roboflow-100/excavators-czvg9,tidak,-,1
train,rf100_construction--1-_mp4-43_jpg.rf.852b5530c9b7732f6dfafcf336baeb87.txt,rf100,roboflow-100/excavators-czvg9,tidak,-,1
train,rf100_construction--1-_mp4-46_jpg.rf.2ac1d5d3f5161ec2e7d953068369bd46.txt,rf100,roboflow-100/excavators-czvg9,tidak,-,2
train,rf100_construction--1-_mp4-47_jpg.rf.6f664ac896749c818e5c290cd71ada8b.txt,rf100,roboflow-100/excavators-czvg9,tidak,-,1
train,rf100_construction--1-_mp4-48_jpg.rf.d8c982bf61ab8326c2f6df4a11b58e3d.txt,rf100,roboflow-100/excavators-czvg9,tidak,-,1
train,rf100_construction--1-_mp4-49_jpg.rf.5431eb651620eae29fa07a86d7dfcc8f.txt,rf100,roboflow-100/excavators-czvg9,tidak,-,2
train,rf100_construction--1-_mp4-4_jpg.rf.f5b215886eb11f84ce31f3adfd568699.txt,rf100,roboflow-100/excavators-czvg9,tidak,-,2
train,rf100_construction--1-_mp4-51_jpg.rf.cddb980792ed8f08ab001a37c694f860.txt,rf100,roboflow-100/excavators-czvg9,tidak,-,1
train,rf100_construction--1-_mp4-52_jpg.rf.5e32b1fa9c922f2b5a81da069e84d77e.txt,rf100,roboflow-100/excavators-czvg9,tidak,-,1
train,rf100_construction--1-_mp4-53_jpg.rf.adf3b810edc719916e30234a6efff3fe.txt,rf100,roboflow-100/excavators-czvg9,tidak,-,1
train,rf100_construction--1-_mp4-55_jpg.rf.1a14671e2060e13a62c7a39cb3b6056c.txt,rf100,roboflow-100/excavators-czvg9,tidak,-,1
train,rf100_construction--1-_mp4-56_jpg.rf.bee4ead9f1cbf50718eb2c6c670b1b2b.txt,rf100,roboflow-100/excavators-czvg9,tidak,-,1
train,rf100_construction--1-_mp4-57_jpg.rf.41454bf2c92fbbac4bfa71c0a4b1d8c8.txt,rf100,roboflow-100/excavators-czvg9,tidak,-,1
train,rf100_construction--1-_mp4-59_jpg.rf.1ee746c010d81dfa54a41702e9237363.txt,rf100,roboflow-100/excavators-czvg9,tidak,-,1
train,rf100_construction--1-_mp4-60_jpg.rf.602b47916cb86ead732348a43d0f6fe0.txt,rf100,roboflow-100/excavators-czvg9,tidak,-,0
train,rf100_construction--1-_mp4-63_jpg.rf.83174d2db3a0327e7a9b78e951bced66.txt,rf100,roboflow-100/excavators-czvg9,tidak,-,1
train,rf100_construction--1-_mp4-64_jpg.rf.3c23b923850a57650e53bc1f4e6a80c6.txt,rf100,roboflow-100/excavators-czvg9,tidak,-,1
train,rf100_construction--1-_mp4-65_jpg.rf.4af2b2b899acb26fd26cbf4484b2b2b8.txt,rf100,roboflow-100/excavators-czvg9,tidak,-,1
train,rf100_construction--1-_mp4-66_jpg.rf.42ff06c9a882827b7cba2f8a05346252.txt,rf100,roboflow-100/excavators-czvg9,tidak,-,1
train,rf100_construction--1-_mp4-68_jpg.rf.9616000d03a76963ce7995b88071ea69.txt,rf100,roboflow-100/excavators-czvg9,tidak,-,1
train,rf100_construction--1-_mp4-69_jpg.rf.439cdd47cdc8918fd0c7b77d2fd130fe.txt,rf100,roboflow-100/excavators-czvg9,tidak,-,1
train,rf100_construction--1-_mp4-70_jpg.rf.9c0e1729c15116b1efda9c39a4f25ba6.txt,rf100,roboflow-100/excavators-czvg9,tidak,-,1
train,rf100_construction--1-_mp4-71_jpg.rf.678e2d5f5f88b5212a67575041484273.txt,rf100,roboflow-100/excavators-czvg9,tidak,-,1
train,rf100_construction--1-_mp4-72_jpg.rf.7c6c050650da98ba5a89f2ce98481887.txt,rf100,roboflow-100/excavators-czvg9,tidak,-,0
train,rf100_construction--1-_mp4-73_jpg.rf.98bde9cedcd7d9d1056091c7588396cd.txt,rf100,roboflow-100/excavators-czvg9,tidak,-,0
train,rf100_construction--1-_mp4-74_jpg.rf.bd840cf97499702672e04bcbe949d92d.txt,rf100,roboflow-100/excavators-czvg9,tidak,-,0
train,rf100_construction--1-_mp4-77_jpg.rf.83591f52a6a9a46110db5c7ae919f864.txt,rf100,roboflow-100/excavators-czvg9,tidak,-,1
train,rf100_construction--1-_mp4-78_jpg.rf.7894327aaa8a6d409592ed9714bbf9dd.txt,rf100,roboflow-100/excavators-czvg9,tidak,-,0
train,rf100_construction--1-_mp4-79_jpg.rf.cfd251d5acc5c9f42bc65b032e848ad2.txt,rf100,roboflow-100/excavators-czvg9,tidak,-,0
train,rf100_construction--1-_mp4-80_jpg.rf.1e15bbba4802fa2e0805bbb8d6779067.txt,rf100,roboflow-100/excavators-czvg9,tidak,-,0
train,rf100_construction--1-_mp4-83_jpg.rf.9ae92145d69905d9c16668cdbfb3df56.txt,rf100,roboflow-100/excavators-czvg9,tidak,-,1
train,rf100_construction--1-_mp4-86_jpg.rf.c9a34778d439dcc41699ce101358282c.txt,rf100,roboflow-100/excavators-czvg9,tidak,-,0
train,rf100_construction--1-_mp4-90_jpg.rf.38a1a9f98774d9242e5b4e7fe3461254.txt,rf100,roboflow-100/excavators-czvg9,tidak,-,0
train,rf100_construction--1-_mp4-92_jpg.rf.c6418eb1ea9b89e9d06b7cfa6f068bb9.txt,rf100,roboflow-100/excavators-czvg9,tidak,-,1
train,rf100_construction--1-_mp4-93_jpg.rf.75794070bc5213ccd362509ffc4b976b.txt,rf100,roboflow-100/excavators-czvg9,tidak,-,1
train,rf100_construction--1-_mp4-96_jpg.rf.d1cf1bbf83db3d5a90e3513e009f4a02.txt,rf100,roboflow-100/excavators-czvg9,tidak,-,1
train,rf100_construction--1-_mp4-97_jpg.rf.28625cdc1511c2ab929e8e661a616ac2.txt,rf100,roboflow-100/excavators-czvg9,tidak,-,1
train,rf100_construction--1-_mp4-98_jpg.rf.9cfa5d749f01d00878a5c2a20eff4b72.txt,rf100,roboflow-100/excavators-czvg9,tidak,-,1
train,rf100_construction--1-_mp4-9_jpg.rf.9426fb5579bce4f09fd3a394e80799d2.txt,rf100,roboflow-100/excavators-czvg9,tidak,-,1
train,rf100_construction--10-_jpg.rf.f45d45516181daa1a47944d6a59457c0.txt,rf100,roboflow-100/excavators-czvg9,tidak,-,1
train,rf100_construction--1002-_jpg.rf.ace5e0d2ab7a88c6cb0c68e46108b375.txt,rf100,roboflow-100/excavators-czvg9,tidak,-,1
train,rf100_construction--1003-_jpg.rf.3fa2c36a464b810f1582defc1c9d1157.txt,rf100,roboflow-100/excavators-czvg9,tidak,-,1
train,rf100_construction--1004-_jpg.rf.399edd33cda493355091664cf4f9bdfd.txt,rf100,roboflow-100/excavators-czvg9,tidak,-,1
train,rf100_construction--1005-_jpg.rf.28581bd18ad2244f2ed824e45bb32631.txt,rf100,roboflow-100/excavators-czvg9,tidak,-,1
train,rf100_construction--1006-_jpg.rf.a4628514ebe849231b8d700a62c59f78.txt,rf100,roboflow-100/excavators-czvg9,tidak,-,0
train,rf100_construction--1007-_jpg.rf.4c9cfde3deeb667a85d68826fb01bde1.txt,rf100,roboflow-100/excavators-czvg9,tidak,-,0
train,rf100_construction--1009-_jpg.rf.52e3b7e4177947e8044572d754ae4381.txt,rf100,roboflow-100/excavators-czvg9,tidak,-,1
train,rf100_construction--1012-_jpg.rf.a936b77f1ed846857e0120cfb921caa1.txt,rf100,roboflow-100/excavators-czvg9,tidak,-,2
train,rf100_construction--1014-_jpg.rf.8f8ecf236f5028bdbf47b578aade9c6c.txt,rf100,roboflow-100/excavators-czvg9,tidak,-,0
train,rf100_construction--1015-_jpg.rf.cad5ec42a075984d736ed8a7fa697d9f.txt,rf100,roboflow-100/excavators-czvg9,tidak,-,0
train,rf100_construction--1020-_jpg.rf.85bd6102a705753c11a354a50a7c154d.txt,rf100,roboflow-100/excavators-czvg9,tidak,-,1
train,rf100_construction--1020-_jpg.rf.85bd6102a705753c11a354a50a7c154d_night.txt,rf100,roboflow-100/excavators-czvg9,ya,-,1
train,rf100_construction--1024-_jpg.rf.7b0b9be2351f751691ddd7dfbc097183.txt,rf100,roboflow-100/excavators-czvg9,tidak,-,0
train,rf100_construction--1025-_jpg.rf.9878c51fae40a29281636a0b0d61d613.txt,rf100,roboflow-100/excavators-czvg9,tidak,-,1
train,rf100_construction--1029-_jpg.rf.4bca03293b22ac7149c44e887cad23cc.txt,rf100,roboflow-100/excavators-czvg9,tidak,-,0
train,rf100_construction--1030-_jpg.rf.ba1e34174b407c42bb72dadc59c81f6c.txt,rf100,roboflow-100/excavators-czvg9,tidak,-,0
train,rf100_construction--1032-_jpg.rf.aea0d60e37b262198451bf66f868e7f1.txt,rf100,roboflow-100/excavators-czvg9,tidak,-,0
train,rf100_construction--1034-_jpg.rf.1c477b4eda35f5ba466481ecb350389e.txt,rf100,roboflow-100/excavators-czvg9,tidak,-,2
train,rf100_construction--1035-_jpg.rf.83d5e8d2696e95182acc74c375293556.txt,rf100,roboflow-100/excavators-czvg9,tidak,-,0
train,rf100_construction--1036-_jpg.rf.cf7ece5a8fc705a7fc30000da49939a6.txt,rf100,roboflow-100/excavators-czvg9,tidak,-,0
train,rf100_construction--1039-_jpg.rf.5968c0b684476f0ec44b09266f223a95.txt,rf100,roboflow-100/excavators-czvg9,tidak,-,1
train,rf100_construction--1040-_jpg.rf.f8890fae8c5cc1cb5011be2a292bd78a.txt,rf100,roboflow-100/excavators-czvg9,tidak,-,0
train,rf100_construction--1041-_jpg.rf.58e2a5af33294c026e997aa03af6fbed.txt,rf100,roboflow-100/excavators-czvg9,tidak,-,1
train,rf100_construction--1042-_jpg.rf.411fcbd00f42aeb18e7510e05cae10b5.txt,rf100,roboflow-100/excavators-czvg9,tidak,-,1
train,rf100_construction--1044-_jpg.rf.68687af093392c62355fbbed16b12bdd.txt,rf100,roboflow-100/excavators-czvg9,tidak,-,1
train,rf100_construction--1044-_jpg.rf.68687af093392c62355fbbed16b12bdd_night.txt,rf100,roboflow-100/excavators-czvg9,ya,-,1
train,rf100_construction--1046-_jpg.rf.ba9baac14097e83af445156146788e9c.txt,rf100,roboflow-100/excavators-czvg9,tidak,-,0
train,rf100_construction--1048-_jpg.rf.2c35eba675abaab09750c312e48c746e.txt,rf100,roboflow-100/excavators-czvg9,tidak,-,2
train,rf100_construction--1049-_jpg.rf.f4cec20c172cc0d8c6ad0945165f0408.txt,rf100,roboflow-100/excavators-czvg9,tidak,-,0
train,rf100_construction--1050-_jpg.rf.89d0cf0473bc01c52971fb37f83003d5.txt,rf100,roboflow-100/excavators-czvg9,tidak,-,0
train,rf100_construction--1052-_jpg.rf.320447c7e7cccf339d6db1ef897f1727.txt,rf100,roboflow-100/excavators-czvg9,tidak,-,2
train,rf100_construction--1052-_jpg.rf.320447c7e7cccf339d6db1ef897f1727_night.txt,rf100,roboflow-100/excavators-czvg9,ya,-,2
train,rf100_construction--1053-_jpg.rf.e13b6b4970b0cac57ac7912dae27172a.txt,rf100,roboflow-100/excavators-czvg9,tidak,-,2
train,rf100_construction--1054-_jpg.rf.f51dcd55cc469504713f4eaeb2e2580b.txt,rf100,roboflow-100/excavators-czvg9,tidak,-,0
train,rf100_construction--1055-_jpg.rf.d9dd531390da8b4e37f2090697089c35.txt,rf100,roboflow-100/excavators-czvg9,tidak,-,0
train,rf100_construction--1060-_jpg.rf.35fd8b557386633ff61a00d75d0386c5.txt,rf100,roboflow-100/excavators-czvg9,tidak,-,2
train,rf100_construction--1061-_jpg.rf.27fdc109e7daa30d6f2e4f6fa1384917.txt,rf100,roboflow-100/excavators-czvg9,tidak,-,1
train,rf100_construction--1062-_jpg.rf.bab63fcc4fba87154e6f1b4917426f82.txt,rf100,roboflow-100/excavators-czvg9,tidak,-,1
train,rf100_construction--1062-_jpg.rf.bab63fcc4fba87154e6f1b4917426f82_night.txt,rf100,roboflow-100/excavators-czvg9,ya,-,1
train,rf100_construction--1063-_jpg.rf.d9a8d2d17f6d892a22423553d78c9cd9.txt,rf100,roboflow-100/excavators-czvg9,tidak,-,0
train,rf100_construction--1064-_jpg.rf.456e6c134ffcb2e9d27eb858634376ca.txt,rf100,roboflow-100/excavators-czvg9,tidak,-,0
train,rf100_construction--1065-_jpg.rf.dca28a5a4651e44784c188a70a79356f.txt,rf100,roboflow-100/excavators-czvg9,tidak,-,0
train,rf100_construction--1068-_jpg.rf.4b3acf6f45e086e399f23229f67c5c07.txt,rf100,roboflow-100/excavators-czvg9,tidak,-,2
train,rf100_construction--1069-_jpg.rf.918c092991124e86240b1c1fb5f3f7ca.txt,rf100,roboflow-100/excavators-czvg9,tidak,-,3
train,rf100_construction--107-_jpg.rf.ed25a48cdc063dd851cad28b0d57bccf.txt,rf100,roboflow-100/excavators-czvg9,tidak,-,1
train,rf100_construction--107-_jpg.rf.ed25a48cdc063dd851cad28b0d57bccf_night.txt,rf100,roboflow-100/excavators-czvg9,ya,-,1
train,rf100_construction--1070-_jpg.rf.9cf0de3418425eced8cfc634ec59bee2.txt,rf100,roboflow-100/excavators-czvg9,tidak,-,1
train,rf100_construction--1071-_jpg.rf.379ff63ff5814a95d5790fe2e861012a.txt,rf100,roboflow-100/excavators-czvg9,tidak,-,1
train,rf100_construction--1072-_jpg.rf.6b801c07754a710b87f612f179ec721b.txt,rf100,roboflow-100/excavators-czvg9,tidak,-,2
train,rf100_construction--1073-_jpg.rf.f58b1cd231ebc9cc643190d0d5ea4a69.txt,rf100,roboflow-100/excavators-czvg9,tidak,-,2
train,rf100_construction--1075-_jpg.rf.091d7abdf6c58dbccc8f515656b9cfdc.txt,rf100,roboflow-100/excavators-czvg9,tidak,-,1
train,rf100_construction--1076-_jpg.rf.58428612be135119273387e7b8b86ec2.txt,rf100,roboflow-100/excavators-czvg9,tidak,-,3
train,rf100_construction--1076-_jpg.rf.58428612be135119273387e7b8b86ec2_night.txt,rf100,roboflow-100/excavators-czvg9,ya,-,3
train,rf100_construction--1077-_jpg.rf.8d6e9a698af2bca45b84a3f7676fbf8b.txt,rf100,roboflow-100/excavators-czvg9,tidak,-,0
train,rf100_construction--1079-_jpg.rf.94e9b595f762c53a07e9c66827c74920.txt,rf100,roboflow-100/excavators-czvg9,tidak,-,7
train,rf100_construction--108-_jpg.rf.b7ab2e03829848b0e7d579f420390143.txt,rf100,roboflow-100/excavators-czvg9,tidak,-,2
train,rf100_construction--108-_jpg.rf.b7ab2e03829848b0e7d579f420390143_night.txt,rf100,roboflow-100/excavators-czvg9,ya,-,2
train,rf100_construction--1080-_jpg.rf.5536fe73c88a3a18d5d8fec6da73c8fc.txt,rf100,roboflow-100/excavators-czvg9,tidak,-,1
train,rf100_construction--1080-_jpg.rf.5536fe73c88a3a18d5d8fec6da73c8fc_night.txt,rf100,roboflow-100/excavators-czvg9,ya,-,1
train,rf100_construction--1081-_jpg.rf.af783000da4a906093e62ad0fac71d1d.txt,rf100,roboflow-100/excavators-czvg9,tidak,-,0
train,rf100_construction--1082-_jpg.rf.5211c5df223aee283c11456deb813047.txt,rf100,roboflow-100/excavators-czvg9,tidak,-,1
train,rf100_construction--1084-_jpg.rf.b6df3217643634bedf1986268263bc1e.txt,rf100,roboflow-100/excavators-czvg9,tidak,-,0
train,rf100_construction--1085-_jpg.rf.da45b2309e9e716738363ec74ae83705.txt,rf100,roboflow-100/excavators-czvg9,tidak,-,1
train,rf100_construction--1087-_jpg.rf.06494b73d997e56437eb643faa418cab.txt,rf100,roboflow-100/excavators-czvg9,tidak,-,0
train,rf100_construction--1089-_jpg.rf.5330c4b929a2717458d84450a589a607.txt,rf100,roboflow-100/excavators-czvg9,tidak,-,0
train,rf100_construction--109-_jpg.rf.a6a454b823c45f5588259072449bdb04.txt,rf100,roboflow-100/excavators-czvg9,tidak,-,1
train,rf100_construction--1090-_jpg.rf.46ac8b0f2a938780265d9541f3411a97.txt,rf100,roboflow-100/excavators-czvg9,tidak,-,1
train,rf100_construction--1090-_jpg.rf.46ac8b0f2a938780265d9541f3411a97_night.txt,rf100,roboflow-100/excavators-czvg9,ya,-,1
train,rf100_construction--1093-_jpg.rf.6624e9efa419ba4fbe3faad206735fb6.txt,rf100,roboflow-100/excavators-czvg9,tidak,-,1
train,rf100_construction--1094-_jpg.rf.59856dfd801564d1e16fe1e672eae95c.txt,rf100,roboflow-100/excavators-czvg9,tidak,-,1
train,rf100_construction--1096-_jpg.rf.16682063e88cafe19bdae4af3d47aa60.txt,rf100,roboflow-100/excavators-czvg9,tidak,-,1
train,rf100_construction--1099-_jpg.rf.dea8f9c5ef62c9248198dcc19cfea25e.txt,rf100,roboflow-100/excavators-czvg9,tidak,-,0
train,rf100_construction--11-_jpg.rf.f4d0e57b5af02e41b7bc72393d87477d.txt,rf100,roboflow-100/excavators-czvg9,tidak,-,0
train,rf100_construction--110-_jpg.rf.26aa74540783cc9c109ac2e9c28fcf9e.txt,rf100,roboflow-100/excavators-czvg9,tidak,-,0
train,rf100_construction--1100-_jpg.rf.8e5c0003c20d8b549cd7d770fdf4a4f0.txt,rf100,roboflow-100/excavators-czvg9,tidak,-,2
train,rf100_construction--1100-_jpg.rf.8e5c0003c20d8b549cd7d770fdf4a4f0_night.txt,rf100,roboflow-100/excavators-czvg9,ya,-,2
train,rf100_construction--1101-_jpg.rf.906ab7d5509f31616d825c925e7f7f40.txt,rf100,roboflow-100/excavators-czvg9,tidak,-,2
train,rf100_construction--1102-_jpg.rf.e1e80c9dac49d3b11e84b343d8c8f7af.txt,rf100,roboflow-100/excavators-czvg9,tidak,-,2
train,rf100_construction--1104-_jpg.rf.b0baf5a3cb3b702f3d4ff4ab1152ebbd.txt,rf100,roboflow-100/excavators-czvg9,tidak,-,1
train,rf100_construction--1105-_jpg.rf.01c913a4843ffe53a77e70bb6c7e0927.txt,rf100,roboflow-100/excavators-czvg9,tidak,-,0
train,rf100_construction--1108-_jpg.rf.8b98485faf9843ddeca4e3979a70079a.txt,rf100,roboflow-100/excavators-czvg9,tidak,-,0
train,rf100_construction--111-_jpg.rf.989fef46a6ee5d3719c104bc37af17c0.txt,rf100,roboflow-100/excavators-czvg9,tidak,-,1
train,rf100_construction--1110-_jpg.rf.8095f2f8d57a660b5c51955cde9b26f6.txt,rf100,roboflow-100/excavators-czvg9,tidak,-,2
train,rf100_construction--1111-_jpg.rf.97ba55819a87e4958c93c7aed1917c8a.txt,rf100,roboflow-100/excavators-czvg9,tidak,-,1
train,rf100_construction--1112-_jpg.rf.14da3d1d4ce21b2326df1d32c16aff89.txt,rf100,roboflow-100/excavators-czvg9,tidak,-,2
train,rf100_construction--1113-_jpg.rf.0508b40822a173c5eb5dce787495272f.txt,rf100,roboflow-100/excavators-czvg9,tidak,-,1
train,rf100_construction--1115-_jpg.rf.ba69cab033f995d85a5051046d2522be.txt,rf100,roboflow-100/excavators-czvg9,tidak,-,1
train,rf100_construction--1116-_jpg.rf.1c9f423e253a9a5767b139fba4697b8c.txt,rf100,roboflow-100/excavators-czvg9,tidak,-,2
train,rf100_construction--1116-_jpg.rf.1c9f423e253a9a5767b139fba4697b8c_night.txt,rf100,roboflow-100/excavators-czvg9,ya,-,2
train,rf100_construction--1117-_jpg.rf.47b87df9d5878a8a8e73bf0dd6965826.txt,rf100,roboflow-100/excavators-czvg9,tidak,-,1
train,rf100_construction--1118-_jpg.rf.de2d86733bda502c58c17b9e3c8c8d14.txt,rf100,roboflow-100/excavators-czvg9,tidak,-,1
train,rf100_construction--112-_jpg.rf.e2ac896cc933d4c124f1e825d94d1a7c.txt,rf100,roboflow-100/excavators-czvg9,tidak,-,1
train,rf100_construction--1120-_jpg.rf.62eee5f6310c4fe8642de07200467d93.txt,rf100,roboflow-100/excavators-czvg9,tidak,-,0
train,rf100_construction--1121-_jpg.rf.c2fdacc5dffbbc024fae3feb2a4a311a.txt,rf100,roboflow-100/excavators-czvg9,tidak,-,0
train,rf100_construction--1122-_jpg.rf.ce9b197fe10d8232c8d88aeef9dd7500.txt,rf100,roboflow-100/excavators-czvg9,tidak,-,0
train,rf100_construction--1123-_jpg.rf.a623be50b59bf8ee29b9f8831ec601a2.txt,rf100,roboflow-100/excavators-czvg9,tidak,-,0
train,rf100_construction--1125-_jpg.rf.24e472449aac8ddc1fe57264b05b3968.txt,rf100,roboflow-100/excavators-czvg9,tidak,-,0
train,rf100_construction--1126-_jpg.rf.4a6bb32bb5521ff9e1f2912f64e431c5.txt,rf100,roboflow-100/excavators-czvg9,tidak,-,0
train,rf100_construction--1127-_jpg.rf.78991d2bf005cf48da67001e20addd21.txt,rf100,roboflow-100/excavators-czvg9,tidak,-,0
train,rf100_construction--1129-_jpg.rf.d4a55cdfa2db718d2dacc3b70cff5f64.txt,rf100,roboflow-100/excavators-czvg9,tidak,-,0
train,rf100_construction--113-_jpg.rf.bf29d2e9a85307cfb61641ec012af677.txt,rf100,roboflow-100/excavators-czvg9,tidak,-,1
train,rf100_construction--113-_jpg.rf.bf29d2e9a85307cfb61641ec012af677_night.txt,rf100,roboflow-100/excavators-czvg9,ya,-,1
train,rf100_construction--1131-_jpg.rf.90a735b02b8a682fb9bab20f66d25d15.txt,rf100,roboflow-100/excavators-czvg9,tidak,-,0
train,rf100_construction--1132-_jpg.rf.7b74d83b7d79b436e079667a904fe46c.txt,rf100,roboflow-100/excavators-czvg9,tidak,-,0
train,rf100_construction--1133-_jpg.rf.99f3d5f5ff332d82c7877021ba967927.txt,rf100,roboflow-100/excavators-czvg9,tidak,-,0
train,rf100_construction--1135-_jpg.rf.bc562ba8b65bb3ac83eb9763b7f556c4.txt,rf100,roboflow-100/excavators-czvg9,tidak,-,0
train,rf100_construction--1137-_jpg.rf.7af9ed0ba160a4432ff719abf75b8f4c.txt,rf100,roboflow-100/excavators-czvg9,tidak,-,0
train,rf100_construction--1138-_jpg.rf.5416c0cf17860c4b4522ec396fb1786d.txt,rf100,roboflow-100/excavators-czvg9,tidak,-,1
train,rf100_construction--114-_jpg.rf.0748c504cc59365975d44fd59943ab52.txt,rf100,roboflow-100/excavators-czvg9,tidak,-,3
train,rf100_construction--114-_jpg.rf.0748c504cc59365975d44fd59943ab52_night.txt,rf100,roboflow-100/excavators-czvg9,ya,-,3
train,rf100_construction--1141-_jpg.rf.ad65613b826b6b6ff827808097a79a02.txt,rf100,roboflow-100/excavators-czvg9,tidak,-,0
train,rf100_construction--1142-_jpg.rf.26a9724f6018bd907fa7a15829123939.txt,rf100,roboflow-100/excavators-czvg9,tidak,-,0
train,rf100_construction--1143-_jpg.rf.e24abd653317fde421642f2f2de5c626.txt,rf100,roboflow-100/excavators-czvg9,tidak,-,0
train,rf100_construction--1144-_jpg.rf.27d5b479296b96a93da2126f47fdb55a.txt,rf100,roboflow-100/excavators-czvg9,tidak,-,0
train,rf100_construction--1146-_jpg.rf.e4557ec8a44606bedb361d38521ef457.txt,rf100,roboflow-100/excavators-czvg9,tidak,-,0
train,rf100_construction--1147-_jpg.rf.d3615d6f796bd928f9ae3226c0eb94ec.txt,rf100,roboflow-100/excavators-czvg9,tidak,-,0
train,rf100_construction--1148-_jpg.rf.7ca1c274747696a35d2c42ad1327e1bf.txt,rf100,roboflow-100/excavators-czvg9,tidak,-,0
train,rf100_construction--115-_jpg.rf.276fb7903ffb34e46ec1d71cee3a1449.txt,rf100,roboflow-100/excavators-czvg9,tidak,-,2
train,rf100_construction--1151-_jpg.rf.d8975b4aabc24823d81a7c8fbf75448b.txt,rf100,roboflow-100/excavators-czvg9,tidak,-,0
train,rf100_construction--1152-_jpg.rf.aaaf0ddba043c8befe5f19d64a401676.txt,rf100,roboflow-100/excavators-czvg9,tidak,-,0
train,rf100_construction--1153-_jpg.rf.e2b1f6095fe359b0bb4603c7ea548528.txt,rf100,roboflow-100/excavators-czvg9,tidak,-,0
train,rf100_construction--1155-_jpg.rf.a8b8a71cc6f15fcfd8471f253e2bd09b.txt,rf100,roboflow-100/excavators-czvg9,tidak,-,0
train,rf100_construction--1157-_jpg.rf.075fdc2591b58389d5e264f580b48654.txt,rf100,roboflow-100/excavators-czvg9,tidak,-,0
train,rf100_construction--1158-_jpg.rf.93b82108da236851ab5ec9c746cb38a9.txt,rf100,roboflow-100/excavators-czvg9,tidak,-,0
train,rf100_construction--1160-_jpg.rf.bcec741cb03e870517619eb582ecb7a7.txt,rf100,roboflow-100/excavators-czvg9,tidak,-,0
train,rf100_construction--1161-_jpg.rf.f3a0d407e7dba15ffb7ba73966fbb88e.txt,rf100,roboflow-100/excavators-czvg9,tidak,-,0
train,rf100_construction--1162-_jpg.rf.30e6ad2580cf39202fde5fd9c209740a.txt,rf100,roboflow-100/excavators-czvg9,tidak,-,0
train,rf100_construction--1163-_jpg.rf.632d0db0567b1050aea56dc0e26f71c8.txt,rf100,roboflow-100/excavators-czvg9,tidak,-,0
train,rf100_construction--1164-_jpg.rf.1ac59d54cc926fce47bf98896d23dd46.txt,rf100,roboflow-100/excavators-czvg9,tidak,-,0
train,rf100_construction--1165-_jpg.rf.af1263a0285091b83c5baca42027a438.txt,rf100,roboflow-100/excavators-czvg9,tidak,-,0
train,rf100_construction--1168-_jpg.rf.09c19bf413453f81e3d3acb95ec495d4.txt,rf100,roboflow-100/excavators-czvg9,tidak,-,0
train,rf100_construction--1169-_jpg.rf.de30a2906885c43c7c2a7664fc0de788.txt,rf100,roboflow-100/excavators-czvg9,tidak,-,0
train,rf100_construction--1170-_jpg.rf.f16e453231e1ffd6a70ddd540eb1363c.txt,rf100,roboflow-100/excavators-czvg9,tidak,-,0
train,rf100_construction--1172-_jpg.rf.12aa653d19107a2b60d6b576f9c65913.txt,rf100,roboflow-100/excavators-czvg9,tidak,-,0
train,rf100_construction--1173-_jpg.rf.5b99883de3322445ef77c37cfa79aef3.txt,rf100,roboflow-100/excavators-czvg9,tidak,-,0
train,rf100_construction--1176-_jpg.rf.4ecf2e30a603518083f990a98ab2138b.txt,rf100,roboflow-100/excavators-czvg9,tidak,-,0
train,rf100_construction--118-_jpg.rf.ff3c16f8205fa58cc590e3c82a724926.txt,rf100,roboflow-100/excavators-czvg9,tidak,-,2
train,rf100_construction--1184-_jpg.rf.18697a90bda0c2fd88aa0bbd282fa1ba.txt,rf100,roboflow-100/excavators-czvg9,tidak,-,0
train,rf100_construction--1186-_jpg.rf.780409ad4451c82b942955a9876bda15.txt,rf100,roboflow-100/excavators-czvg9,tidak,-,0
train,rf100_construction--1187-_jpg.rf.4b5c09ae94e3058f88663fd929456e3d.txt,rf100,roboflow-100/excavators-czvg9,tidak,-,0
train,rf100_construction--1189-_jpg.rf.f8e85a69d10efe93ca676071fb44a7c8.txt,rf100,roboflow-100/excavators-czvg9,tidak,-,0
train,rf100_construction--119-_jpg.rf.feac6effc27fdfb6aef93b57837cf7a1.txt,rf100,roboflow-100/excavators-czvg9,tidak,-,0
train,rf100_construction--1190-_jpg.rf.e29b702e431c4675aa75c42b74cf5086.txt,rf100,roboflow-100/excavators-czvg9,tidak,-,0
train,rf100_construction--1191-_jpg.rf.f419d7b471991adbc1cc974cf3337c81.txt,rf100,roboflow-100/excavators-czvg9,tidak,-,0
train,rf100_construction--1192-_jpg.rf.258875c702535cb1add37c347a295a61.txt,rf100,roboflow-100/excavators-czvg9,tidak,-,0
train,rf100_construction--1194-_jpg.rf.5abaf4ee63f13bd08c3ed2b2802e0b26.txt,rf100,roboflow-100/excavators-czvg9,tidak,-,0
train,rf100_construction--120-_jpg.rf.38fcb45f0e056f8ab1895f09b9c68c1d.txt,rf100,roboflow-100/excavators-czvg9,tidak,-,2
train,rf100_construction--120-_jpg.rf.38fcb45f0e056f8ab1895f09b9c68c1d_night.txt,rf100,roboflow-100/excavators-czvg9,ya,-,2
train,rf100_construction--1208-_jpg.rf.f6d286d439a7a40949c614092b38b506.txt,rf100,roboflow-100/excavators-czvg9,tidak,-,0
train,rf100_construction--121-_jpg.rf.2d9405f4efeaee5f5d69226e70d7bf61.txt,rf100,roboflow-100/excavators-czvg9,tidak,-,1
train,rf100_construction--121-_jpg.rf.2d9405f4efeaee5f5d69226e70d7bf61_night.txt,rf100,roboflow-100/excavators-czvg9,ya,-,1
train,rf100_construction--1211-_jpg.rf.325240806ee075e9e8006472bc8f9aa4.txt,rf100,roboflow-100/excavators-czvg9,tidak,-,0
train,rf100_construction--1214-_jpg.rf.914edbd49fde1465b165b847116f8b3a.txt,rf100,roboflow-100/excavators-czvg9,tidak,-,0
train,rf100_construction--1218-_jpg.rf.58c566f765e5919069ebcc162e3e9457.txt,rf100,roboflow-100/excavators-czvg9,tidak,-,0
train,rf100_construction--122-_jpg.rf.a5cd4361c9784f4aceba219ea044eb11.txt,rf100,roboflow-100/excavators-czvg9,tidak,-,0
train,rf100_construction--1220-_jpg.rf.652f24caa46d2eb94b9e888ec5c8772a.txt,rf100,roboflow-100/excavators-czvg9,tidak,-,0
train,rf100_construction--1225-_jpg.rf.d8bd92e1a073d71c1b559c1d42cc2dcf.txt,rf100,roboflow-100/excavators-czvg9,tidak,-,0
train,rf100_construction--124-_jpg.rf.ec54069856e73e70532ee974e4a7ff8e.txt,rf100,roboflow-100/excavators-czvg9,tidak,-,2
train,rf100_construction--124-_jpg.rf.ec54069856e73e70532ee974e4a7ff8e_night.txt,rf100,roboflow-100/excavators-czvg9,ya,-,2
train,rf100_construction--125-_jpg.rf.50cb9f7b6db6b8cc53353e5a53b1aa88.txt,rf100,roboflow-100/excavators-czvg9,tidak,-,1
train,rf100_construction--126-_jpg.rf.2eb9ae05fadad53e072f925e72c31257.txt,rf100,roboflow-100/excavators-czvg9,tidak,-,1
train,rf100_construction--127-_jpg.rf.20224a03ddc611cbcd741cf712fb747f.txt,rf100,roboflow-100/excavators-czvg9,tidak,-,1
train,rf100_construction--129-_jpg.rf.0738d38d60cfa5c8cf7a2e15969e3c02.txt,rf100,roboflow-100/excavators-czvg9,tidak,-,0
train,rf100_construction--13-_jpg.rf.023d19e2b5a97a83e62c192cc42df6da.txt,rf100,roboflow-100/excavators-czvg9,tidak,-,1
train,rf100_construction--130-_jpg.rf.70a228903bc74eb0aea7964090d3196a.txt,rf100,roboflow-100/excavators-czvg9,tidak,-,1
train,rf100_construction--132-_jpg.rf.57da6f6c4b6a19d09f85d3a343a33636.txt,rf100,roboflow-100/excavators-czvg9,tidak,-,1
train,rf100_construction--135-_jpg.rf.462fdd529e34fbba740634c672750896.txt,rf100,roboflow-100/excavators-czvg9,tidak,-,1
train,rf100_construction--135-_jpg.rf.462fdd529e34fbba740634c672750896_night.txt,rf100,roboflow-100/excavators-czvg9,ya,-,1
train,rf100_construction--137-_jpg.rf.9184ec72373c1219b05b2b41f6ba9d04.txt,rf100,roboflow-100/excavators-czvg9,tidak,-,2
train,rf100_construction--138-_jpg.rf.613cc1339b86f6a04db75569f80b79ff.txt,rf100,roboflow-100/excavators-czvg9,tidak,-,1
train,rf100_construction--138-_jpg.rf.613cc1339b86f6a04db75569f80b79ff_night.txt,rf100,roboflow-100/excavators-czvg9,ya,-,1
train,rf100_construction--139-_jpg.rf.1d86d6c9783b4ae7e3e589d37e296451.txt,rf100,roboflow-100/excavators-czvg9,tidak,-,1
train,rf100_construction--14-_jpg.rf.01d5bbad60ac3d92145a009e155e13de.txt,rf100,roboflow-100/excavators-czvg9,tidak,-,0
train,rf100_construction--141-_jpg.rf.01bb6c90a368a0a555586ad3e2eeeaf9.txt,rf100,roboflow-100/excavators-czvg9,tidak,-,2
train,rf100_construction--142-_jpg.rf.8125177803d2229ce4a1d3b9304ceba5.txt,rf100,roboflow-100/excavators-czvg9,tidak,-,1
train,rf100_construction--143-_jpg.rf.815b8d05d58ca8daaa352805a60ea3c2.txt,rf100,roboflow-100/excavators-czvg9,tidak,-,1
train,rf100_construction--144-_jpg.rf.4fc224e2afa23e005386035c0a6039a3.txt,rf100,roboflow-100/excavators-czvg9,tidak,-,0
train,rf100_construction--145-_jpg.rf.c20f0b40537b2544f1fc8e73505385db.txt,rf100,roboflow-100/excavators-czvg9,tidak,-,0
train,rf100_construction--146-_jpg.rf.75b6ee28ee84739570df14cb346e0283.txt,rf100,roboflow-100/excavators-czvg9,tidak,-,2
train,rf100_construction--146-_jpg.rf.75b6ee28ee84739570df14cb346e0283_night.txt,rf100,roboflow-100/excavators-czvg9,ya,-,2
train,rf100_construction--147-_jpg.rf.cafc074e0dfcac1438ab0a9a32acad6e.txt,rf100,roboflow-100/excavators-czvg9,tidak,-,1
train,rf100_construction--148-_jpg.rf.dbf91a13220af95a12621d401e0ecd6b.txt,rf100,roboflow-100/excavators-czvg9,tidak,-,1
train,rf100_construction--149-_jpg.rf.2e5063a5c3add4b6cdfb1129dae08bf8.txt,rf100,roboflow-100/excavators-czvg9,tidak,-,1
train,rf100_construction--150-_jpg.rf.b765b4b97326926940bcf92f4f80d996.txt,rf100,roboflow-100/excavators-czvg9,tidak,-,0
train,rf100_construction--152-_jpg.rf.437c52e7492c961c6fe43583dc3a6133.txt,rf100,roboflow-100/excavators-czvg9,tidak,-,1
train,rf100_construction--154-_jpg.rf.dbb3617d397f811f56b5f918c82f8a14.txt,rf100,roboflow-100/excavators-czvg9,tidak,-,3
train,rf100_construction--154-_jpg.rf.dbb3617d397f811f56b5f918c82f8a14_night.txt,rf100,roboflow-100/excavators-czvg9,ya,-,3
train,rf100_construction--156-_jpg.rf.de59e2ccf37f6788da13c4044d88dd2e.txt,rf100,roboflow-100/excavators-czvg9,tidak,-,1
train,rf100_construction--158-_jpg.rf.fdc40f5a555ad5da80ba23d64599113f.txt,rf100,roboflow-100/excavators-czvg9,tidak,-,0
train,rf100_construction--159-_jpg.rf.906e56162d138d8669458b1037d2e72c.txt,rf100,roboflow-100/excavators-czvg9,tidak,-,0
train,rf100_construction--160-_jpg.rf.0f8ccd067adddfee781b3071dc14a123.txt,rf100,roboflow-100/excavators-czvg9,tidak,-,1
train,rf100_construction--163-_jpg.rf.b5ed6e2b215010681ba9a6943d6a5b20.txt,rf100,roboflow-100/excavators-czvg9,tidak,-,1
train,rf100_construction--164-_jpg.rf.b3c0af8325c90f3bc1530f98ba05fe44.txt,rf100,roboflow-100/excavators-czvg9,tidak,-,1
train,rf100_construction--168-_jpg.rf.415c338adb34aa8b3ae519eef7ce3c3e.txt,rf100,roboflow-100/excavators-czvg9,tidak,-,2
train,rf100_construction--168-_jpg.rf.415c338adb34aa8b3ae519eef7ce3c3e_night.txt,rf100,roboflow-100/excavators-czvg9,ya,-,2
train,rf100_construction--17-_jpg.rf.37178ee36ffb74c5b992bfadee88443f.txt,rf100,roboflow-100/excavators-czvg9,tidak,-,0
train,rf100_construction--171-_jpg.rf.44a43e4e46d3062c54cd347daec72859.txt,rf100,roboflow-100/excavators-czvg9,tidak,-,4
train,rf100_construction--171-_jpg.rf.44a43e4e46d3062c54cd347daec72859_night.txt,rf100,roboflow-100/excavators-czvg9,ya,-,4
train,rf100_construction--173-_jpg.rf.8dd63d94282898d03bbfe6892353c84a.txt,rf100,roboflow-100/excavators-czvg9,tidak,-,1
train,rf100_construction--176-_jpg.rf.d6329884ccede157a39164ad52edbd0a.txt,rf100,roboflow-100/excavators-czvg9,tidak,-,1
train,rf100_construction--179-_jpg.rf.a40c265b5fc6a83ddaf42d404930f998.txt,rf100,roboflow-100/excavators-czvg9,tidak,-,0
train,rf100_construction--180-_jpg.rf.a37dac9764da4c5af31ffdf65268ca7d.txt,rf100,roboflow-100/excavators-czvg9,tidak,-,0
train,rf100_construction--182-_jpg.rf.5cc94ff6d36cc7cf12987d4cc7d050df.txt,rf100,roboflow-100/excavators-czvg9,tidak,-,1
train,rf100_construction--185-_jpg.rf.b10480fe815d45b10b99de4ccf63cb3d.txt,rf100,roboflow-100/excavators-czvg9,tidak,-,0
train,rf100_construction--186-_jpg.rf.9f38b10ef35c6e052fc323fab12d9115.txt,rf100,roboflow-100/excavators-czvg9,tidak,-,2
train,rf100_construction--187-_jpg.rf.0771aa9b90c27ba4306dbb00dc294caf.txt,rf100,roboflow-100/excavators-czvg9,tidak,-,1
train,rf100_construction--188-_jpg.rf.909d6676621ddc89ba60f79879ac727d.txt,rf100,roboflow-100/excavators-czvg9,tidak,-,1
train,rf100_construction--189-_jpg.rf.734221f3e1c3b2560f61ac375f18bc1c.txt,rf100,roboflow-100/excavators-czvg9,tidak,-,1
train,rf100_construction--19-_jpg.rf.b62b654e5c1093abd5094e90dda5c313.txt,rf100,roboflow-100/excavators-czvg9,tidak,-,0
train,rf100_construction--190-_jpg.rf.b8c0d5958a84eb6da15063ad29ff6715.txt,rf100,roboflow-100/excavators-czvg9,tidak,-,1
train,rf100_construction--190-_jpg.rf.b8c0d5958a84eb6da15063ad29ff6715_night.txt,rf100,roboflow-100/excavators-czvg9,ya,-,1
train,rf100_construction--193-_jpg.rf.3199f72e46dc74e9b0d300808cc4b8a1.txt,rf100,roboflow-100/excavators-czvg9,tidak,-,3
train,rf100_construction--193-_jpg.rf.3199f72e46dc74e9b0d300808cc4b8a1_night.txt,rf100,roboflow-100/excavators-czvg9,ya,-,3
train,rf100_construction--197-_jpg.rf.44223027c73ba1b276abe5b3d596e60c.txt,rf100,roboflow-100/excavators-czvg9,tidak,-,1
train,rf100_construction--199-_jpg.rf.74c91b4141fc8f2f0bf55bde749fed0c.txt,rf100,roboflow-100/excavators-czvg9,tidak,-,0
train,rf100_construction--2-_mp4-0_jpg.rf.0149c056117a2c6ea5cf6aa965046023.txt,rf100,roboflow-100/excavators-czvg9,tidak,-,1
train,rf100_construction--2-_mp4-102_jpg.rf.ab8561d70dedd9c766b98b7c1d38434f.txt,rf100,roboflow-100/excavators-czvg9,tidak,-,1
train,rf100_construction--2-_mp4-113_jpg.rf.a23cead78319812690747141674153ec.txt,rf100,roboflow-100/excavators-czvg9,tidak,-,1
train,rf100_construction--2-_mp4-114_jpg.rf.76a8e26cd48d6e355904a08633bf3ef9.txt,rf100,roboflow-100/excavators-czvg9,tidak,-,1
train,rf100_construction--2-_mp4-116_jpg.rf.e7cd6237942141bd7f141933d9c9d3de.txt,rf100,roboflow-100/excavators-czvg9,tidak,-,1
train,rf100_construction--2-_mp4-117_jpg.rf.1af3200f2bd7df4941728ec10f557a6d.txt,rf100,roboflow-100/excavators-czvg9,tidak,-,1
train,rf100_construction--2-_mp4-119_jpg.rf.39d11468be0bb01a37d5e6d540f4c690.txt,rf100,roboflow-100/excavators-czvg9,tidak,-,1
train,rf100_construction--2-_mp4-120_jpg.rf.773f020f0ebb894c66674724b008c1cf.txt,rf100,roboflow-100/excavators-czvg9,tidak,-,1
train,rf100_construction--2-_mp4-122_jpg.rf.a579f589d3a008f5ff7b9aa206d0ad93.txt,rf100,roboflow-100/excavators-czvg9,tidak,-,0
train,rf100_construction--2-_mp4-125_jpg.rf.8de504819483846e62c747d769732f63.txt,rf100,roboflow-100/excavators-czvg9,tidak,-,0
train,rf100_construction--2-_mp4-127_jpg.rf.205a0c16ee9e8fe0be0ddae52493a703.txt,rf100,roboflow-100/excavators-czvg9,tidak,-,0
train,rf100_construction--2-_mp4-129_jpg.rf.953fb6560159de6a8d43aac8bea7822c.txt,rf100,roboflow-100/excavators-czvg9,tidak,-,1
train,rf100_construction--2-_mp4-12_jpg.rf.274cee468dc9dfdbcfbb9e3dcc09d0b9.txt,rf100,roboflow-100/excavators-czvg9,tidak,-,1
train,rf100_construction--2-_mp4-130_jpg.rf.97e44090b5885eb95d51effa3b05ee6e.txt,rf100,roboflow-100/excavators-czvg9,tidak,-,1
train,rf100_construction--2-_mp4-135_jpg.rf.ad1fa4cfff2ba32c3545071a522929d7.txt,rf100,roboflow-100/excavators-czvg9,tidak,-,2
train,rf100_construction--2-_mp4-137_jpg.rf.08dd58f8694b11bb034a0444c6936916.txt,rf100,roboflow-100/excavators-czvg9,tidak,-,0
train,rf100_construction--2-_mp4-141_jpg.rf.ecbb8068f51ca630fecdd2984ff3eab4.txt,rf100,roboflow-100/excavators-czvg9,tidak,-,0
train,rf100_construction--2-_mp4-142_jpg.rf.8e3ae8800f8424d72a53a33a8e9a3a29.txt,rf100,roboflow-100/excavators-czvg9,tidak,-,1
train,rf100_construction--2-_mp4-143_jpg.rf.b1e85fd9c3b8e57790a90fa07933daf8.txt,rf100,roboflow-100/excavators-czvg9,tidak,-,1
train,rf100_construction--2-_mp4-144_jpg.rf.cbb5e63d83a59f55b3bb8454822f4658.txt,rf100,roboflow-100/excavators-czvg9,tidak,-,1
train,rf100_construction--2-_mp4-14_jpg.rf.1994581f63444e72fe6e64f801f92800.txt,rf100,roboflow-100/excavators-czvg9,tidak,-,1
train,rf100_construction--2-_mp4-156_jpg.rf.136a45aa005fcaec913c7e7720d87b89.txt,rf100,roboflow-100/excavators-czvg9,tidak,-,1
train,rf100_construction--2-_mp4-158_jpg.rf.9266e667528d081b88d4f898eb849c77.txt,rf100,roboflow-100/excavators-czvg9,tidak,-,2
train,rf100_construction--2-_mp4-15_jpg.rf.aef3cbf9f0a733557666011c72e91266.txt,rf100,roboflow-100/excavators-czvg9,tidak,-,1
train,rf100_construction--2-_mp4-160_jpg.rf.badd6f0469efb34f1a2080c477ed8bf4.txt,rf100,roboflow-100/excavators-czvg9,tidak,-,1
train,rf100_construction--2-_mp4-163_jpg.rf.67dede6b206b59015899df341fc06fab.txt,rf100,roboflow-100/excavators-czvg9,tidak,-,0
train,rf100_construction--2-_mp4-164_jpg.rf.71c9d8413e6ab8262a68f523c2b53117.txt,rf100,roboflow-100/excavators-czvg9,tidak,-,1
train,rf100_construction--2-_mp4-16_jpg.rf.6cee2e8dc4d557337d945ed258a4131e.txt,rf100,roboflow-100/excavators-czvg9,tidak,-,2
train,rf100_construction--2-_mp4-171_jpg.rf.628b01658fa1163b1d0bad804ab3c5b6.txt,rf100,roboflow-100/excavators-czvg9,tidak,-,0
train,rf100_construction--2-_mp4-173_jpg.rf.47f7b4fe64c45914be3b96287d67d49e.txt,rf100,roboflow-100/excavators-czvg9,tidak,-,0
train,rf100_construction--2-_mp4-177_jpg.rf.1f3978278eae3cc3b6cd44b6ca859d8b.txt,rf100,roboflow-100/excavators-czvg9,tidak,-,2
train,rf100_construction--2-_mp4-178_jpg.rf.eb13c19336846e5b642d52a0e4ffd422.txt,rf100,roboflow-100/excavators-czvg9,tidak,-,1
train,rf100_construction--2-_mp4-179_jpg.rf.bf46863efcd1ae8aa1ec6dd603b363f9.txt,rf100,roboflow-100/excavators-czvg9,tidak,-,1
train,rf100_construction--2-_mp4-181_jpg.rf.1513c7b75dca2084b39775870671cc73.txt,rf100,roboflow-100/excavators-czvg9,tidak,-,1
train,rf100_construction--2-_mp4-188_jpg.rf.ba9e3291f78014e8c2fea2b48d53b9b8.txt,rf100,roboflow-100/excavators-czvg9,tidak,-,0
train,rf100_construction--2-_mp4-189_jpg.rf.ca341b308c366b77c9fd48f6730d3088.txt,rf100,roboflow-100/excavators-czvg9,tidak,-,1
train,rf100_construction--2-_mp4-191_jpg.rf.7af6d7011848fe2a3694a5255f9ce874.txt,rf100,roboflow-100/excavators-czvg9,tidak,-,1
train,rf100_construction--2-_mp4-193_jpg.rf.cf8cd126c2b7d28a5951668b184d87c3.txt,rf100,roboflow-100/excavators-czvg9,tidak,-,1
train,rf100_construction--2-_mp4-194_jpg.rf.7e372c9bd4a841a6cc825c6afc183926.txt,rf100,roboflow-100/excavators-czvg9,tidak,-,1
train,rf100_construction--2-_mp4-198_jpg.rf.86f3d31e80b9a5fb893bf2326d84f326.txt,rf100,roboflow-100/excavators-czvg9,tidak,-,0
train,rf100_construction--2-_mp4-199_jpg.rf.bd343d78bdb7ee5544b444e689079700.txt,rf100,roboflow-100/excavators-czvg9,tidak,-,0
train,rf100_construction--2-_mp4-200_jpg.rf.a81c72222b31aa2e31a7cf11b6fe3dfd.txt,rf100,roboflow-100/excavators-czvg9,tidak,-,0
train,rf100_construction--2-_mp4-202_jpg.rf.08d02bf43a1b6a8c1c7c1b326a585a24.txt,rf100,roboflow-100/excavators-czvg9,tidak,-,0
train,rf100_construction--2-_mp4-203_jpg.rf.118f10c8c992991f145d92c244ad879a.txt,rf100,roboflow-100/excavators-czvg9,tidak,-,1
train,rf100_construction--2-_mp4-204_jpg.rf.882497fcab99dcbf47916e13675b084d.txt,rf100,roboflow-100/excavators-czvg9,tidak,-,1
train,rf100_construction--2-_mp4-205_jpg.rf.d2662e0367ee4a57827cb264448473a1.txt,rf100,roboflow-100/excavators-czvg9,tidak,-,1
train,rf100_construction--2-_mp4-209_jpg.rf.e58022f8ab822498128ba775922d28fb.txt,rf100,roboflow-100/excavators-czvg9,tidak,-,2
train,rf100_construction--2-_mp4-20_jpg.rf.999d9f6c5f230cbbad4b9959aae94bd0.txt,rf100,roboflow-100/excavators-czvg9,tidak,-,1
train,rf100_construction--2-_mp4-210_jpg.rf.701f8e2179d86fbe228282d39c913938.txt,rf100,roboflow-100/excavators-czvg9,tidak,-,1
train,rf100_construction--2-_mp4-211_jpg.rf.a82b1e8da11e0d87449af65c9e016d8f.txt,rf100,roboflow-100/excavators-czvg9,tidak,-,2
train,rf100_construction--2-_mp4-213_jpg.rf.7dc8d0122a2dab67ad4840be22652aca.txt,rf100,roboflow-100/excavators-czvg9,tidak,-,0
train,rf100_construction--2-_mp4-215_jpg.rf.e7977a8fe8123e3027971ace84429c03.txt,rf100,roboflow-100/excavators-czvg9,tidak,-,1
train,rf100_construction--2-_mp4-217_jpg.rf.deef7472b1684b4c86822f3ed0a353a6.txt,rf100,roboflow-100/excavators-czvg9,tidak,-,1
train,rf100_construction--2-_mp4-219_jpg.rf.3e35973389db658727772ffbb562702d.txt,rf100,roboflow-100/excavators-czvg9,tidak,-,1
train,rf100_construction--2-_mp4-21_jpg.rf.5fa88b867d20a4ed6bf80aca7c103d9f.txt,rf100,roboflow-100/excavators-czvg9,tidak,-,1
train,rf100_construction--2-_mp4-220_jpg.rf.c4f100265c454fb276cc5a44123f99ec.txt,rf100,roboflow-100/excavators-czvg9,tidak,-,1
train,rf100_construction--2-_mp4-221_jpg.rf.a4276651dc0a3d26d490be7483abd395.txt,rf100,roboflow-100/excavators-czvg9,tidak,-,1
train,rf100_construction--2-_mp4-222_jpg.rf.63acb1be6690110c831c072cb5df7343.txt,rf100,roboflow-100/excavators-czvg9,tidak,-,1
train,rf100_construction--2-_mp4-223_jpg.rf.3e0302472fd0fd9df3abb6024d8de3bd.txt,rf100,roboflow-100/excavators-czvg9,tidak,-,2
train,rf100_construction--2-_mp4-226_jpg.rf.1f39c18a67955432ec75c71a2a1d95fe.txt,rf100,roboflow-100/excavators-czvg9,tidak,-,0
train,rf100_construction--2-_mp4-2_jpg.rf.cd8c89a67c98dfb0a1565559b446954e.txt,rf100,roboflow-100/excavators-czvg9,tidak,-,1
train,rf100_construction--2-_mp4-32_jpg.rf.360dd17cd20d7a86b7d370333e9e3b79.txt,rf100,roboflow-100/excavators-czvg9,tidak,-,1
train,rf100_construction--2-_mp4-34_jpg.rf.030942eee506ea5bac8645bb33855bf0.txt,rf100,roboflow-100/excavators-czvg9,tidak,-,2
train,rf100_construction--2-_mp4-35_jpg.rf.f9983c14843734810c1481df599c1b81.txt,rf100,roboflow-100/excavators-czvg9,tidak,-,2
train,rf100_construction--2-_mp4-36_jpg.rf.f7b6d72b32d259e673f4cf601dff7da7.txt,rf100,roboflow-100/excavators-czvg9,tidak,-,1
train,rf100_construction--2-_mp4-37_jpg.rf.34e9d5ae4bf6626f8c527a4d87bc90a0.txt,rf100,roboflow-100/excavators-czvg9,tidak,-,1
train,rf100_construction--2-_mp4-39_jpg.rf.a317f5b91c43c912a95b90138e494a8d.txt,rf100,roboflow-100/excavators-czvg9,tidak,-,1
train,rf100_construction--2-_mp4-40_jpg.rf.266d98c02666a5e38651ac6ce847852e.txt,rf100,roboflow-100/excavators-czvg9,tidak,-,1
train,rf100_construction--2-_mp4-41_jpg.rf.8d0f9e8b2a560160c6e79045c9f11365.txt,rf100,roboflow-100/excavators-czvg9,tidak,-,1
train,rf100_construction--2-_mp4-47_jpg.rf.78cb7610b598c3f21d4462672903bf79.txt,rf100,roboflow-100/excavators-czvg9,tidak,-,1
train,rf100_construction--2-_mp4-4_jpg.rf.ab436405bbb44f87da4cb03e94881dda.txt,rf100,roboflow-100/excavators-czvg9,tidak,-,2
train,rf100_construction--2-_mp4-52_jpg.rf.e39d8199657e190d6d1fbaab5cdb7aad.txt,rf100,roboflow-100/excavators-czvg9,tidak,-,1
train,rf100_construction--2-_mp4-53_jpg.rf.37dc25f2a99494c5d3305f9193e69596.txt,rf100,roboflow-100/excavators-czvg9,tidak,-,1
train,rf100_construction--2-_mp4-56_jpg.rf.9bf4d3776f72cb6c87e352c14f3d8993.txt,rf100,roboflow-100/excavators-czvg9,tidak,-,1
train,rf100_construction--2-_mp4-5_jpg.rf.a79aa9c3953b34f634edd7897fdbf3be.txt,rf100,roboflow-100/excavators-czvg9,tidak,-,1
train,rf100_construction--2-_mp4-61_jpg.rf.79920e2a425326ec0ef91e48f25cf318.txt,rf100,roboflow-100/excavators-czvg9,tidak,-,1
train,rf100_construction--2-_mp4-62_jpg.rf.26b95aac9ac463b4de5eb87c883a0eda.txt,rf100,roboflow-100/excavators-czvg9,tidak,-,1
train,rf100_construction--2-_mp4-71_jpg.rf.a55f63411981d6352e8d3b17fba0d68a.txt,rf100,roboflow-100/excavators-czvg9,tidak,-,1
train,rf100_construction--2-_mp4-77_jpg.rf.d09686b791b585d8b6e32d3acb425af1.txt,rf100,roboflow-100/excavators-czvg9,tidak,-,1
train,rf100_construction--2-_mp4-7_jpg.rf.bbc4252642f9ade0e8dd063f66ed4941.txt,rf100,roboflow-100/excavators-czvg9,tidak,-,1
train,rf100_construction--2-_mp4-82_jpg.rf.06bed5a6e4ec819885663089822aee80.txt,rf100,roboflow-100/excavators-czvg9,tidak,-,1
train,rf100_construction--2-_mp4-90_jpg.rf.8b895a1d31bd64b3fb16fd0c9046cafd.txt,rf100,roboflow-100/excavators-czvg9,tidak,-,1
train,rf100_construction--2-_mp4-91_jpg.rf.21eb4bae5e477a32b1e9d9e5af02ddc7.txt,rf100,roboflow-100/excavators-czvg9,tidak,-,1
train,rf100_construction--2-_mp4-97_jpg.rf.2ca06a80737420d6562e2a056b314406.txt,rf100,roboflow-100/excavators-czvg9,tidak,-,2
train,rf100_construction--20-_jpg.rf.604c9a97033141038b1429aef76f0dbf.txt,rf100,roboflow-100/excavators-czvg9,tidak,-,0
train,rf100_construction--205-_jpg.rf.1abc42ebfa0a287f5126175f752c36c1.txt,rf100,roboflow-100/excavators-czvg9,tidak,-,2
train,rf100_construction--207-_jpg.rf.979dae4bf95099fa77cc9c13f98ed710.txt,rf100,roboflow-100/excavators-czvg9,tidak,-,0
train,rf100_construction--208-_jpg.rf.0ea82f8745c155330852656784d2072f.txt,rf100,roboflow-100/excavators-czvg9,tidak,-,0
train,rf100_construction--209-_jpg.rf.90549839b37620b62afa11aa48443f19.txt,rf100,roboflow-100/excavators-czvg9,tidak,-,0
train,rf100_construction--21-_jpg.rf.0140ce98e9952a8bbc414c17995fa413.txt,rf100,roboflow-100/excavators-czvg9,tidak,-,0
train,rf100_construction--210-_jpg.rf.5546ea925875158e09005dd090e583b0.txt,rf100,roboflow-100/excavators-czvg9,tidak,-,0
train,rf100_construction--211-_jpg.rf.3d0f5e3f8e260e9b45ebb217b16d4bb7.txt,rf100,roboflow-100/excavators-czvg9,tidak,-,1
train,rf100_construction--212-_jpg.rf.9f5c4da3ffefba2896e33d74c5928e81.txt,rf100,roboflow-100/excavators-czvg9,tidak,-,1
train,rf100_construction--215-_jpg.rf.793403b647c6f653f4bf2e985ed0b06e.txt,rf100,roboflow-100/excavators-czvg9,tidak,-,3
train,rf100_construction--216-_jpg.rf.9d42e8a9394c38c8d62905d22e5a3e6a.txt,rf100,roboflow-100/excavators-czvg9,tidak,-,0
train,rf100_construction--217-_jpg.rf.4cde78efe7895b0d6ad78b4af2421086.txt,rf100,roboflow-100/excavators-czvg9,tidak,-,0
train,rf100_construction--218-_jpg.rf.f8de7500f46c7f9b9eb2273ca10e0da1.txt,rf100,roboflow-100/excavators-czvg9,tidak,-,0
train,rf100_construction--219-_jpg.rf.2a3cbf37e0b36ae9b2f98478dae219d2.txt,rf100,roboflow-100/excavators-czvg9,tidak,-,2
train,rf100_construction--221-_jpg.rf.d9f5d7aaeb14aa97aeb65a51013bfaaf.txt,rf100,roboflow-100/excavators-czvg9,tidak,-,2
train,rf100_construction--224-_jpg.rf.3b3231efe7e4323bc2f67cff5ba149fb.txt,rf100,roboflow-100/excavators-czvg9,tidak,-,0
train,rf100_construction--226-_jpg.rf.79f731375f057bf43d08810bbebdf003.txt,rf100,roboflow-100/excavators-czvg9,tidak,-,1
train,rf100_construction--229-_jpg.rf.6bb9c7d1b6e451687793d9a66602a47b.txt,rf100,roboflow-100/excavators-czvg9,tidak,-,1
train,rf100_construction--23-_jpg.rf.da441f0c2a2242be6ebf3734d62f474f.txt,rf100,roboflow-100/excavators-czvg9,tidak,-,0
train,rf100_construction--230-_jpg.rf.7ed240d3dd835328d5aaa92fc8f9db2a.txt,rf100,roboflow-100/excavators-czvg9,tidak,-,2
train,rf100_construction--231-_jpg.rf.0c33906e28f58baf60e25f2e4a3b9e02.txt,rf100,roboflow-100/excavators-czvg9,tidak,-,2
train,rf100_construction--231-_jpg.rf.0c33906e28f58baf60e25f2e4a3b9e02_night.txt,rf100,roboflow-100/excavators-czvg9,ya,-,2
train,rf100_construction--232-_jpg.rf.ee944555c1a8c3fcef77b603fe39c06e.txt,rf100,roboflow-100/excavators-czvg9,tidak,-,1
train,rf100_construction--233-_jpg.rf.f485e25ff3b11dfe9438fb2150ca5ce7.txt,rf100,roboflow-100/excavators-czvg9,tidak,-,1
train,rf100_construction--233-_jpg.rf.f485e25ff3b11dfe9438fb2150ca5ce7_night.txt,rf100,roboflow-100/excavators-czvg9,ya,-,1
train,rf100_construction--234-_jpg.rf.1457eea4d59101196d175c2cbe5f0b60.txt,rf100,roboflow-100/excavators-czvg9,tidak,-,0
train,rf100_construction--235-_jpg.rf.893ce15d55ed5784ea07edcf573258bd.txt,rf100,roboflow-100/excavators-czvg9,tidak,-,1
train,rf100_construction--235-_jpg.rf.893ce15d55ed5784ea07edcf573258bd_night.txt,rf100,roboflow-100/excavators-czvg9,ya,-,1
train,rf100_construction--236-_jpg.rf.7dff4a77e46356c04795927b0d97170b.txt,rf100,roboflow-100/excavators-czvg9,tidak,-,1
train,rf100_construction--236-_jpg.rf.7dff4a77e46356c04795927b0d97170b_night.txt,rf100,roboflow-100/excavators-czvg9,ya,-,1
train,rf100_construction--237-_jpg.rf.c4d462b406b2b72c3f9f7ca72b0379c6.txt,rf100,roboflow-100/excavators-czvg9,tidak,-,0
train,rf100_construction--239-_jpg.rf.030b759be3ff3b9fa16da16e817ca846.txt,rf100,roboflow-100/excavators-czvg9,tidak,-,1
train,rf100_construction--24-_jpg.rf.7b019780f31e273e5c2d534ff98fc39f.txt,rf100,roboflow-100/excavators-czvg9,tidak,-,0
train,rf100_construction--240-_jpg.rf.de5187d4f6e0a137a06b9bde0cf9c07b.txt,rf100,roboflow-100/excavators-czvg9,tidak,-,1
train,rf100_construction--241-_jpg.rf.b86bb6894f2c8d980bcad12c54efeec5.txt,rf100,roboflow-100/excavators-czvg9,tidak,-,2
train,rf100_construction--241-_jpg.rf.b86bb6894f2c8d980bcad12c54efeec5_night.txt,rf100,roboflow-100/excavators-czvg9,ya,-,2
train,rf100_construction--242-_jpg.rf.cf9763a2657db7381ce8282ff7ec2e97.txt,rf100,roboflow-100/excavators-czvg9,tidak,-,1
train,rf100_construction--243-_jpg.rf.fdd59c816893bda8532f1436c245d673.txt,rf100,roboflow-100/excavators-czvg9,tidak,-,1
train,rf100_construction--243-_jpg.rf.fdd59c816893bda8532f1436c245d673_night.txt,rf100,roboflow-100/excavators-czvg9,ya,-,1
train,rf100_construction--244-_jpg.rf.ea82f56e00328a377422d18a77cad215.txt,rf100,roboflow-100/excavators-czvg9,tidak,-,2
train,rf100_construction--246-_jpg.rf.1df2a98aa0d1b493b8b836fb32219a98.txt,rf100,roboflow-100/excavators-czvg9,tidak,-,1
train,rf100_construction--246-_jpg.rf.1df2a98aa0d1b493b8b836fb32219a98_night.txt,rf100,roboflow-100/excavators-czvg9,ya,-,1
train,rf100_construction--247-_jpg.rf.52961ed2b8797a3af0d9ae0b922c8320.txt,rf100,roboflow-100/excavators-czvg9,tidak,-,2
train,rf100_construction--248-_jpg.rf.75b605736c411c5387234098685c6311.txt,rf100,roboflow-100/excavators-czvg9,tidak,-,2
train,rf100_construction--249-_jpg.rf.1c177ba552c077330ca64cab9067d115.txt,rf100,roboflow-100/excavators-czvg9,tidak,-,2
train,rf100_construction--250-_jpg.rf.407fcc0fee738069a81007ecc17740fb.txt,rf100,roboflow-100/excavators-czvg9,tidak,-,1
train,rf100_construction--252-_jpg.rf.aa6b92a7f9cc334311681eafb8770357.txt,rf100,roboflow-100/excavators-czvg9,tidak,-,1
train,rf100_construction--253-_jpg.rf.590bbde2fc141d73ac0f45d2e3a7fd96.txt,rf100,roboflow-100/excavators-czvg9,tidak,-,1
train,rf100_construction--254-_jpg.rf.445210d65f1999b0ebd507d56893ed9a.txt,rf100,roboflow-100/excavators-czvg9,tidak,-,3
train,rf100_construction--255-_jpg.rf.0149d179276b0a013a8258cceea3cd63.txt,rf100,roboflow-100/excavators-czvg9,tidak,-,5
train,rf100_construction--256-_jpg.rf.0f71fdb90e48d91e342b796e9a987f9f.txt,rf100,roboflow-100/excavators-czvg9,tidak,-,1
train,rf100_construction--257-_jpg.rf.004af20647957efd5a672d10cc083757.txt,rf100,roboflow-100/excavators-czvg9,tidak,-,2
train,rf100_construction--258-_jpg.rf.368653664d97cfd9778e0230f61011d1.txt,rf100,roboflow-100/excavators-czvg9,tidak,-,2
train,rf100_construction--260-_jpg.rf.adeabe94fbf6efc6b44fa458c9fe808a.txt,rf100,roboflow-100/excavators-czvg9,tidak,-,1
train,rf100_construction--261-_jpg.rf.5f0c30d354e6b29d165a878fd2ac0b52.txt,rf100,roboflow-100/excavators-czvg9,tidak,-,3
train,rf100_construction--263-_jpg.rf.05671e02c5937dbec440f499facaf9ea.txt,rf100,roboflow-100/excavators-czvg9,tidak,-,1
train,rf100_construction--264-_jpg.rf.846bf9f86bea0bc92aab4d655d4eae46.txt,rf100,roboflow-100/excavators-czvg9,tidak,-,1
train,rf100_construction--265-_jpg.rf.b20dc26fe8c660312339024d07d7dea7.txt,rf100,roboflow-100/excavators-czvg9,tidak,-,1
train,rf100_construction--266-_jpg.rf.61614236081d26f32f1ad6d3da437195.txt,rf100,roboflow-100/excavators-czvg9,tidak,-,2
train,rf100_construction--267-_jpg.rf.4497338111498e5ab38173bc94c198c4.txt,rf100,roboflow-100/excavators-czvg9,tidak,-,2
train,rf100_construction--268-_jpg.rf.278d7a274bc2af02f2a85ce34df00178.txt,rf100,roboflow-100/excavators-czvg9,tidak,-,1
train,rf100_construction--269-_jpg.rf.ffc8116ccacb398b931bf1d14447fb06.txt,rf100,roboflow-100/excavators-czvg9,tidak,-,1
train,rf100_construction--27-_jpg.rf.16bb5db7c24f007ab29ed3bf87c43311.txt,rf100,roboflow-100/excavators-czvg9,tidak,-,0
train,rf100_construction--271-_jpg.rf.5465c23e3d256b7706ff0f4aa28eec86.txt,rf100,roboflow-100/excavators-czvg9,tidak,-,1
train,rf100_construction--272-_jpg.rf.7c908f6340dd3e697ae2f7d8754a05aa.txt,rf100,roboflow-100/excavators-czvg9,tidak,-,0
train,rf100_construction--273-_jpg.rf.e3e41004233b01492068f66b0a3aeae6.txt,rf100,roboflow-100/excavators-czvg9,tidak,-,1
train,rf100_construction--28-_jpg.rf.4be42451bd2147f6c3ad24be64d51f6f.txt,rf100,roboflow-100/excavators-czvg9,tidak,-,0
train,rf100_construction--280-_jpg.rf.b287a8b09c0a80c5516e9e02c5eba7b8.txt,rf100,roboflow-100/excavators-czvg9,tidak,-,0
train,rf100_construction--283-_jpg.rf.0d026c3482cfb0715e77f301f147f1f4.txt,rf100,roboflow-100/excavators-czvg9,tidak,-,1
train,rf100_construction--287-_jpg.rf.5eab32874cd0f206440c65d11f1d68a2.txt,rf100,roboflow-100/excavators-czvg9,tidak,-,0
train,rf100_construction--289-_jpg.rf.95e6aa8c3064fdc8b2f9caf8fa34ab32.txt,rf100,roboflow-100/excavators-czvg9,tidak,-,1
train,rf100_construction--29-_jpg.rf.f5653539c27035ba6fad9edf1e72c3c3.txt,rf100,roboflow-100/excavators-czvg9,tidak,-,0
train,rf100_construction--290-_jpg.rf.3867b06d20421cf68a851ee062da88ab.txt,rf100,roboflow-100/excavators-czvg9,tidak,-,2
train,rf100_construction--292-_jpg.rf.684eb2664cba6919f8bc665be58d9499.txt,rf100,roboflow-100/excavators-czvg9,tidak,-,5
train,rf100_construction--292-_jpg.rf.684eb2664cba6919f8bc665be58d9499_night.txt,rf100,roboflow-100/excavators-czvg9,ya,-,5
train,rf100_construction--293-_jpg.rf.c2327b7b99a89c70197c1bb163f46ee5.txt,rf100,roboflow-100/excavators-czvg9,tidak,-,1
train,rf100_construction--296-_jpg.rf.2decb9f0c16d3fd67508ce76c5112113.txt,rf100,roboflow-100/excavators-czvg9,tidak,-,0
train,rf100_construction--297-_jpg.rf.258e11143d3dc96512eecc8337f3f393.txt,rf100,roboflow-100/excavators-czvg9,tidak,-,1
train,rf100_construction--297-_jpg.rf.258e11143d3dc96512eecc8337f3f393_night.txt,rf100,roboflow-100/excavators-czvg9,ya,-,1
train,rf100_construction--298-_jpg.rf.ca67484365f8339ce4815bc4017ca337.txt,rf100,roboflow-100/excavators-czvg9,tidak,-,0
train,rf100_construction--299-_jpg.rf.d13e395c3f995ebb827683fa8725bad7.txt,rf100,roboflow-100/excavators-czvg9,tidak,-,2
train,rf100_construction--299-_jpg.rf.d13e395c3f995ebb827683fa8725bad7_night.txt,rf100,roboflow-100/excavators-czvg9,ya,-,2
train,rf100_construction--3-_mp4-0_jpg.rf.2d1fc92a8b357c55154ab738deb12429.txt,rf100,roboflow-100/excavators-czvg9,tidak,-,1
train,rf100_construction--3-_mp4-100_jpg.rf.64e78a50e82796d01d7c533c861eff70.txt,rf100,roboflow-100/excavators-czvg9,tidak,-,4
train,rf100_construction--3-_mp4-101_jpg.rf.6ab59665e7777e6b94038029e9a18f4c.txt,rf100,roboflow-100/excavators-czvg9,tidak,-,2
train,rf100_construction--3-_mp4-104_jpg.rf.16004ab550854c044fe9638c6ab6c052.txt,rf100,roboflow-100/excavators-czvg9,tidak,-,1
train,rf100_construction--3-_mp4-108_jpg.rf.12b0d0cdeb8e126fb89dd6fbbcf5d090.txt,rf100,roboflow-100/excavators-czvg9,tidak,-,2
train,rf100_construction--3-_mp4-109_jpg.rf.7e67e887535aa629c9adc41c7113d573.txt,rf100,roboflow-100/excavators-czvg9,tidak,-,2
train,rf100_construction--3-_mp4-10_jpg.rf.d050bd3e907979499b8f4c84a731b8aa.txt,rf100,roboflow-100/excavators-czvg9,tidak,-,1
train,rf100_construction--3-_mp4-114_jpg.rf.74b1ae172872c7eaceb6754389fdb6e1.txt,rf100,roboflow-100/excavators-czvg9,tidak,-,2
train,rf100_construction--3-_mp4-117_jpg.rf.51dd3e2a55dbd614d766ce281cc9e49c.txt,rf100,roboflow-100/excavators-czvg9,tidak,-,1
train,rf100_construction--3-_mp4-118_jpg.rf.d8476e6b8de445e2ad915cfe5bd1ea3e.txt,rf100,roboflow-100/excavators-czvg9,tidak,-,2
train,rf100_construction--3-_mp4-119_jpg.rf.772d0d9800721e772e43e94efd69b57b.txt,rf100,roboflow-100/excavators-czvg9,tidak,-,2
train,rf100_construction--3-_mp4-120_jpg.rf.99a5af035e7a450a8913903dde9c5241.txt,rf100,roboflow-100/excavators-czvg9,tidak,-,2
train,rf100_construction--3-_mp4-121_jpg.rf.df10335b228e0ab8da3028aff4a3078d.txt,rf100,roboflow-100/excavators-czvg9,tidak,-,3
train,rf100_construction--3-_mp4-122_jpg.rf.89268df2c84ce038be1d5c48a60efd45.txt,rf100,roboflow-100/excavators-czvg9,tidak,-,2
train,rf100_construction--3-_mp4-123_jpg.rf.15bbc006f0532c92f935079075df0a5a.txt,rf100,roboflow-100/excavators-czvg9,tidak,-,2
train,rf100_construction--3-_mp4-125_jpg.rf.d54ffd0c40ecac51bd1e365ac094f25e.txt,rf100,roboflow-100/excavators-czvg9,tidak,-,1
train,rf100_construction--3-_mp4-127_jpg.rf.543c6eba3d077de1442c34d88cfae25b.txt,rf100,roboflow-100/excavators-czvg9,tidak,-,0
train,rf100_construction--3-_mp4-129_jpg.rf.e248f7780b4098e7645cc56b97d4e06c.txt,rf100,roboflow-100/excavators-czvg9,tidak,-,1
train,rf100_construction--3-_mp4-12_jpg.rf.39d62092ec334f73948d7d4d0d29b218.txt,rf100,roboflow-100/excavators-czvg9,tidak,-,1
train,rf100_construction--3-_mp4-130_jpg.rf.1aba1f3c631ccdf62e24adcdba916293.txt,rf100,roboflow-100/excavators-czvg9,tidak,-,1
train,rf100_construction--3-_mp4-131_jpg.rf.c4edca0df05247baa860ac6e923f5844.txt,rf100,roboflow-100/excavators-czvg9,tidak,-,1
train,rf100_construction--3-_mp4-132_jpg.rf.51b1bd490cc31e40bf7f6cf6211efeaf.txt,rf100,roboflow-100/excavators-czvg9,tidak,-,1
train,rf100_construction--3-_mp4-133_jpg.rf.f6470ec2accd756dd7886253b654662c.txt,rf100,roboflow-100/excavators-czvg9,tidak,-,1
train,rf100_construction--3-_mp4-134_jpg.rf.c8132c7ac225e8e0775a7f6dd150abfc.txt,rf100,roboflow-100/excavators-czvg9,tidak,-,1
train,rf100_construction--3-_mp4-135_jpg.rf.84ac999e46d9dd4f0b62de419d67b8f2.txt,rf100,roboflow-100/excavators-czvg9,tidak,-,1
train,rf100_construction--3-_mp4-136_jpg.rf.3aa78f87d0db0e615248c98d96906718.txt,rf100,roboflow-100/excavators-czvg9,tidak,-,1
train,rf100_construction--3-_mp4-137_jpg.rf.f00df77502f3963bb24cc711b973feef.txt,rf100,roboflow-100/excavators-czvg9,tidak,-,2
train,rf100_construction--3-_mp4-138_jpg.rf.4b95c64ec76e9d866a69c8837e7fa0f8.txt,rf100,roboflow-100/excavators-czvg9,tidak,-,1
train,rf100_construction--3-_mp4-13_jpg.rf.8b3136a52dc4075f6e307dadcb245f76.txt,rf100,roboflow-100/excavators-czvg9,tidak,-,2
train,rf100_construction--3-_mp4-141_jpg.rf.e5bb0dc6451f05a53dd7d8f2557e6764.txt,rf100,roboflow-100/excavators-czvg9,tidak,-,1
train,rf100_construction--3-_mp4-146_jpg.rf.2fe879bca61e079df94ef88e2360ba4c.txt,rf100,roboflow-100/excavators-czvg9,tidak,-,2
train,rf100_construction--3-_mp4-148_jpg.rf.6fa8e2c2923a54885ca5cde309e9887f.txt,rf100,roboflow-100/excavators-czvg9,tidak,-,2
train,rf100_construction--3-_mp4-14_jpg.rf.199de7c8965da629277bf49cf84b912d.txt,rf100,roboflow-100/excavators-czvg9,tidak,-,1
train,rf100_construction--3-_mp4-156_jpg.rf.b8ca645ccdf8b52b27b9df756f4288b7.txt,rf100,roboflow-100/excavators-czvg9,tidak,-,1
train,rf100_construction--3-_mp4-157_jpg.rf.a2bec549f8d7a2507979f10f51f0e771.txt,rf100,roboflow-100/excavators-czvg9,tidak,-,2
train,rf100_construction--3-_mp4-158_jpg.rf.6ef6421104ac1ae9e853b224c375ddfc.txt,rf100,roboflow-100/excavators-czvg9,tidak,-,1
train,rf100_construction--3-_mp4-162_jpg.rf.6ddab351066a4f4c1a2397dd0adbaf5a.txt,rf100,roboflow-100/excavators-czvg9,tidak,-,1
train,rf100_construction--3-_mp4-165_jpg.rf.820090f571a69aa52a2eee9566e2c13b.txt,rf100,roboflow-100/excavators-czvg9,tidak,-,1
train,rf100_construction--3-_mp4-166_jpg.rf.f4168362e9be8fa2f3f68751564c4860.txt,rf100,roboflow-100/excavators-czvg9,tidak,-,1
train,rf100_construction--3-_mp4-167_jpg.rf.921cb111c2b6f09da244a20444f689e0.txt,rf100,roboflow-100/excavators-czvg9,tidak,-,1
train,rf100_construction--3-_mp4-168_jpg.rf.339eaafec505119fd851eec5585e3a63.txt,rf100,roboflow-100/excavators-czvg9,tidak,-,2
train,rf100_construction--3-_mp4-176_jpg.rf.2c6b374ce2a36639e620e77cf2d6556d.txt,rf100,roboflow-100/excavators-czvg9,tidak,-,3
train,rf100_construction--3-_mp4-177_jpg.rf.f052b09e7e44fa00fad7cb7caa27c116.txt,rf100,roboflow-100/excavators-czvg9,tidak,-,1
train,rf100_construction--3-_mp4-178_jpg.rf.141bf64e22c28e6579bf193105c8118c.txt,rf100,roboflow-100/excavators-czvg9,tidak,-,1
train,rf100_construction--3-_mp4-179_jpg.rf.fbf6e7b968f1953bb01084c147fc69f8.txt,rf100,roboflow-100/excavators-czvg9,tidak,-,1
train,rf100_construction--3-_mp4-17_jpg.rf.f624a47a9005e54061b81cc4d31e4a4e.txt,rf100,roboflow-100/excavators-czvg9,tidak,-,1
train,rf100_construction--3-_mp4-180_jpg.rf.ac3fa8b56e3028094cf557e943734587.txt,rf100,roboflow-100/excavators-czvg9,tidak,-,1
train,rf100_construction--3-_mp4-181_jpg.rf.a7a8436a681372c6d00f0b1cb17ede60.txt,rf100,roboflow-100/excavators-czvg9,tidak,-,1
train,rf100_construction--3-_mp4-183_jpg.rf.12dc395f790bd13d1a52b81033aacef7.txt,rf100,roboflow-100/excavators-czvg9,tidak,-,2
train,rf100_construction--3-_mp4-184_jpg.rf.97d42dcc00cd4db05bc4a1f385381289.txt,rf100,roboflow-100/excavators-czvg9,tidak,-,1
train,rf100_construction--3-_mp4-185_jpg.rf.d23877d93feddd786339ea36c90690e6.txt,rf100,roboflow-100/excavators-czvg9,tidak,-,2
train,rf100_construction--3-_mp4-186_jpg.rf.cb08989099ca5b74de296539511d606b.txt,rf100,roboflow-100/excavators-czvg9,tidak,-,2
train,rf100_construction--3-_mp4-187_jpg.rf.3ed410d13d55929e2a18a5674158e1db.txt,rf100,roboflow-100/excavators-czvg9,tidak,-,1
train,rf100_construction--3-_mp4-189_jpg.rf.4e3ed387d2a511aeb75c63c7b49d47af.txt,rf100,roboflow-100/excavators-czvg9,tidak,-,1
train,rf100_construction--3-_mp4-18_jpg.rf.0535c47d7ea1ce6bcf5184f6cdb13ba7.txt,rf100,roboflow-100/excavators-czvg9,tidak,-,1
train,rf100_construction--3-_mp4-190_jpg.rf.7f23250bcd42461dc6c8f72c09883cea.txt,rf100,roboflow-100/excavators-czvg9,tidak,-,1
train,rf100_construction--3-_mp4-192_jpg.rf.a8c21b0861fe0c5cf4a28a1ac67ae5b4.txt,rf100,roboflow-100/excavators-czvg9,tidak,-,1
train,rf100_construction--3-_mp4-193_jpg.rf.383728fd4e30f1ef15ca0bf85ca7df33.txt,rf100,roboflow-100/excavators-czvg9,tidak,-,1
train,rf100_construction--3-_mp4-194_jpg.rf.feb446d457082326dddcec59d94fe2d1.txt,rf100,roboflow-100/excavators-czvg9,tidak,-,1
train,rf100_construction--3-_mp4-195_jpg.rf.ad0060c37b7168ff86a295a442b3ddea.txt,rf100,roboflow-100/excavators-czvg9,tidak,-,3
train,rf100_construction--3-_mp4-196_jpg.rf.eab8e2d40feb4b0d4cee93101cea9f5b.txt,rf100,roboflow-100/excavators-czvg9,tidak,-,2
train,rf100_construction--3-_mp4-197_jpg.rf.a0e95258f92739c65ff6bd7aa24558d7.txt,rf100,roboflow-100/excavators-czvg9,tidak,-,2
train,rf100_construction--3-_mp4-198_jpg.rf.86edf425ff1d8cc0bdb6305a90abbe42.txt,rf100,roboflow-100/excavators-czvg9,tidak,-,1
train,rf100_construction--3-_mp4-199_jpg.rf.1804049926d65a60456361b3fb60584b.txt,rf100,roboflow-100/excavators-czvg9,tidak,-,2
train,rf100_construction--3-_mp4-200_jpg.rf.90f55480fa4052797cd5e28ecaeb804e.txt,rf100,roboflow-100/excavators-czvg9,tidak,-,2
train,rf100_construction--3-_mp4-20_jpg.rf.618421940265639821c3fb47b894ea26.txt,rf100,roboflow-100/excavators-czvg9,tidak,-,1
train,rf100_construction--3-_mp4-210_jpg.rf.41c1f6554b051cebadcadb5526c1348e.txt,rf100,roboflow-100/excavators-czvg9,tidak,-,2
train,rf100_construction--3-_mp4-211_jpg.rf.549d2ec65933413c0c7b44e88341c270.txt,rf100,roboflow-100/excavators-czvg9,tidak,-,3
train,rf100_construction--3-_mp4-220_jpg.rf.68be7ead7ff5b2b2ba3d143209e0f84b.txt,rf100,roboflow-100/excavators-czvg9,tidak,-,1
train,rf100_construction--3-_mp4-221_jpg.rf.1f7b0e5e4e090c64439747694b30517a.txt,rf100,roboflow-100/excavators-czvg9,tidak,-,1
train,rf100_construction--3-_mp4-222_jpg.rf.4579658e4e6c31b3f42966e3c89ea233.txt,rf100,roboflow-100/excavators-czvg9,tidak,-,1
train,rf100_construction--3-_mp4-223_jpg.rf.762574bccc6bdc31402e34fdbb2a21fe.txt,rf100,roboflow-100/excavators-czvg9,tidak,-,1
train,rf100_construction--3-_mp4-225_jpg.rf.b3ff33c94fc8463e3a57a74b67b73606.txt,rf100,roboflow-100/excavators-czvg9,tidak,-,0
train,rf100_construction--3-_mp4-229_jpg.rf.5ece3ebfe04fd416c42c5bf86164d260.txt,rf100,roboflow-100/excavators-czvg9,tidak,-,0
train,rf100_construction--3-_mp4-22_jpg.rf.ff5d30c436273680896e35b3f9f70a96.txt,rf100,roboflow-100/excavators-czvg9,tidak,-,2
train,rf100_construction--3-_mp4-230_jpg.rf.674a8b06905483edaa64546133e2cdd7.txt,rf100,roboflow-100/excavators-czvg9,tidak,-,3
train,rf100_construction--3-_mp4-23_jpg.rf.0c5774cec1bd783f954565e2a421276a.txt,rf100,roboflow-100/excavators-czvg9,tidak,-,2
train,rf100_construction--3-_mp4-24_jpg.rf.979b68664521892ba21bde01c2722d4b.txt,rf100,roboflow-100/excavators-czvg9,tidak,-,2
train,rf100_construction--3-_mp4-25_jpg.rf.b20d7babf6b01b57fb0183c9ec4e25f7.txt,rf100,roboflow-100/excavators-czvg9,tidak,-,2
train,rf100_construction--3-_mp4-27_jpg.rf.20d4245cef087c37d5f6a9b402d04808.txt,rf100,roboflow-100/excavators-czvg9,tidak,-,2
train,rf100_construction--3-_mp4-28_jpg.rf.33d5c4eedd5fa7f0560eb17c54169ee5.txt,rf100,roboflow-100/excavators-czvg9,tidak,-,2
train,rf100_construction--3-_mp4-29_jpg.rf.0bc3a7f26f04c5f055ccc521ca06d23b.txt,rf100,roboflow-100/excavators-czvg9,tidak,-,1
train,rf100_construction--3-_mp4-30_jpg.rf.508b052f9c1592fef54d4b30eeafcac1.txt,rf100,roboflow-100/excavators-czvg9,tidak,-,2
train,rf100_construction--3-_mp4-31_jpg.rf.a1a7d0d40d7f65d20b2afca8f9f56f38.txt,rf100,roboflow-100/excavators-czvg9,tidak,-,1
train,rf100_construction--3-_mp4-32_jpg.rf.df6f9cc9bd82c6e6505eb7d817a82652.txt,rf100,roboflow-100/excavators-czvg9,tidak,-,0
train,rf100_construction--3-_mp4-33_jpg.rf.8f958c56e925c9912526270cfb902995.txt,rf100,roboflow-100/excavators-czvg9,tidak,-,1
train,rf100_construction--3-_mp4-35_jpg.rf.31ef250f75b90eb0536054d2c3040c2c.txt,rf100,roboflow-100/excavators-czvg9,tidak,-,2
train,rf100_construction--3-_mp4-36_jpg.rf.430d7ea38274b3c057c60582b09aa7a3.txt,rf100,roboflow-100/excavators-czvg9,tidak,-,1
train,rf100_construction--3-_mp4-37_jpg.rf.11a4188f4b50b3b9da3c18aae23590cf.txt,rf100,roboflow-100/excavators-czvg9,tidak,-,1
train,rf100_construction--3-_mp4-44_jpg.rf.9b7312c0e40b9d523ed0fa52a112dcb5.txt,rf100,roboflow-100/excavators-czvg9,tidak,-,1
train,rf100_construction--3-_mp4-46_jpg.rf.a9d5a4e9fe4506b9f89813e2001fa48b.txt,rf100,roboflow-100/excavators-czvg9,tidak,-,1
train,rf100_construction--3-_mp4-49_jpg.rf.42a5985ce3d6913eeb9caf6aceb07fc5.txt,rf100,roboflow-100/excavators-czvg9,tidak,-,1
train,rf100_construction--3-_mp4-51_jpg.rf.d61204a530a5d755e49e9bb84bbeff1c.txt,rf100,roboflow-100/excavators-czvg9,tidak,-,1
train,rf100_construction--3-_mp4-52_jpg.rf.6448ae1c1bc5fbedffbf1fe1b4162714.txt,rf100,roboflow-100/excavators-czvg9,tidak,-,1
train,rf100_construction--3-_mp4-54_jpg.rf.5f0b5c195339b08b673c6dae82d3c51e.txt,rf100,roboflow-100/excavators-czvg9,tidak,-,1
train,rf100_construction--3-_mp4-55_jpg.rf.a201ad6666fe57d2d7ae56c3ff01869f.txt,rf100,roboflow-100/excavators-czvg9,tidak,-,0
train,rf100_construction--3-_mp4-60_jpg.rf.5546f1cf1362b4ca0fee69a7ec5f6ead.txt,rf100,roboflow-100/excavators-czvg9,tidak,-,1
train,rf100_construction--3-_mp4-62_jpg.rf.479f367e6eae61b1582d9e4b55131a34.txt,rf100,roboflow-100/excavators-czvg9,tidak,-,1
train,rf100_construction--3-_mp4-63_jpg.rf.b0552dc08a8868c62b4188e64c653066.txt,rf100,roboflow-100/excavators-czvg9,tidak,-,1
train,rf100_construction--3-_mp4-65_jpg.rf.aa5b4707bb26240f6829840386ec74be.txt,rf100,roboflow-100/excavators-czvg9,tidak,-,1
train,rf100_construction--3-_mp4-67_jpg.rf.9d0d4c9191eb7370fc9cc1b9139f2b6c.txt,rf100,roboflow-100/excavators-czvg9,tidak,-,1
train,rf100_construction--3-_mp4-6_jpg.rf.3f5701fffe8c0644401d5b26147e835e.txt,rf100,roboflow-100/excavators-czvg9,tidak,-,2
train,rf100_construction--3-_mp4-72_jpg.rf.4586e3fbdf76c8232d4a73a18499b5fa.txt,rf100,roboflow-100/excavators-czvg9,tidak,-,3
train,rf100_construction--3-_mp4-74_jpg.rf.89c24b4c79200947b3a89b51e1a07ab4.txt,rf100,roboflow-100/excavators-czvg9,tidak,-,1
train,rf100_construction--3-_mp4-75_jpg.rf.9608c715a2f27753dabc3bce572dc5a1.txt,rf100,roboflow-100/excavators-czvg9,tidak,-,0
train,rf100_construction--3-_mp4-7_jpg.rf.a6162b7554f1df8c5bb2acef841f287c.txt,rf100,roboflow-100/excavators-czvg9,tidak,-,1
train,rf100_construction--3-_mp4-81_jpg.rf.8549da499d7f48ed20346a0fd44c4897.txt,rf100,roboflow-100/excavators-czvg9,tidak,-,3
train,rf100_construction--3-_mp4-82_jpg.rf.7b726d02de5176823bbc4e5989fa7735.txt,rf100,roboflow-100/excavators-czvg9,tidak,-,1
train,rf100_construction--3-_mp4-83_jpg.rf.526b008a5047ad9dd7d4c3467da78a7f.txt,rf100,roboflow-100/excavators-czvg9,tidak,-,2
train,rf100_construction--3-_mp4-85_jpg.rf.f7651af075e8ce4272ec9fe484e1cc42.txt,rf100,roboflow-100/excavators-czvg9,tidak,-,1
train,rf100_construction--3-_mp4-86_jpg.rf.61663d098bbfbd7303dc6182573337eb.txt,rf100,roboflow-100/excavators-czvg9,tidak,-,1
train,rf100_construction--3-_mp4-90_jpg.rf.c412581228c7e866b28351a81068fe83.txt,rf100,roboflow-100/excavators-czvg9,tidak,-,1
train,rf100_construction--3-_mp4-92_jpg.rf.b63559d01f87ca944b758e575cb98e5e.txt,rf100,roboflow-100/excavators-czvg9,tidak,-,1
train,rf100_construction--3-_mp4-93_jpg.rf.d392e21508f82929391ca9318243cf20.txt,rf100,roboflow-100/excavators-czvg9,tidak,-,2
train,rf100_construction--3-_mp4-94_jpg.rf.c3b55f45e37b0dd350b4fc84f7a740da.txt,rf100,roboflow-100/excavators-czvg9,tidak,-,0
train,rf100_construction--3-_mp4-99_jpg.rf.ae953463e9a108112f980341b21eba6e.txt,rf100,roboflow-100/excavators-czvg9,tidak,-,2
train,rf100_construction--3-_mp4-9_jpg.rf.9c7c5e336d69a1bc3cc86c21d09d08e7.txt,rf100,roboflow-100/excavators-czvg9,tidak,-,1
train,rf100_construction--300-_jpg.rf.323741dfce92ac949bb923acb05e6aff.txt,rf100,roboflow-100/excavators-czvg9,tidak,-,1
train,rf100_construction--301-_jpg.rf.a94ac3a3333f4e0f3bad5d9872f6898e.txt,rf100,roboflow-100/excavators-czvg9,tidak,-,1
train,rf100_construction--302-_jpg.rf.3408b2d675a4158c1dbeac72532b051a.txt,rf100,roboflow-100/excavators-czvg9,tidak,-,1
train,rf100_construction--303-_jpg.rf.e7e1cb3cab848cb26213f7ec51a6c8fa.txt,rf100,roboflow-100/excavators-czvg9,tidak,-,1
train,rf100_construction--304-_jpg.rf.da243654d643792257e6708bbfb10779.txt,rf100,roboflow-100/excavators-czvg9,tidak,-,0
train,rf100_construction--305-_jpg.rf.98cea70462aa47c4fc3100cd9cd958e1.txt,rf100,roboflow-100/excavators-czvg9,tidak,-,1
train,rf100_construction--306-_jpg.rf.eeb063a1161261e79d5a792f5e4d7b05.txt,rf100,roboflow-100/excavators-czvg9,tidak,-,2
train,rf100_construction--308-_jpg.rf.cd4c85c929a101f63823bc2e572d4726.txt,rf100,roboflow-100/excavators-czvg9,tidak,-,1
train,rf100_construction--308-_jpg.rf.cd4c85c929a101f63823bc2e572d4726_night.txt,rf100,roboflow-100/excavators-czvg9,ya,-,1
train,rf100_construction--309-_jpg.rf.ed81aec87cc803ec44187c87aacfaa27.txt,rf100,roboflow-100/excavators-czvg9,tidak,-,1
train,rf100_construction--309-_jpg.rf.ed81aec87cc803ec44187c87aacfaa27_night.txt,rf100,roboflow-100/excavators-czvg9,ya,-,1
train,rf100_construction--31-_jpg.rf.106f441169fd3608ff4347ac9a96d3a0.txt,rf100,roboflow-100/excavators-czvg9,tidak,-,0
train,rf100_construction--310-_jpg.rf.1a296552390a3df6db544b3a6341ca49.txt,rf100,roboflow-100/excavators-czvg9,tidak,-,1
train,rf100_construction--310-_jpg.rf.1a296552390a3df6db544b3a6341ca49_night.txt,rf100,roboflow-100/excavators-czvg9,ya,-,1
train,rf100_construction--311-_jpg.rf.ad6f16600f8fbb53938505cd9ea6e652.txt,rf100,roboflow-100/excavators-czvg9,tidak,-,1
train,rf100_construction--312-_jpg.rf.edd9015c6acc94d7f95660e436c59d2d.txt,rf100,roboflow-100/excavators-czvg9,tidak,-,1
train,rf100_construction--313-_jpg.rf.0dfc63e38573386855d8837597d91b87.txt,rf100,roboflow-100/excavators-czvg9,tidak,-,1
train,rf100_construction--314-_jpg.rf.5c18e8805bf5788bf3a287110e05e94e.txt,rf100,roboflow-100/excavators-czvg9,tidak,-,0
train,rf100_construction--316-_jpg.rf.76b3ee8c95795b992e8db41c32d543bd.txt,rf100,roboflow-100/excavators-czvg9,tidak,-,2
train,rf100_construction--317-_jpg.rf.ee00b5e7da701a8f48056c0f052ef452.txt,rf100,roboflow-100/excavators-czvg9,tidak,-,1
train,rf100_construction--318-_jpg.rf.6e4b94c3bd9cbe15c9c0a23fcacd1452.txt,rf100,roboflow-100/excavators-czvg9,tidak,-,2
train,rf100_construction--319-_jpg.rf.edcf2a15706aae4a4e30d224b0d9926b.txt,rf100,roboflow-100/excavators-czvg9,tidak,-,1
train,rf100_construction--321-_jpg.rf.e9b561fb72e7a904a93eb213772d3149.txt,rf100,roboflow-100/excavators-czvg9,tidak,-,1
train,rf100_construction--321-_jpg.rf.e9b561fb72e7a904a93eb213772d3149_night.txt,rf100,roboflow-100/excavators-czvg9,ya,-,1
train,rf100_construction--322-_jpg.rf.47da1305cb21c5abb88fa9f91de2f5c4.txt,rf100,roboflow-100/excavators-czvg9,tidak,-,2
train,rf100_construction--323-_jpg.rf.4359111dc457da1db9ec0415ec025fdc.txt,rf100,roboflow-100/excavators-czvg9,tidak,-,1
train,rf100_construction--325-_jpg.rf.f4e3ab9976d35006db5e4cc55e36aaa1.txt,rf100,roboflow-100/excavators-czvg9,tidak,-,1
train,rf100_construction--326-_jpg.rf.853c9c6f65ce6573ea7e6293cae708f7.txt,rf100,roboflow-100/excavators-czvg9,tidak,-,1
train,rf100_construction--328-_jpg.rf.68d4686eceb96c8131753d81c1cb312f.txt,rf100,roboflow-100/excavators-czvg9,tidak,-,1
train,rf100_construction--329-_jpg.rf.2374cb1551ca70fa8e04672378b4e880.txt,rf100,roboflow-100/excavators-czvg9,tidak,-,1
train,rf100_construction--330-_jpg.rf.00c5de16d4af86ced73dac03e171da1f.txt,rf100,roboflow-100/excavators-czvg9,tidak,-,1
train,rf100_construction--331-_jpg.rf.a4019b7f7761b5b21096ec1e8f5ae12a.txt,rf100,roboflow-100/excavators-czvg9,tidak,-,2
train,rf100_construction--332-_jpg.rf.949f04f247acb92963b668da2dd9da05.txt,rf100,roboflow-100/excavators-czvg9,tidak,-,2
train,rf100_construction--332-_jpg.rf.949f04f247acb92963b668da2dd9da05_night.txt,rf100,roboflow-100/excavators-czvg9,ya,-,2
train,rf100_construction--334-_jpg.rf.b29a26e2b2089e45b17d74b7fc264aad.txt,rf100,roboflow-100/excavators-czvg9,tidak,-,2
train,rf100_construction--335-_jpg.rf.03cba21ab4003c64f0408a1788add883.txt,rf100,roboflow-100/excavators-czvg9,tidak,-,1
train,rf100_construction--337-_jpg.rf.9083f621b3c1aa087071d42dd5714b8a.txt,rf100,roboflow-100/excavators-czvg9,tidak,-,0
train,rf100_construction--339-_jpg.rf.cec3fedcb188e292016f6489067f214f.txt,rf100,roboflow-100/excavators-czvg9,tidak,-,2
train,rf100_construction--340-_jpg.rf.f64fe41193ef67c9e17bcb87c7067232.txt,rf100,roboflow-100/excavators-czvg9,tidak,-,1
train,rf100_construction--342-_jpg.rf.be83c64139849aa91e8ec64b18adea27.txt,rf100,roboflow-100/excavators-czvg9,tidak,-,0
train,rf100_construction--343-_jpg.rf.11572462b889c68887c3ee2f69502f0a.txt,rf100,roboflow-100/excavators-czvg9,tidak,-,2
train,rf100_construction--343-_jpg.rf.11572462b889c68887c3ee2f69502f0a_night.txt,rf100,roboflow-100/excavators-czvg9,ya,-,2
train,rf100_construction--344-_jpg.rf.00d8c83b618fe8ab670e139a949dcc5e.txt,rf100,roboflow-100/excavators-czvg9,tidak,-,2
train,rf100_construction--344-_jpg.rf.00d8c83b618fe8ab670e139a949dcc5e_night.txt,rf100,roboflow-100/excavators-czvg9,ya,-,2
train,rf100_construction--345-_jpg.rf.1cf4dd2b768b297b657a2cc69fa9764e.txt,rf100,roboflow-100/excavators-czvg9,tidak,-,1
train,rf100_construction--346-_jpg.rf.32d8de5830327b5a9b0adc475abbf168.txt,rf100,roboflow-100/excavators-czvg9,tidak,-,1
train,rf100_construction--347-_jpg.rf.1f9734a9352d0969c4c3e29dc4bc76aa.txt,rf100,roboflow-100/excavators-czvg9,tidak,-,1
train,rf100_construction--348-_jpg.rf.b93045d90305c89e5dd34898b4c2d622.txt,rf100,roboflow-100/excavators-czvg9,tidak,-,1
train,rf100_construction--349-_jpg.rf.b72191750633bbc756e0015f0e18a57b.txt,rf100,roboflow-100/excavators-czvg9,tidak,-,1
train,rf100_construction--350-_jpg.rf.c2630dd4bf5d13c375a42d04fecc8e89.txt,rf100,roboflow-100/excavators-czvg9,tidak,-,2
train,rf100_construction--351-_jpg.rf.caa05b6124b3814c117543b98e2c281b.txt,rf100,roboflow-100/excavators-czvg9,tidak,-,2
train,rf100_construction--355-_jpg.rf.d0f4d764da4a3aa216441900801bded8.txt,rf100,roboflow-100/excavators-czvg9,tidak,-,0
train,rf100_construction--356-_jpg.rf.10e10bfa83dc79d318a6f171c44d8aba.txt,rf100,roboflow-100/excavators-czvg9,tidak,-,1
train,rf100_construction--359-_jpg.rf.d80fd6a47774961b17d73124ea997cba.txt,rf100,roboflow-100/excavators-czvg9,tidak,-,0
train,rf100_construction--360-_jpg.rf.6e5d1afd99bc9712c78691af79c239b1.txt,rf100,roboflow-100/excavators-czvg9,tidak,-,0
train,rf100_construction--361-_jpg.rf.9992513250619ac3fc02c277b8790c26.txt,rf100,roboflow-100/excavators-czvg9,tidak,-,0
train,rf100_construction--364-_jpg.rf.10e837a3e46f51afa5a2902a31cb50a9.txt,rf100,roboflow-100/excavators-czvg9,tidak,-,1
train,rf100_construction--365-_jpg.rf.dfafc4e5021ac4e7a2a05f3baad6e541.txt,rf100,roboflow-100/excavators-czvg9,tidak,-,3
train,rf100_construction--368-_jpg.rf.c377012acae8ecf78215ebede57423b0.txt,rf100,roboflow-100/excavators-czvg9,tidak,-,1
train,rf100_construction--369-_jpg.rf.f8d49b998c552fd078714a994c959387.txt,rf100,roboflow-100/excavators-czvg9,tidak,-,1
train,rf100_construction--369-_jpg.rf.f8d49b998c552fd078714a994c959387_night.txt,rf100,roboflow-100/excavators-czvg9,ya,-,1
train,rf100_construction--371-_jpg.rf.3cd3f48b82d3ff5c7ef1c81c7aa47660.txt,rf100,roboflow-100/excavators-czvg9,tidak,-,0
train,rf100_construction--373-_jpg.rf.2db9c501389d368585857dfa3031ce06.txt,rf100,roboflow-100/excavators-czvg9,tidak,-,2
train,rf100_construction--376-_jpg.rf.e2f049660ebfb8efa84197b1eaa03d54.txt,rf100,roboflow-100/excavators-czvg9,tidak,-,3
train,rf100_construction--377-_jpg.rf.13a04f6b233aa6cecfc5f1e2df0e1ccb.txt,rf100,roboflow-100/excavators-czvg9,tidak,-,0
train,rf100_construction--380-_jpg.rf.302e95820a733c46a941e05684a0a55c.txt,rf100,roboflow-100/excavators-czvg9,tidak,-,1
train,rf100_construction--382-_jpg.rf.7b16af8b18a95f1124a0cb9f3db1e56e.txt,rf100,roboflow-100/excavators-czvg9,tidak,-,1
train,rf100_construction--384-_jpg.rf.fcfe42cba5d80d12e4881c268f96bd63.txt,rf100,roboflow-100/excavators-czvg9,tidak,-,0
train,rf100_construction--385-_jpg.rf.91c625ebcdf6405e83f49ab096f2d4fd.txt,rf100,roboflow-100/excavators-czvg9,tidak,-,0
train,rf100_construction--387-_jpg.rf.6637c8fe11a895951353d17dcb69dca0.txt,rf100,roboflow-100/excavators-czvg9,tidak,-,1
train,rf100_construction--388-_jpg.rf.f2cae339dd376a8fc2f2079fd761765c.txt,rf100,roboflow-100/excavators-czvg9,tidak,-,1
train,rf100_construction--389-_jpg.rf.88fc6cefa0628ad09d8e80dd9342914e.txt,rf100,roboflow-100/excavators-czvg9,tidak,-,1
train,rf100_construction--392-_jpg.rf.9064b03300fce21482b56471c1eece7a.txt,rf100,roboflow-100/excavators-czvg9,tidak,-,1
train,rf100_construction--393-_jpg.rf.2c562a7a27a5ad40a659469832ea6a6c.txt,rf100,roboflow-100/excavators-czvg9,tidak,-,2
train,rf100_construction--394-_jpg.rf.40383e0608294ca060169e68a38d23e6.txt,rf100,roboflow-100/excavators-czvg9,tidak,-,2
train,rf100_construction--394-_jpg.rf.40383e0608294ca060169e68a38d23e6_night.txt,rf100,roboflow-100/excavators-czvg9,ya,-,2
train,rf100_construction--395-_jpg.rf.3fbdb2757422c4a7d14abf5534cfcd8f.txt,rf100,roboflow-100/excavators-czvg9,tidak,-,2
train,rf100_construction--395-_jpg.rf.3fbdb2757422c4a7d14abf5534cfcd8f_night.txt,rf100,roboflow-100/excavators-czvg9,ya,-,2
train,rf100_construction--398-_jpg.rf.7bf6abbff125638c686115eaf68e6ab5.txt,rf100,roboflow-100/excavators-czvg9,tidak,-,1
train,rf100_construction--4-_mp4-0_jpg.rf.45bb4abda4d03eec553f5c70091f9aca.txt,rf100,roboflow-100/excavators-czvg9,tidak,-,2
train,rf100_construction--4-_mp4-104_jpg.rf.e0b042b2215a6c04c8bc4b90c9a7c3f6.txt,rf100,roboflow-100/excavators-czvg9,tidak,-,1
train,rf100_construction--4-_mp4-105_jpg.rf.edc70dde50fbaed242ff99d638904eee.txt,rf100,roboflow-100/excavators-czvg9,tidak,-,1
train,rf100_construction--4-_mp4-106_jpg.rf.3bb1401ec7e678ef5f25c76f25b9ccd8.txt,rf100,roboflow-100/excavators-czvg9,tidak,-,1
train,rf100_construction--4-_mp4-109_jpg.rf.b72c320244d1159867ef1d07941ec1f9.txt,rf100,roboflow-100/excavators-czvg9,tidak,-,1
train,rf100_construction--4-_mp4-10_jpg.rf.6ababc993c68334541d3716cc669d6fc.txt,rf100,roboflow-100/excavators-czvg9,tidak,-,4
train,rf100_construction--4-_mp4-110_jpg.rf.0f5e5effd47003a8aa49733745f973ea.txt,rf100,roboflow-100/excavators-czvg9,tidak,-,1
train,rf100_construction--4-_mp4-111_jpg.rf.faee70d2ab0d9ecf8ac3d7b00e0e0962.txt,rf100,roboflow-100/excavators-czvg9,tidak,-,1
train,rf100_construction--4-_mp4-112_jpg.rf.9ff366fe2b53d03999c242c111143875.txt,rf100,roboflow-100/excavators-czvg9,tidak,-,1
train,rf100_construction--4-_mp4-113_jpg.rf.d66d1f4a52408ec48f0ec84277767e8a.txt,rf100,roboflow-100/excavators-czvg9,tidak,-,1
train,rf100_construction--4-_mp4-11_jpg.rf.487e5e8e0017437270fa2b3e6fa95982.txt,rf100,roboflow-100/excavators-czvg9,tidak,-,3
train,rf100_construction--4-_mp4-121_jpg.rf.f4a4a1c7788eef1fac3d483c9c29c31a.txt,rf100,roboflow-100/excavators-czvg9,tidak,-,1
train,rf100_construction--4-_mp4-122_jpg.rf.3b38eaf58fca962b0a136d35c0b7444b.txt,rf100,roboflow-100/excavators-czvg9,tidak,-,2
train,rf100_construction--4-_mp4-127_jpg.rf.2ea18535bdfca60a22ac8e8ee9ef3251.txt,rf100,roboflow-100/excavators-czvg9,tidak,-,2
train,rf100_construction--4-_mp4-128_jpg.rf.9e51878301535cf1cb479e97b8b372c1.txt,rf100,roboflow-100/excavators-czvg9,tidak,-,2
train,rf100_construction--4-_mp4-12_jpg.rf.729c9099dd25d40cd60fba2b5b9f78ac.txt,rf100,roboflow-100/excavators-czvg9,tidak,-,2
train,rf100_construction--4-_mp4-139_jpg.rf.92f35ab741545e4c24873ec2e6bb48bc.txt,rf100,roboflow-100/excavators-czvg9,tidak,-,2
train,rf100_construction--4-_mp4-140_jpg.rf.6e7bb06a8523a5c7a37f306217c44e7c.txt,rf100,roboflow-100/excavators-czvg9,tidak,-,2
train,rf100_construction--4-_mp4-143_jpg.rf.2edbd034ff51bb3e5c3ef0baae56c765.txt,rf100,roboflow-100/excavators-czvg9,tidak,-,2
train,rf100_construction--4-_mp4-144_jpg.rf.adaba70a87391d3d324cb34c966c377e.txt,rf100,roboflow-100/excavators-czvg9,tidak,-,1
train,rf100_construction--4-_mp4-14_jpg.rf.82ee379aaeebd2ea44d5a658efdaa5fd.txt,rf100,roboflow-100/excavators-czvg9,tidak,-,3
train,rf100_construction--4-_mp4-150_jpg.rf.dbcac07e986bf1b41e1e00890b266c52.txt,rf100,roboflow-100/excavators-czvg9,tidak,-,3
train,rf100_construction--4-_mp4-151_jpg.rf.051527b79eab7211a3c3fed5d5301b39.txt,rf100,roboflow-100/excavators-czvg9,tidak,-,2
train,rf100_construction--4-_mp4-152_jpg.rf.d29924a60f5412f06f0ebdbe0fb10830.txt,rf100,roboflow-100/excavators-czvg9,tidak,-,3
train,rf100_construction--4-_mp4-153_jpg.rf.12bd7410bc5f02c7f97eeb8be5888373.txt,rf100,roboflow-100/excavators-czvg9,tidak,-,5
train,rf100_construction--4-_mp4-154_jpg.rf.b2a88a6e122ec14be97ee442294c63a9.txt,rf100,roboflow-100/excavators-czvg9,tidak,-,3
train,rf100_construction--4-_mp4-155_jpg.rf.80944e0a438000ae06eac1c4630c15ff.txt,rf100,roboflow-100/excavators-czvg9,tidak,-,4
train,rf100_construction--4-_mp4-156_jpg.rf.c4f0e6994791562646efd0bb675c4867.txt,rf100,roboflow-100/excavators-czvg9,tidak,-,3
train,rf100_construction--4-_mp4-157_jpg.rf.fd46ed8d2fd8848ceafafe0b42d030de.txt,rf100,roboflow-100/excavators-czvg9,tidak,-,3
train,rf100_construction--4-_mp4-158_jpg.rf.428bf290177e665685ec555e5517e737.txt,rf100,roboflow-100/excavators-czvg9,tidak,-,1
train,rf100_construction--4-_mp4-159_jpg.rf.61f6c357b1d8fdb000aa994f44c2bf8d.txt,rf100,roboflow-100/excavators-czvg9,tidak,-,2
train,rf100_construction--4-_mp4-159_jpg.rf.61f6c357b1d8fdb000aa994f44c2bf8d_night.txt,rf100,roboflow-100/excavators-czvg9,ya,-,2
train,rf100_construction--4-_mp4-15_jpg.rf.0935b19f004ea3a38dc98ce39ddeff5d.txt,rf100,roboflow-100/excavators-czvg9,tidak,-,4
train,rf100_construction--4-_mp4-160_jpg.rf.86f5b8b67c6f586f386d7bb7044b7891.txt,rf100,roboflow-100/excavators-czvg9,tidak,-,2
train,rf100_construction--4-_mp4-160_jpg.rf.86f5b8b67c6f586f386d7bb7044b7891_night.txt,rf100,roboflow-100/excavators-czvg9,ya,-,2
train,rf100_construction--4-_mp4-161_jpg.rf.0ec6d433c1bece66705b8a424491a3c6.txt,rf100,roboflow-100/excavators-czvg9,tidak,-,2
train,rf100_construction--4-_mp4-162_jpg.rf.e1b77fe491e41253e16282a17c467b49.txt,rf100,roboflow-100/excavators-czvg9,tidak,-,1
train,rf100_construction--4-_mp4-163_jpg.rf.7e840f1394f9a5ec144ece6d50a4688e.txt,rf100,roboflow-100/excavators-czvg9,tidak,-,1
train,rf100_construction--4-_mp4-164_jpg.rf.e0e68dc12dd566aeb53706506ceba718.txt,rf100,roboflow-100/excavators-czvg9,tidak,-,1
train,rf100_construction--4-_mp4-165_jpg.rf.69814d539a8160b730bf46309f3e962f.txt,rf100,roboflow-100/excavators-czvg9,tidak,-,1
train,rf100_construction--4-_mp4-166_jpg.rf.45bb66db2bf5e41af208005aa6559cf3.txt,rf100,roboflow-100/excavators-czvg9,tidak,-,2
train,rf100_construction--4-_mp4-167_jpg.rf.92b111ad8663fe7c599f06a7038cfff4.txt,rf100,roboflow-100/excavators-czvg9,tidak,-,1
train,rf100_construction--4-_mp4-169_jpg.rf.1cc219c58cfd4b98c3cf7dd0609b48dc.txt,rf100,roboflow-100/excavators-czvg9,tidak,-,1
train,rf100_construction--4-_mp4-16_jpg.rf.ef8d83ef970951b614c5c0c172667f5a.txt,rf100,roboflow-100/excavators-czvg9,tidak,-,4
train,rf100_construction--4-_mp4-170_jpg.rf.109b62833a4896c900d832308ec41886.txt,rf100,roboflow-100/excavators-czvg9,tidak,-,1
train,rf100_construction--4-_mp4-171_jpg.rf.a60992aa1571515b007961c7b9b416db.txt,rf100,roboflow-100/excavators-czvg9,tidak,-,1
train,rf100_construction--4-_mp4-176_jpg.rf.119a9a6b4780b9abba3b3920ec2cc27a.txt,rf100,roboflow-100/excavators-czvg9,tidak,-,1
train,rf100_construction--4-_mp4-179_jpg.rf.fb2342521222f7aecbf3b40713107f6a.txt,rf100,roboflow-100/excavators-czvg9,tidak,-,1
train,rf100_construction--4-_mp4-180_jpg.rf.075c6e5c136b793e730478b2adacc268.txt,rf100,roboflow-100/excavators-czvg9,tidak,-,1
train,rf100_construction--4-_mp4-181_jpg.rf.7562c1036b53a9cf50cba039c13ea7b8.txt,rf100,roboflow-100/excavators-czvg9,tidak,-,1
train,rf100_construction--4-_mp4-182_jpg.rf.e866c2494d0e73a4c7ab17cdbaa77f73.txt,rf100,roboflow-100/excavators-czvg9,tidak,-,1
train,rf100_construction--4-_mp4-183_jpg.rf.58c37a8d5acc76ff03cddb831df75360.txt,rf100,roboflow-100/excavators-czvg9,tidak,-,1
train,rf100_construction--4-_mp4-184_jpg.rf.07e549be0f5b986e692f86c3afcef085.txt,rf100,roboflow-100/excavators-czvg9,tidak,-,2
train,rf100_construction--4-_mp4-185_jpg.rf.e426eca2f699b850c6ecb9aa45b7b4a1.txt,rf100,roboflow-100/excavators-czvg9,tidak,-,1
train,rf100_construction--4-_mp4-188_jpg.rf.fed837922a6d8f8c9e963d019a3f0263.txt,rf100,roboflow-100/excavators-czvg9,tidak,-,1
train,rf100_construction--4-_mp4-189_jpg.rf.19ec253e7352702582811bee9fb1ec1f.txt,rf100,roboflow-100/excavators-czvg9,tidak,-,1
train,rf100_construction--4-_mp4-18_jpg.rf.9634c6513d97259c036806b083d6ccfc.txt,rf100,roboflow-100/excavators-czvg9,tidak,-,3
train,rf100_construction--4-_mp4-192_jpg.rf.cec5c7903c2b24f0c0a41360888a512f.txt,rf100,roboflow-100/excavators-czvg9,tidak,-,1
train,rf100_construction--4-_mp4-198_jpg.rf.7cc8da0dbabc8fc5290fa1f6b0ddf8fb.txt,rf100,roboflow-100/excavators-czvg9,tidak,-,1
train,rf100_construction--4-_mp4-199_jpg.rf.9583069c8ee08ce68089916084e5094c.txt,rf100,roboflow-100/excavators-czvg9,tidak,-,1
train,rf100_construction--4-_mp4-19_jpg.rf.1a4a16c861b0586d623d3dba517c0496.txt,rf100,roboflow-100/excavators-czvg9,tidak,-,3
train,rf100_construction--4-_mp4-200_jpg.rf.f4ff4604c631fd4d514dc5775a7cce36.txt,rf100,roboflow-100/excavators-czvg9,tidak,-,1
train,rf100_construction--4-_mp4-201_jpg.rf.a0e5c8e41b723646559df784e48d36c7.txt,rf100,roboflow-100/excavators-czvg9,tidak,-,2
train,rf100_construction--4-_mp4-202_jpg.rf.27d8e95cf48b204c411355337fc14229.txt,rf100,roboflow-100/excavators-czvg9,tidak,-,1
train,rf100_construction--4-_mp4-203_jpg.rf.19e21e6eac2430ff9db44bb37c404291.txt,rf100,roboflow-100/excavators-czvg9,tidak,-,1
train,rf100_construction--4-_mp4-204_jpg.rf.f16b6ea3d91f88a28c699377042d47ec.txt,rf100,roboflow-100/excavators-czvg9,tidak,-,1
train,rf100_construction--4-_mp4-205_jpg.rf.2e90fa4286771dda642c7b2db8b59bca.txt,rf100,roboflow-100/excavators-czvg9,tidak,-,1
train,rf100_construction--4-_mp4-212_jpg.rf.cbed9904fbf8afef9144e52dbf706e94.txt,rf100,roboflow-100/excavators-czvg9,tidak,-,2
train,rf100_construction--4-_mp4-213_jpg.rf.d4c19ab8ebae21b2ba57f5c716a3e46b.txt,rf100,roboflow-100/excavators-czvg9,tidak,-,2
train,rf100_construction--4-_mp4-21_jpg.rf.be39b64a13157f5478e4d325eace1448.txt,rf100,roboflow-100/excavators-czvg9,tidak,-,1
train,rf100_construction--4-_mp4-220_jpg.rf.519170384516142c51f1afc22938b330.txt,rf100,roboflow-100/excavators-czvg9,tidak,-,2
train,rf100_construction--4-_mp4-221_jpg.rf.1b53a8f25e52a3d88f2dc44769f282d8.txt,rf100,roboflow-100/excavators-czvg9,tidak,-,2
train,rf100_construction--4-_mp4-222_jpg.rf.e815147b91f7be3423bc20a5db0dd75e.txt,rf100,roboflow-100/excavators-czvg9,tidak,-,3
train,rf100_construction--4-_mp4-222_jpg.rf.e815147b91f7be3423bc20a5db0dd75e_night.txt,rf100,roboflow-100/excavators-czvg9,ya,-,3
train,rf100_construction--4-_mp4-223_jpg.rf.1c33d3d3d2d933ec3fdaf5a548ef9097.txt,rf100,roboflow-100/excavators-czvg9,tidak,-,3
train,rf100_construction--4-_mp4-224_jpg.rf.5b50e69f715caa18ba92975514558807.txt,rf100,roboflow-100/excavators-czvg9,tidak,-,4
train,rf100_construction--4-_mp4-22_jpg.rf.a887bc6eb43e133b5ddae10a0e3db2f6.txt,rf100,roboflow-100/excavators-czvg9,tidak,-,1
train,rf100_construction--4-_mp4-24_jpg.rf.b723c404f55e42e2dcb5587496920c79.txt,rf100,roboflow-100/excavators-czvg9,tidak,-,1
train,rf100_construction--4-_mp4-25_jpg.rf.99b6983d419cfc0a535f57f92a5f7d47.txt,rf100,roboflow-100/excavators-czvg9,tidak,-,2
train,rf100_construction--4-_mp4-26_jpg.rf.f0cd80609faf11d21c68e768632b98c6.txt,rf100,roboflow-100/excavators-czvg9,tidak,-,1
train,rf100_construction--4-_mp4-27_jpg.rf.25d5e7dabe06bac671bf3009f3897ab4.txt,rf100,roboflow-100/excavators-czvg9,tidak,-,1
train,rf100_construction--4-_mp4-28_jpg.rf.63bb760654da9a9572f3c470190f68f9.txt,rf100,roboflow-100/excavators-czvg9,tidak,-,1
train,rf100_construction--4-_mp4-2_jpg.rf.44c1cc7ba3916bfed8f9d64b0aeb5c44.txt,rf100,roboflow-100/excavators-czvg9,tidak,-,3
train,rf100_construction--4-_mp4-2_jpg.rf.44c1cc7ba3916bfed8f9d64b0aeb5c44_night.txt,rf100,roboflow-100/excavators-czvg9,ya,-,3
train,rf100_construction--4-_mp4-32_jpg.rf.0980e845fe4099282202caab3ddfbe2e.txt,rf100,roboflow-100/excavators-czvg9,tidak,-,1
train,rf100_construction--4-_mp4-33_jpg.rf.c6b5379a462f97cfa2fa696df3043a93.txt,rf100,roboflow-100/excavators-czvg9,tidak,-,1
train,rf100_construction--4-_mp4-38_jpg.rf.6c784a96b060c92761a681b85805e108.txt,rf100,roboflow-100/excavators-czvg9,tidak,-,1
train,rf100_construction--4-_mp4-3_jpg.rf.4e47820e96893aa541682cf1ed64311e.txt,rf100,roboflow-100/excavators-czvg9,tidak,-,3
train,rf100_construction--4-_mp4-41_jpg.rf.0e78d2c4819b93f77750aa12f7fbafef.txt,rf100,roboflow-100/excavators-czvg9,tidak,-,1
train,rf100_construction--4-_mp4-4_jpg.rf.0829b8cd9544d5ab54b05a85501473ec.txt,rf100,roboflow-100/excavators-czvg9,tidak,-,2
train,rf100_construction--4-_mp4-4_jpg.rf.0829b8cd9544d5ab54b05a85501473ec_night.txt,rf100,roboflow-100/excavators-czvg9,ya,-,2
train,rf100_construction--4-_mp4-54_jpg.rf.82874be606574a35003dd58188a17b3e.txt,rf100,roboflow-100/excavators-czvg9,tidak,-,1
train,rf100_construction--4-_mp4-74_jpg.rf.44cd99af3c807432dedb58ed74251c75.txt,rf100,roboflow-100/excavators-czvg9,tidak,-,1
train,rf100_construction--4-_mp4-75_jpg.rf.dd15a339b79ea9133d43953d1c912be6.txt,rf100,roboflow-100/excavators-czvg9,tidak,-,1
train,rf100_construction--4-_mp4-76_jpg.rf.1183e590273c1b1b0541c3b87c6fdfc2.txt,rf100,roboflow-100/excavators-czvg9,tidak,-,1
train,rf100_construction--4-_mp4-77_jpg.rf.2b6a79f73828bc494199ab6c55cae653.txt,rf100,roboflow-100/excavators-czvg9,tidak,-,2
train,rf100_construction--4-_mp4-78_jpg.rf.6744a6b56d4bff3277142191b1354b49.txt,rf100,roboflow-100/excavators-czvg9,tidak,-,1
train,rf100_construction--4-_mp4-79_jpg.rf.0296e08ff34948e1a16d7021420132b6.txt,rf100,roboflow-100/excavators-czvg9,tidak,-,1
train,rf100_construction--4-_mp4-80_jpg.rf.ae27161482465123672145ba58753a97.txt,rf100,roboflow-100/excavators-czvg9,tidak,-,2
train,rf100_construction--4-_mp4-81_jpg.rf.01d066ef8425c6411486a69eacb1d633.txt,rf100,roboflow-100/excavators-czvg9,tidak,-,2
train,rf100_construction--4-_mp4-82_jpg.rf.602f09689b0f2c55a99592207ade1070.txt,rf100,roboflow-100/excavators-czvg9,tidak,-,2
train,rf100_construction--4-_mp4-83_jpg.rf.f730e63485c86273df6f61c4d287a27e.txt,rf100,roboflow-100/excavators-czvg9,tidak,-,2
train,rf100_construction--4-_mp4-84_jpg.rf.564112c27244841d8f2c2ce2e3f3cc4b.txt,rf100,roboflow-100/excavators-czvg9,tidak,-,1
train,rf100_construction--4-_mp4-85_jpg.rf.cd58c3ba5acc9cbce2fe8b6ada2a48c2.txt,rf100,roboflow-100/excavators-czvg9,tidak,-,0
train,rf100_construction--4-_mp4-86_jpg.rf.940460e9df3f87ac39cc14a5a295c1a5.txt,rf100,roboflow-100/excavators-czvg9,tidak,-,0
train,rf100_construction--4-_mp4-87_jpg.rf.e4767bf61a58ae04c6cbb09a5795a1c5.txt,rf100,roboflow-100/excavators-czvg9,tidak,-,1
train,rf100_construction--4-_mp4-88_jpg.rf.c7fae29a04a0309980f752145439d4b1.txt,rf100,roboflow-100/excavators-czvg9,tidak,-,1
train,rf100_construction--4-_mp4-89_jpg.rf.bd052f711320bf6499b4432fe708f32e.txt,rf100,roboflow-100/excavators-czvg9,tidak,-,1
train,rf100_construction--4-_mp4-90_jpg.rf.a99265aeb832cbf17d19b58f9fc26e73.txt,rf100,roboflow-100/excavators-czvg9,tidak,-,1
train,rf100_construction--4-_mp4-91_jpg.rf.8260e371ac9a7811b3cc540f429abe72.txt,rf100,roboflow-100/excavators-czvg9,tidak,-,1
train,rf100_construction--4-_mp4-92_jpg.rf.9f2c79706ba1d4a8fb38ae11dfdf5eda.txt,rf100,roboflow-100/excavators-czvg9,tidak,-,1
train,rf100_construction--4-_mp4-93_jpg.rf.303a4cfd524df4f14fa8e9f2439c076d.txt,rf100,roboflow-100/excavators-czvg9,tidak,-,1
train,rf100_construction--4-_mp4-94_jpg.rf.0e878aa149448bf18b80f88feb088d1a.txt,rf100,roboflow-100/excavators-czvg9,tidak,-,1
train,rf100_construction--4-_mp4-96_jpg.rf.c0b42c7818cee1ea47ff6f9a0e000d02.txt,rf100,roboflow-100/excavators-czvg9,tidak,-,1
train,rf100_construction--4-_mp4-97_jpg.rf.8430cdf77031961528dae832ac0f3a37.txt,rf100,roboflow-100/excavators-czvg9,tidak,-,1
train,rf100_construction--400-_jpg.rf.2b4be7aec120c2335d1fc041e8b31c4a.txt,rf100,roboflow-100/excavators-czvg9,tidak,-,2
train,rf100_construction--401-_jpg.rf.3b4b7861af36afe6839b64591c0d1d62.txt,rf100,roboflow-100/excavators-czvg9,tidak,-,1
train,rf100_construction--402-_jpg.rf.6dff5e9513521a42cc625e3925f27d0a.txt,rf100,roboflow-100/excavators-czvg9,tidak,-,1
train,rf100_construction--405-_jpg.rf.f8b57cfbae7bd754085900cbfb36b2f7.txt,rf100,roboflow-100/excavators-czvg9,tidak,-,2
train,rf100_construction--406-_jpg.rf.3fd02b001f5be015151aea482780ea30.txt,rf100,roboflow-100/excavators-czvg9,tidak,-,1
train,rf100_construction--406-_jpg.rf.3fd02b001f5be015151aea482780ea30_night.txt,rf100,roboflow-100/excavators-czvg9,ya,-,1
train,rf100_construction--407-_jpg.rf.063cc312d4078226681b83ed35eeb003.txt,rf100,roboflow-100/excavators-czvg9,tidak,-,1
train,rf100_construction--408-_jpg.rf.b2b07f11b76cb1f88cd68234a376e1a9.txt,rf100,roboflow-100/excavators-czvg9,tidak,-,2
train,rf100_construction--409-_jpg.rf.d784238eb2f7670205e43aa875a53bd5.txt,rf100,roboflow-100/excavators-czvg9,tidak,-,1
train,rf100_construction--411-_jpg.rf.6c55f14d69f798af21af0ac833d81cb4.txt,rf100,roboflow-100/excavators-czvg9,tidak,-,1
train,rf100_construction--412-_jpg.rf.83f8322422a9d0b748dc5dc484f4dba7.txt,rf100,roboflow-100/excavators-czvg9,tidak,-,1
train,rf100_construction--413-_jpg.rf.2f728cfe34db6a27962823f79abe4872.txt,rf100,roboflow-100/excavators-czvg9,tidak,-,1
train,rf100_construction--414-_jpg.rf.19a79db2cd411ed32a971dd701265928.txt,rf100,roboflow-100/excavators-czvg9,tidak,-,1
train,rf100_construction--416-_jpg.rf.4c80b8e389d7fca05e50b2c5ba14c25e.txt,rf100,roboflow-100/excavators-czvg9,tidak,-,1
train,rf100_construction--418-_jpg.rf.4648d25d877ef5ce805c1df82248ffd6.txt,rf100,roboflow-100/excavators-czvg9,tidak,-,1
train,rf100_construction--419-_jpg.rf.0c478e3ad1e5887e280ae745e2dd0f89.txt,rf100,roboflow-100/excavators-czvg9,tidak,-,1
train,rf100_construction--420-_jpg.rf.33aa662348cf76c52885ada3dd5578bf.txt,rf100,roboflow-100/excavators-czvg9,tidak,-,0
train,rf100_construction--421-_jpg.rf.017377f8a765f82bda02d088e7d3c416.txt,rf100,roboflow-100/excavators-czvg9,tidak,-,0
train,rf100_construction--422-_jpg.rf.659293a8aa6789f9976fd266b56c139f.txt,rf100,roboflow-100/excavators-czvg9,tidak,-,0
train,rf100_construction--426-_jpg.rf.41760fee27d968b7fe068c9cec546796.txt,rf100,roboflow-100/excavators-czvg9,tidak,-,0
train,rf100_construction--427-_jpg.rf.e6456e9f3151b92c3ffa9988314ba7fd.txt,rf100,roboflow-100/excavators-czvg9,tidak,-,2
train,rf100_construction--428-_jpg.rf.93f37e1d17238a57ab466fce8c13563b.txt,rf100,roboflow-100/excavators-czvg9,tidak,-,0
train,rf100_construction--429-_jpg.rf.3692a1b0c0d754a791fab0bfa0166cf2.txt,rf100,roboflow-100/excavators-czvg9,tidak,-,0
train,rf100_construction--430-_jpg.rf.d4bedddb16ebb6a5899a2d074c76b89c.txt,rf100,roboflow-100/excavators-czvg9,tidak,-,2
train,rf100_construction--431-_jpg.rf.b5f0fe0bec91274e8015f3e1ac2694d4.txt,rf100,roboflow-100/excavators-czvg9,tidak,-,1
train,rf100_construction--434-_jpg.rf.97f75c7b910fc0973ad242e66a13b7e3.txt,rf100,roboflow-100/excavators-czvg9,tidak,-,0
train,rf100_construction--435-_jpg.rf.e3232b5bb7395fed3dfa588244424894.txt,rf100,roboflow-100/excavators-czvg9,tidak,-,1
train,rf100_construction--436-_jpg.rf.fb94a1c42a3c256ec14d801339732785.txt,rf100,roboflow-100/excavators-czvg9,tidak,-,2
train,rf100_construction--438-_jpg.rf.47361bc7513c2300edd95cdb4800f665.txt,rf100,roboflow-100/excavators-czvg9,tidak,-,1
train,rf100_construction--439-_jpg.rf.9be6aa41c4306bdbae94be2dea920b56.txt,rf100,roboflow-100/excavators-czvg9,tidak,-,1
train,rf100_construction--440-_jpg.rf.43f3c41c6174e140cb1ff94e8f45e922.txt,rf100,roboflow-100/excavators-czvg9,tidak,-,1
train,rf100_construction--441-_jpg.rf.6db789fd1763731762dfde63e645eac8.txt,rf100,roboflow-100/excavators-czvg9,tidak,-,1
train,rf100_construction--442-_jpg.rf.4b1e2158fe86cbc259a62679a0698f31.txt,rf100,roboflow-100/excavators-czvg9,tidak,-,1
train,rf100_construction--443-_jpg.rf.3cf69e5c3b8b15e8e098ed714b0eebf6.txt,rf100,roboflow-100/excavators-czvg9,tidak,-,1
train,rf100_construction--443-_jpg.rf.3cf69e5c3b8b15e8e098ed714b0eebf6_night.txt,rf100,roboflow-100/excavators-czvg9,ya,-,1
train,rf100_construction--444-_jpg.rf.621fedf626d20ec97ffa2efedddd3ef9.txt,rf100,roboflow-100/excavators-czvg9,tidak,-,1
train,rf100_construction--446-_jpg.rf.da13034a17a84fbce1622c7982eb8239.txt,rf100,roboflow-100/excavators-czvg9,tidak,-,1
train,rf100_construction--448-_jpg.rf.e8f6571ac099b1a08ba8e7f69d281505.txt,rf100,roboflow-100/excavators-czvg9,tidak,-,1
train,rf100_construction--449-_jpg.rf.e35706bcc9e5b4ffa8a8981896d6964c.txt,rf100,roboflow-100/excavators-czvg9,tidak,-,1
train,rf100_construction--451-_jpg.rf.9cc887839d4c9c095f7bb8361b199111.txt,rf100,roboflow-100/excavators-czvg9,tidak,-,1
train,rf100_construction--452-_jpg.rf.027448a116a68387745427bdc309bc5b.txt,rf100,roboflow-100/excavators-czvg9,tidak,-,1
train,rf100_construction--453-_jpg.rf.2d1c320aaf65ddad9012c7c61955b1ef.txt,rf100,roboflow-100/excavators-czvg9,tidak,-,1
train,rf100_construction--456-_jpg.rf.dab43f672ee82182e61456c4ac42d7dd.txt,rf100,roboflow-100/excavators-czvg9,tidak,-,1
train,rf100_construction--457-_jpg.rf.d87cfe8ddc69e4b092dff662401c813d.txt,rf100,roboflow-100/excavators-czvg9,tidak,-,1
train,rf100_construction--458-_jpg.rf.09be02fec4701270500bf9ea50fa932d.txt,rf100,roboflow-100/excavators-czvg9,tidak,-,1
train,rf100_construction--459-_jpg.rf.ab7410735ba9bad1de1dacac6b312cde.txt,rf100,roboflow-100/excavators-czvg9,tidak,-,0
train,rf100_construction--461-_jpg.rf.5e053e010acec1421c522c603f709d31.txt,rf100,roboflow-100/excavators-czvg9,tidak,-,1
train,rf100_construction--462-_jpg.rf.83a25302e7bfc9e372b814e9c092cbd8.txt,rf100,roboflow-100/excavators-czvg9,tidak,-,0
train,rf100_construction--463-_jpg.rf.38116e869d33a1c779eab0f17fdd0dd4.txt,rf100,roboflow-100/excavators-czvg9,tidak,-,1
train,rf100_construction--464-_jpg.rf.f56260d96868f601191b0572ca1b82d1.txt,rf100,roboflow-100/excavators-czvg9,tidak,-,1
train,rf100_construction--466-_jpg.rf.8cfc07583661d81e50215c2b129371e6.txt,rf100,roboflow-100/excavators-czvg9,tidak,-,1
train,rf100_construction--467-_jpg.rf.625cedec957da240eaacf057702581b5.txt,rf100,roboflow-100/excavators-czvg9,tidak,-,1
train,rf100_construction--468-_jpg.rf.fafff41f5bec78e7ca4a5857434bf576.txt,rf100,roboflow-100/excavators-czvg9,tidak,-,1
train,rf100_construction--470-_jpg.rf.1503fdae13e0a0af81fb23b247af2836.txt,rf100,roboflow-100/excavators-czvg9,tidak,-,1
train,rf100_construction--473-_jpg.rf.de66d1f5b2aa73cc4e087d7952832a44.txt,rf100,roboflow-100/excavators-czvg9,tidak,-,1
train,rf100_construction--475-_jpg.rf.6bb96313f7bf838fbf00f5fe3d5e56d4.txt,rf100,roboflow-100/excavators-czvg9,tidak,-,1
train,rf100_construction--477-_jpg.rf.775d32cdf7a04a52e84ec4ff25fae1e7.txt,rf100,roboflow-100/excavators-czvg9,tidak,-,1
train,rf100_construction--478-_jpg.rf.0be41e5f0b547b4b1b005212c2c7bee5.txt,rf100,roboflow-100/excavators-czvg9,tidak,-,3
train,rf100_construction--479-_jpg.rf.69525fe58bd2f79ca85e5cd8c0fffdb0.txt,rf100,roboflow-100/excavators-czvg9,tidak,-,1
train,rf100_construction--480-_jpg.rf.34c36f1e18ec39c32c8f744d3aeba3eb.txt,rf100,roboflow-100/excavators-czvg9,tidak,-,1
train,rf100_construction--481-_jpg.rf.6944973438c19621b51e603e8b334066.txt,rf100,roboflow-100/excavators-czvg9,tidak,-,2
train,rf100_construction--483-_jpg.rf.bca37aff480acc618c8a489e100390a5.txt,rf100,roboflow-100/excavators-czvg9,tidak,-,2
train,rf100_construction--484-_jpg.rf.c223e5795ebb8ec0c2772330eda8df00.txt,rf100,roboflow-100/excavators-czvg9,tidak,-,0
train,rf100_construction--485-_jpg.rf.19a4c55ce49df4a0844b56d8a28b75da.txt,rf100,roboflow-100/excavators-czvg9,tidak,-,0
train,rf100_construction--486-_jpg.rf.e335b53059a82ca3815fd0801cff64bb.txt,rf100,roboflow-100/excavators-czvg9,tidak,-,1
train,rf100_construction--486-_jpg.rf.e335b53059a82ca3815fd0801cff64bb_night.txt,rf100,roboflow-100/excavators-czvg9,ya,-,1
train,rf100_construction--488-_jpg.rf.e9dd63c04152279fa3c7c343668320fd.txt,rf100,roboflow-100/excavators-czvg9,tidak,-,1
train,rf100_construction--489-_jpg.rf.e848dc652fc3e9d83934cb7865bdd338.txt,rf100,roboflow-100/excavators-czvg9,tidak,-,2
train,rf100_construction--490-_jpg.rf.db66522452c88deeb9b5e6ce40d3680f.txt,rf100,roboflow-100/excavators-czvg9,tidak,-,1
train,rf100_construction--491-_jpg.rf.3c13d56b7ae96907c22700e3ae135b0e.txt,rf100,roboflow-100/excavators-czvg9,tidak,-,1
train,rf100_construction--492-_jpg.rf.b64ecadd7ef84b21264b5567cb1f9052.txt,rf100,roboflow-100/excavators-czvg9,tidak,-,1
train,rf100_construction--494-_jpg.rf.ffea69789fce3d4d5fd84d3dd4ea9862.txt,rf100,roboflow-100/excavators-czvg9,tidak,-,1
train,rf100_construction--495-_jpg.rf.94e1252dbde41752b14381e74a940230.txt,rf100,roboflow-100/excavators-czvg9,tidak,-,0
train,rf100_construction--496-_jpg.rf.5c1d8e2007466f842a7486c0df8a1c31.txt,rf100,roboflow-100/excavators-czvg9,tidak,-,0
train,rf100_construction--498-_jpg.rf.c426b6df904c97b301f9b1ea0f5a21f3.txt,rf100,roboflow-100/excavators-czvg9,tidak,-,3
train,rf100_construction--499-_jpg.rf.5bfa039dab4252e21a931e93d55ec00a.txt,rf100,roboflow-100/excavators-czvg9,tidak,-,1
train,rf100_construction--5-_mp4-100_jpg.rf.c39effe907b0177d38fe7a7b20d0fd0f.txt,rf100,roboflow-100/excavators-czvg9,tidak,-,0
train,rf100_construction--5-_mp4-101_jpg.rf.54e1f03bbdeffd5e587d33b1af0968d6.txt,rf100,roboflow-100/excavators-czvg9,tidak,-,0
train,rf100_construction--5-_mp4-102_jpg.rf.092bac5a7626d27f47e4cdddcaab30ab.txt,rf100,roboflow-100/excavators-czvg9,tidak,-,0
train,rf100_construction--5-_mp4-106_jpg.rf.76e8e3501f1a0e55c64808b2ea361a69.txt,rf100,roboflow-100/excavators-czvg9,tidak,-,0
train,rf100_construction--5-_mp4-107_jpg.rf.e06b3e1f510ddceaea6c886dda65c3d0.txt,rf100,roboflow-100/excavators-czvg9,tidak,-,0
train,rf100_construction--5-_mp4-108_jpg.rf.2344e480f2a0dc27e6db4ce498759e71.txt,rf100,roboflow-100/excavators-czvg9,tidak,-,0
train,rf100_construction--5-_mp4-109_jpg.rf.4c21da5f399dcceeb2ef446e06476410.txt,rf100,roboflow-100/excavators-czvg9,tidak,-,0
train,rf100_construction--5-_mp4-10_jpg.rf.7e064294b47d65f9563e2c770ba35b3a.txt,rf100,roboflow-100/excavators-czvg9,tidak,-,0
train,rf100_construction--5-_mp4-110_jpg.rf.ebc9e9660f57a1d9c77ba0daac33e723.txt,rf100,roboflow-100/excavators-czvg9,tidak,-,0
train,rf100_construction--5-_mp4-111_jpg.rf.a80cb45e504ef74b16b9e939f7a51602.txt,rf100,roboflow-100/excavators-czvg9,tidak,-,0
train,rf100_construction--5-_mp4-112_jpg.rf.6877a17520c481a9cb1aa1bae636ef96.txt,rf100,roboflow-100/excavators-czvg9,tidak,-,0
train,rf100_construction--5-_mp4-116_jpg.rf.a2640229cfc21f1b0d29fb652b4ff4e4.txt,rf100,roboflow-100/excavators-czvg9,tidak,-,0
train,rf100_construction--5-_mp4-117_jpg.rf.58fe70721b97d9a38cdb3013928940b9.txt,rf100,roboflow-100/excavators-czvg9,tidak,-,0
train,rf100_construction--5-_mp4-118_jpg.rf.e5632b3e61e26732892da3b6d2c5be00.txt,rf100,roboflow-100/excavators-czvg9,tidak,-,0
train,rf100_construction--5-_mp4-119_jpg.rf.328da836cc1faaaac245ba681103e7c6.txt,rf100,roboflow-100/excavators-czvg9,tidak,-,0
train,rf100_construction--5-_mp4-11_jpg.rf.1c042c8ec26474f746306f9586eeb1fd.txt,rf100,roboflow-100/excavators-czvg9,tidak,-,0
train,rf100_construction--5-_mp4-120_jpg.rf.7f85f355900194e99e5c67608fd56c2e.txt,rf100,roboflow-100/excavators-czvg9,tidak,-,0
train,rf100_construction--5-_mp4-121_jpg.rf.e67491ac7fa6027031cc34ab989fa97d.txt,rf100,roboflow-100/excavators-czvg9,tidak,-,0
train,rf100_construction--5-_mp4-122_jpg.rf.54f09869e09021b844d1c054a32ac107.txt,rf100,roboflow-100/excavators-czvg9,tidak,-,0
train,rf100_construction--5-_mp4-123_jpg.rf.e0160a86979989d9d0fc171592737da6.txt,rf100,roboflow-100/excavators-czvg9,tidak,-,0
train,rf100_construction--5-_mp4-124_jpg.rf.e5476a6a25f78955386b3090b32ac84b.txt,rf100,roboflow-100/excavators-czvg9,tidak,-,0
train,rf100_construction--5-_mp4-125_jpg.rf.b284462fbe18ea4279a7305babb8d702.txt,rf100,roboflow-100/excavators-czvg9,tidak,-,0
train,rf100_construction--5-_mp4-126_jpg.rf.22352c3c0286f7308fa4a84645e0f167.txt,rf100,roboflow-100/excavators-czvg9,tidak,-,0
train,rf100_construction--5-_mp4-12_jpg.rf.b0e11d593bb42c80a69e616dbc393db4.txt,rf100,roboflow-100/excavators-czvg9,tidak,-,0
train,rf100_construction--5-_mp4-130_jpg.rf.0ec6196d782cb478ef9ef3e9d7ccab33.txt,rf100,roboflow-100/excavators-czvg9,tidak,-,0
train,rf100_construction--5-_mp4-134_jpg.rf.6ccf93acc0cee8b2e5669bc3b8e80d4e.txt,rf100,roboflow-100/excavators-czvg9,tidak,-,0
train,rf100_construction--5-_mp4-135_jpg.rf.a609118e0a1c397f55e15e6cafcadba9.txt,rf100,roboflow-100/excavators-czvg9,tidak,-,0
train,rf100_construction--5-_mp4-136_jpg.rf.7fd17ec14f41df59915f183aa58857c7.txt,rf100,roboflow-100/excavators-czvg9,tidak,-,0
train,rf100_construction--5-_mp4-137_jpg.rf.bbe3411a454fb5e5e45d1e31b32aabc2.txt,rf100,roboflow-100/excavators-czvg9,tidak,-,0
train,rf100_construction--5-_mp4-138_jpg.rf.f6b3f147e4046230ae410d115cdecb23.txt,rf100,roboflow-100/excavators-czvg9,tidak,-,0
train,rf100_construction--5-_mp4-13_jpg.rf.5517d35d889082b418bb3ece47bf8691.txt,rf100,roboflow-100/excavators-czvg9,tidak,-,0
train,rf100_construction--5-_mp4-140_jpg.rf.a68fd95956b546ad6014a453dedce57e.txt,rf100,roboflow-100/excavators-czvg9,tidak,-,1
train,rf100_construction--5-_mp4-141_jpg.rf.69a7c29604ee085fe5c3edef049c9f62.txt,rf100,roboflow-100/excavators-czvg9,tidak,-,0
train,rf100_construction--5-_mp4-144_jpg.rf.c4accfec91a0902f5580e24d0b8d215b.txt,rf100,roboflow-100/excavators-czvg9,tidak,-,0
train,rf100_construction--5-_mp4-145_jpg.rf.fa8cc5cfc20ee66a3dc95c84e2921198.txt,rf100,roboflow-100/excavators-czvg9,tidak,-,0
train,rf100_construction--5-_mp4-147_jpg.rf.4e305952418e9a01cda6aa32689ebe48.txt,rf100,roboflow-100/excavators-czvg9,tidak,-,2
train,rf100_construction--5-_mp4-14_jpg.rf.9ca5237f1b371154c437e84bd11a76ab.txt,rf100,roboflow-100/excavators-czvg9,tidak,-,0
train,rf100_construction--5-_mp4-151_jpg.rf.80636170f689d37c9bbe0278e5f8e24f.txt,rf100,roboflow-100/excavators-czvg9,tidak,-,1
train,rf100_construction--5-_mp4-152_jpg.rf.bc97f779c4aa961ffa8806e363250e08.txt,rf100,roboflow-100/excavators-czvg9,tidak,-,0
train,rf100_construction--5-_mp4-153_jpg.rf.ecd1406600ec640b838c81a65cd4ff90.txt,rf100,roboflow-100/excavators-czvg9,tidak,-,1
train,rf100_construction--5-_mp4-154_jpg.rf.021d546d7301903541b519f4495bb08d.txt,rf100,roboflow-100/excavators-czvg9,tidak,-,0
train,rf100_construction--5-_mp4-155_jpg.rf.2d28ecc0855d966ce595b60907703082.txt,rf100,roboflow-100/excavators-czvg9,tidak,-,0
train,rf100_construction--5-_mp4-156_jpg.rf.fe126d8b33c09540ae5931b091147768.txt,rf100,roboflow-100/excavators-czvg9,tidak,-,0
train,rf100_construction--5-_mp4-158_jpg.rf.a845af216af7c497499c56d4b59c6716.txt,rf100,roboflow-100/excavators-czvg9,tidak,-,0
train,rf100_construction--5-_mp4-161_jpg.rf.39b7b6ced4461cf4f7263f4d44b3ea91.txt,rf100,roboflow-100/excavators-czvg9,tidak,-,0
train,rf100_construction--5-_mp4-162_jpg.rf.1071e187bdead122937e501daeec3aee.txt,rf100,roboflow-100/excavators-czvg9,tidak,-,0
train,rf100_construction--5-_mp4-164_jpg.rf.7d267f619ee30e2033715b5535033ce0.txt,rf100,roboflow-100/excavators-czvg9,tidak,-,1
train,rf100_construction--5-_mp4-169_jpg.rf.0361d01dc8163c4b278e9f1f0bb46056.txt,rf100,roboflow-100/excavators-czvg9,tidak,-,0
train,rf100_construction--5-_mp4-16_jpg.rf.c3840b6519a008f716883b6b19a9d03c.txt,rf100,roboflow-100/excavators-czvg9,tidak,-,0
train,rf100_construction--5-_mp4-170_jpg.rf.8184e783b42c34c3db45070fbc3bb6c4.txt,rf100,roboflow-100/excavators-czvg9,tidak,-,0
train,rf100_construction--5-_mp4-171_jpg.rf.329c363199a13afd0110215b08564cc2.txt,rf100,roboflow-100/excavators-czvg9,tidak,-,0
train,rf100_construction--5-_mp4-172_jpg.rf.03d244a9062394393d044f838cec326a.txt,rf100,roboflow-100/excavators-czvg9,tidak,-,0
train,rf100_construction--5-_mp4-174_jpg.rf.51ee2c32036636c7bb2fe25ad14d3850.txt,rf100,roboflow-100/excavators-czvg9,tidak,-,0
train,rf100_construction--5-_mp4-175_jpg.rf.3ff3df7bc26585700ed104b3716353f3.txt,rf100,roboflow-100/excavators-czvg9,tidak,-,0
train,rf100_construction--5-_mp4-178_jpg.rf.7ec472df85226db42cdcba67f1514f99.txt,rf100,roboflow-100/excavators-czvg9,tidak,-,0
train,rf100_construction--5-_mp4-179_jpg.rf.0ac7dac0f1bf628e94c18ff933da3e82.txt,rf100,roboflow-100/excavators-czvg9,tidak,-,0
train,rf100_construction--5-_mp4-17_jpg.rf.97d2ea733934698e2b3d1d0ed88ea59b.txt,rf100,roboflow-100/excavators-czvg9,tidak,-,0
train,rf100_construction--5-_mp4-180_jpg.rf.c089e73297db27fb3a7c7f9d17df992f.txt,rf100,roboflow-100/excavators-czvg9,tidak,-,0
train,rf100_construction--5-_mp4-181_jpg.rf.6e6587373139d99cbee9704807ecc5d2.txt,rf100,roboflow-100/excavators-czvg9,tidak,-,0
train,rf100_construction--5-_mp4-187_jpg.rf.a664e00e93b69a29fddc3d40372961fb.txt,rf100,roboflow-100/excavators-czvg9,tidak,-,0
train,rf100_construction--5-_mp4-188_jpg.rf.cb25aea9d903a5ed3653d688dc16c4c2.txt,rf100,roboflow-100/excavators-czvg9,tidak,-,1
train,rf100_construction--5-_mp4-19_jpg.rf.a31776780228696edcff43c0a92355f3.txt,rf100,roboflow-100/excavators-czvg9,tidak,-,0
train,rf100_construction--5-_mp4-20_jpg.rf.fdede725671ae5c9b587b40a57d48c29.txt,rf100,roboflow-100/excavators-czvg9,tidak,-,0
train,rf100_construction--5-_mp4-21_jpg.rf.4b1d21a231ce20d5e49d1a89ee5be460.txt,rf100,roboflow-100/excavators-czvg9,tidak,-,0
train,rf100_construction--5-_mp4-22_jpg.rf.aef5a3d27b3e65e189903b8c1e61a2a1.txt,rf100,roboflow-100/excavators-czvg9,tidak,-,1
train,rf100_construction--5-_mp4-23_jpg.rf.54117b5c6f2cd35a9b6d4c3c6fe1d350.txt,rf100,roboflow-100/excavators-czvg9,tidak,-,2
train,rf100_construction--5-_mp4-24_jpg.rf.4c57e6bad542a34f5b95775de97e6150.txt,rf100,roboflow-100/excavators-czvg9,tidak,-,1
train,rf100_construction--5-_mp4-26_jpg.rf.3f34e90eb5b4b8d438e2616f73f9279b.txt,rf100,roboflow-100/excavators-czvg9,tidak,-,0
train,rf100_construction--5-_mp4-27_jpg.rf.a806a2e766f51f7b14c47a27d575f8d5.txt,rf100,roboflow-100/excavators-czvg9,tidak,-,0
train,rf100_construction--5-_mp4-28_jpg.rf.c56145d898d14e99d20806b0220acac9.txt,rf100,roboflow-100/excavators-czvg9,tidak,-,0
train,rf100_construction--5-_mp4-29_jpg.rf.f0a55e05d9ab4516e98c71f6fe89f7fa.txt,rf100,roboflow-100/excavators-czvg9,tidak,-,0
train,rf100_construction--5-_mp4-30_jpg.rf.5f6f11d375c7ade55c49833cc89aa05a.txt,rf100,roboflow-100/excavators-czvg9,tidak,-,0
train,rf100_construction--5-_mp4-31_jpg.rf.b14ee10c7360d3ff0db091344f1699d3.txt,rf100,roboflow-100/excavators-czvg9,tidak,-,0
train,rf100_construction--5-_mp4-32_jpg.rf.04af0c0161270cd16dc987d2a8ba0ea2.txt,rf100,roboflow-100/excavators-czvg9,tidak,-,0
train,rf100_construction--5-_mp4-34_jpg.rf.72ba3a982bca942eec294951e6b116a9.txt,rf100,roboflow-100/excavators-czvg9,tidak,-,0
train,rf100_construction--5-_mp4-35_jpg.rf.0a66cb8383a3a7ffe39d2dfa6b3b82b8.txt,rf100,roboflow-100/excavators-czvg9,tidak,-,0
train,rf100_construction--5-_mp4-36_jpg.rf.a3162cd1621a7ab84afbb3c487085e55.txt,rf100,roboflow-100/excavators-czvg9,tidak,-,0
train,rf100_construction--5-_mp4-37_jpg.rf.8335bb062fa02a865fa66776c5a93e68.txt,rf100,roboflow-100/excavators-czvg9,tidak,-,0
train,rf100_construction--5-_mp4-38_jpg.rf.56fc29dea9c5ed87fc572fc01b1010db.txt,rf100,roboflow-100/excavators-czvg9,tidak,-,0
train,rf100_construction--5-_mp4-39_jpg.rf.c9caaaf150ebd66e30989c2c1e9619fd.txt,rf100,roboflow-100/excavators-czvg9,tidak,-,1
train,rf100_construction--5-_mp4-40_jpg.rf.d7a1e83068fc1ce5d351397d6c2b3490.txt,rf100,roboflow-100/excavators-czvg9,tidak,-,0
train,rf100_construction--5-_mp4-41_jpg.rf.ebc1838d6ed8c2fd32fdca74623208dd.txt,rf100,roboflow-100/excavators-czvg9,tidak,-,0
train,rf100_construction--5-_mp4-42_jpg.rf.dc6f39753c55f0d64cf378673be76a3e.txt,rf100,roboflow-100/excavators-czvg9,tidak,-,0
train,rf100_construction--5-_mp4-43_jpg.rf.fb1d58fd7d6b47d3152c8906371146f2.txt,rf100,roboflow-100/excavators-czvg9,tidak,-,0
train,rf100_construction--5-_mp4-44_jpg.rf.8b6ca17f331da41b223d1944173bb85e.txt,rf100,roboflow-100/excavators-czvg9,tidak,-,0
train,rf100_construction--5-_mp4-45_jpg.rf.827e7c00a0d952407e75a1755f71a214.txt,rf100,roboflow-100/excavators-czvg9,tidak,-,0
train,rf100_construction--5-_mp4-46_jpg.rf.4d9d23054e6c7873905e5c7395d47f00.txt,rf100,roboflow-100/excavators-czvg9,tidak,-,0
train,rf100_construction--5-_mp4-47_jpg.rf.472eecabdbb7c51dd46f22801d05d558.txt,rf100,roboflow-100/excavators-czvg9,tidak,-,0
train,rf100_construction--5-_mp4-48_jpg.rf.252c2d720eb910969d0787698164ab16.txt,rf100,roboflow-100/excavators-czvg9,tidak,-,0
train,rf100_construction--5-_mp4-49_jpg.rf.716748052e3cdc38439b71b721c7c826.txt,rf100,roboflow-100/excavators-czvg9,tidak,-,0
train,rf100_construction--5-_mp4-4_jpg.rf.3fb7d6449de8c7b2129cd6bfc33684f4.txt,rf100,roboflow-100/excavators-czvg9,tidak,-,1
train,rf100_construction--5-_mp4-50_jpg.rf.3ca6dda3c6858168ad310c592c15b8ed.txt,rf100,roboflow-100/excavators-czvg9,tidak,-,0
train,rf100_construction--5-_mp4-51_jpg.rf.ef4cb1440c45171554ed38349dadfbc8.txt,rf100,roboflow-100/excavators-czvg9,tidak,-,0
train,rf100_construction--5-_mp4-52_jpg.rf.b87853af070fdfbbddaa326b7fe4de0a.txt,rf100,roboflow-100/excavators-czvg9,tidak,-,0
train,rf100_construction--5-_mp4-55_jpg.rf.76daf05dd464c84a246766827f41d903.txt,rf100,roboflow-100/excavators-czvg9,tidak,-,2
train,rf100_construction--5-_mp4-56_jpg.rf.b0752c37de0bb3ad5df757e3111d39c9.txt,rf100,roboflow-100/excavators-czvg9,tidak,-,0
train,rf100_construction--5-_mp4-57_jpg.rf.5b841d95a49db692f81459d70bb9cf9b.txt,rf100,roboflow-100/excavators-czvg9,tidak,-,0
train,rf100_construction--5-_mp4-58_jpg.rf.1e3c9a43f44e84ab110c57139b9ad353.txt,rf100,roboflow-100/excavators-czvg9,tidak,-,0
train,rf100_construction--5-_mp4-5_jpg.rf.f265993d5359202ba2969323da92226e.txt,rf100,roboflow-100/excavators-czvg9,tidak,-,0
train,rf100_construction--5-_mp4-60_jpg.rf.58f7a4625a05641e2e3005f95113cb96.txt,rf100,roboflow-100/excavators-czvg9,tidak,-,0
train,rf100_construction--5-_mp4-62_jpg.rf.ba4782df647da2bee3da5b9661c8d661.txt,rf100,roboflow-100/excavators-czvg9,tidak,-,0
train,rf100_construction--5-_mp4-64_jpg.rf.c0614a51e3d6557f215b3cc957afa082.txt,rf100,roboflow-100/excavators-czvg9,tidak,-,0
train,rf100_construction--5-_mp4-65_jpg.rf.fedc1ba2b832059a057279a0b543a63b.txt,rf100,roboflow-100/excavators-czvg9,tidak,-,0
train,rf100_construction--5-_mp4-66_jpg.rf.2b19407ab742304fd3781ebe40f30047.txt,rf100,roboflow-100/excavators-czvg9,tidak,-,1
train,rf100_construction--5-_mp4-67_jpg.rf.9bf8a9c6d5e53cb6a3a5e41eab6a8226.txt,rf100,roboflow-100/excavators-czvg9,tidak,-,1
train,rf100_construction--5-_mp4-68_jpg.rf.5295ff904dfc6abef239ea36a8e2ac21.txt,rf100,roboflow-100/excavators-czvg9,tidak,-,1
train,rf100_construction--5-_mp4-69_jpg.rf.5d999104dcee8b387ac32560420742f3.txt,rf100,roboflow-100/excavators-czvg9,tidak,-,2
train,rf100_construction--5-_mp4-70_jpg.rf.10fada99c48b47fab51117909d4ce700.txt,rf100,roboflow-100/excavators-czvg9,tidak,-,0
train,rf100_construction--5-_mp4-71_jpg.rf.8ceecffb866e481ca2d1c8189e4ef5c4.txt,rf100,roboflow-100/excavators-czvg9,tidak,-,0
train,rf100_construction--5-_mp4-72_jpg.rf.ff447c4797d8aa2aa87ccd2349a760a6.txt,rf100,roboflow-100/excavators-czvg9,tidak,-,0
train,rf100_construction--5-_mp4-73_jpg.rf.b4037ca043d2bc1f842f8b8b3376d061.txt,rf100,roboflow-100/excavators-czvg9,tidak,-,0
train,rf100_construction--5-_mp4-74_jpg.rf.eac7961be6b014e9e4e1a72ad2b97dce.txt,rf100,roboflow-100/excavators-czvg9,tidak,-,0
train,rf100_construction--5-_mp4-75_jpg.rf.f5729e37f8ab7fb418c1c897056c138b.txt,rf100,roboflow-100/excavators-czvg9,tidak,-,1
train,rf100_construction--5-_mp4-76_jpg.rf.daa265c040751c48c24bb92e96f830f4.txt,rf100,roboflow-100/excavators-czvg9,tidak,-,1
train,rf100_construction--5-_mp4-77_jpg.rf.3975488123171d0d6b64538783dec5f3.txt,rf100,roboflow-100/excavators-czvg9,tidak,-,1
train,rf100_construction--5-_mp4-82_jpg.rf.a97093ce4a27265976a81f66b2d6f9eb.txt,rf100,roboflow-100/excavators-czvg9,tidak,-,0
train,rf100_construction--5-_mp4-83_jpg.rf.59a8e591646c7a0b06bfae9b8ab3316a.txt,rf100,roboflow-100/excavators-czvg9,tidak,-,0
train,rf100_construction--5-_mp4-84_jpg.rf.f954c189009f9330d3a5a5408ec12153.txt,rf100,roboflow-100/excavators-czvg9,tidak,-,0
train,rf100_construction--5-_mp4-85_jpg.rf.6a260e0d867f879b20be7f6ee4c005d9.txt,rf100,roboflow-100/excavators-czvg9,tidak,-,0
train,rf100_construction--5-_mp4-86_jpg.rf.2e2684d84846a90851763b61c17d8100.txt,rf100,roboflow-100/excavators-czvg9,tidak,-,0
train,rf100_construction--5-_mp4-87_jpg.rf.87043bc6b33661e5bab9c2b593264daf.txt,rf100,roboflow-100/excavators-czvg9,tidak,-,0
train,rf100_construction--5-_mp4-88_jpg.rf.407744deace5acc8c136bc98553fed80.txt,rf100,roboflow-100/excavators-czvg9,tidak,-,0
train,rf100_construction--5-_mp4-89_jpg.rf.5164fae9349627f893a693d737cf0606.txt,rf100,roboflow-100/excavators-czvg9,tidak,-,0
train,rf100_construction--5-_mp4-93_jpg.rf.845796d2466a7931cc1ac67099f6c529.txt,rf100,roboflow-100/excavators-czvg9,tidak,-,0
train,rf100_construction--5-_mp4-94_jpg.rf.d82975e5612cc0bb6406d170bcc46d8b.txt,rf100,roboflow-100/excavators-czvg9,tidak,-,0
train,rf100_construction--5-_mp4-96_jpg.rf.4591ee730c76e25272e07eada729ca72.txt,rf100,roboflow-100/excavators-czvg9,tidak,-,0
train,rf100_construction--5-_mp4-98_jpg.rf.59c5e07f0e2cface656575a49ce2ea5d.txt,rf100,roboflow-100/excavators-czvg9,tidak,-,0
train,rf100_construction--5-_mp4-99_jpg.rf.f00209a8bfdb75575d495b64c76b822e.txt,rf100,roboflow-100/excavators-czvg9,tidak,-,0
train,rf100_construction--5-_mp4-9_jpg.rf.591a8f10acc5c2558fc4fc8665c8f5c7.txt,rf100,roboflow-100/excavators-czvg9,tidak,-,0
train,rf100_construction--501-_jpg.rf.e546fe3f5cda0ad39e9690888799b54e.txt,rf100,roboflow-100/excavators-czvg9,tidak,-,1
train,rf100_construction--503-_jpg.rf.96798e738ee608fba01b8ed1d79f1744.txt,rf100,roboflow-100/excavators-czvg9,tidak,-,1
train,rf100_construction--504-_jpg.rf.8ac7dc0221079570cbc191672db17523.txt,rf100,roboflow-100/excavators-czvg9,tidak,-,2
train,rf100_construction--504-_jpg.rf.8ac7dc0221079570cbc191672db17523_night.txt,rf100,roboflow-100/excavators-czvg9,ya,-,2
train,rf100_construction--505-_jpg.rf.84f880a3814d0324f148372de5383bfc.txt,rf100,roboflow-100/excavators-czvg9,tidak,-,2
train,rf100_construction--505-_jpg.rf.84f880a3814d0324f148372de5383bfc_night.txt,rf100,roboflow-100/excavators-czvg9,ya,-,2
train,rf100_construction--507-_jpg.rf.b37c6d3f1dec8a65e5c3cc9bd9e01ac3.txt,rf100,roboflow-100/excavators-czvg9,tidak,-,2
train,rf100_construction--507-_jpg.rf.b37c6d3f1dec8a65e5c3cc9bd9e01ac3_night.txt,rf100,roboflow-100/excavators-czvg9,ya,-,2
train,rf100_construction--508-_jpg.rf.0e83905d875180cc186ffffa657ad8e3.txt,rf100,roboflow-100/excavators-czvg9,tidak,-,4
train,rf100_construction--510-_jpg.rf.7b6a0a24da23a8426b9c706615f0cd90.txt,rf100,roboflow-100/excavators-czvg9,tidak,-,1
train,rf100_construction--511-_jpg.rf.9393a21bbd16449348157e700a8061c3.txt,rf100,roboflow-100/excavators-czvg9,tidak,-,1
train,rf100_construction--512-_jpg.rf.c365fcc852df48a975e9e8af5870f974.txt,rf100,roboflow-100/excavators-czvg9,tidak,-,2
train,rf100_construction--513-_jpg.rf.9a0e3d133ebd5e1f63acd2714a291cb4.txt,rf100,roboflow-100/excavators-czvg9,tidak,-,1
train,rf100_construction--514-_jpg.rf.5c68667827b850a6aae0891e6bce8386.txt,rf100,roboflow-100/excavators-czvg9,tidak,-,1
train,rf100_construction--515-_jpg.rf.1b5469ce88fa03188e5939ad60c51c16.txt,rf100,roboflow-100/excavators-czvg9,tidak,-,1
train,rf100_construction--516-_jpg.rf.32e49c33077fef194c3809ea5edc3e74.txt,rf100,roboflow-100/excavators-czvg9,tidak,-,1
train,rf100_construction--519-_jpg.rf.abaeb2e77b6943d9ef0d4bb53a14b7bd.txt,rf100,roboflow-100/excavators-czvg9,tidak,-,1
train,rf100_construction--520-_jpg.rf.7fbe320884b60135046e05cf484a64fc.txt,rf100,roboflow-100/excavators-czvg9,tidak,-,1
train,rf100_construction--522-_jpg.rf.2eef238c70dcedfeba634879d14d0835.txt,rf100,roboflow-100/excavators-czvg9,tidak,-,2
train,rf100_construction--523-_jpg.rf.3e87bb06385cf3ef1f5f163ca7e62a36.txt,rf100,roboflow-100/excavators-czvg9,tidak,-,1
train,rf100_construction--524-_jpg.rf.21a287eb64573539bc82f2b34a8c06f4.txt,rf100,roboflow-100/excavators-czvg9,tidak,-,2
train,rf100_construction--525-_jpg.rf.0f53a1e0883dad6eb9af7900e358611a.txt,rf100,roboflow-100/excavators-czvg9,tidak,-,1
train,rf100_construction--527-_jpg.rf.6bac753f4ee8d2c46d4e0cc35ef0b631.txt,rf100,roboflow-100/excavators-czvg9,tidak,-,3
train,rf100_construction--528-_jpg.rf.82f4b28398c95cacb498b00a80b5becf.txt,rf100,roboflow-100/excavators-czvg9,tidak,-,2
train,rf100_construction--529-_jpg.rf.3abd076af65e39fd319b4f8a811a02dc.txt,rf100,roboflow-100/excavators-czvg9,tidak,-,2
train,rf100_construction--530-_jpg.rf.c6d2c1a9ca79e058a3da2d8011af8d13.txt,rf100,roboflow-100/excavators-czvg9,tidak,-,5
train,rf100_construction--530-_jpg.rf.c6d2c1a9ca79e058a3da2d8011af8d13_night.txt,rf100,roboflow-100/excavators-czvg9,ya,-,5
train,rf100_construction--531-_jpg.rf.bb2b2e06711a2188847448534c38d15b.txt,rf100,roboflow-100/excavators-czvg9,tidak,-,2
train,rf100_construction--532-_jpg.rf.8a94131a71ccf90693f6c41bc167b49f.txt,rf100,roboflow-100/excavators-czvg9,tidak,-,2
train,rf100_construction--533-_jpg.rf.a9293e21d67f21563945df2ad0c0ccb0.txt,rf100,roboflow-100/excavators-czvg9,tidak,-,2
train,rf100_construction--533-_jpg.rf.a9293e21d67f21563945df2ad0c0ccb0_night.txt,rf100,roboflow-100/excavators-czvg9,ya,-,2
train,rf100_construction--535-_jpg.rf.64c37082eb15ba4a660c46e12263c4cd.txt,rf100,roboflow-100/excavators-czvg9,tidak,-,3
train,rf100_construction--536-_jpg.rf.ed38f5175e7d219be1a703b74931df6b.txt,rf100,roboflow-100/excavators-czvg9,tidak,-,3
train,rf100_construction--536-_jpg.rf.ed38f5175e7d219be1a703b74931df6b_night.txt,rf100,roboflow-100/excavators-czvg9,ya,-,3
train,rf100_construction--537-_jpg.rf.cf91cc729f0e26daead2ea738a6cbdd3.txt,rf100,roboflow-100/excavators-czvg9,tidak,-,4
train,rf100_construction--538-_jpg.rf.e8789749a0a384ee6080418cfa2374ab.txt,rf100,roboflow-100/excavators-czvg9,tidak,-,2
train,rf100_construction--538-_jpg.rf.e8789749a0a384ee6080418cfa2374ab_night.txt,rf100,roboflow-100/excavators-czvg9,ya,-,2
train,rf100_construction--539-_jpg.rf.e8c0a2ef3387438f8caf395091ee44d4.txt,rf100,roboflow-100/excavators-czvg9,tidak,-,1
train,rf100_construction--541-_jpg.rf.8cc2ae3463ee3f40a69609dcbecef634.txt,rf100,roboflow-100/excavators-czvg9,tidak,-,3
train,rf100_construction--542-_jpg.rf.62c7b1a68e329ce6bd6ece53a0321122.txt,rf100,roboflow-100/excavators-czvg9,tidak,-,1
train,rf100_construction--543-_jpg.rf.7b3d887413dabe20ec0bf128a78aee7d.txt,rf100,roboflow-100/excavators-czvg9,tidak,-,0
train,rf100_construction--544-_jpg.rf.cab7c406c8ba88b7bd7a081c33ff9cbc.txt,rf100,roboflow-100/excavators-czvg9,tidak,-,0
train,rf100_construction--545-_jpg.rf.07716bd827957ae05178e4a2c994aa8c.txt,rf100,roboflow-100/excavators-czvg9,tidak,-,2
train,rf100_construction--546-_jpg.rf.a043c8520760dc2739f6f064f2095670.txt,rf100,roboflow-100/excavators-czvg9,tidak,-,1
train,rf100_construction--547-_jpg.rf.63d86e070c9e8df8df32f5c2686edc0b.txt,rf100,roboflow-100/excavators-czvg9,tidak,-,1
train,rf100_construction--549-_jpg.rf.36e5d06e465a629f4dec44e5574354d7.txt,rf100,roboflow-100/excavators-czvg9,tidak,-,1
train,rf100_construction--552-_jpg.rf.744321e98dc98ae3d1d7096736f4cd61.txt,rf100,roboflow-100/excavators-czvg9,tidak,-,1
train,rf100_construction--554-_jpg.rf.fb33ea172046daf4e13ea45cd94c9376.txt,rf100,roboflow-100/excavators-czvg9,tidak,-,1
train,rf100_construction--557-_jpg.rf.916831085be0d1bbb6ed2a7c112af724.txt,rf100,roboflow-100/excavators-czvg9,tidak,-,1
train,rf100_construction--558-_jpg.rf.f6c86eb9d01b42ad34c60d49b1b23b69.txt,rf100,roboflow-100/excavators-czvg9,tidak,-,0
train,rf100_construction--559-_jpg.rf.800941171db9d4983a8c20b31cecb447.txt,rf100,roboflow-100/excavators-czvg9,tidak,-,1
train,rf100_construction--560-_jpg.rf.465e065c25c74643d816d575b4217e5c.txt,rf100,roboflow-100/excavators-czvg9,tidak,-,1
train,rf100_construction--561-_jpg.rf.4153f38bbe3b766b618e9655f073550a.txt,rf100,roboflow-100/excavators-czvg9,tidak,-,1
train,rf100_construction--562-_jpg.rf.ac942e329bfa403ccf4b2369fcb2d088.txt,rf100,roboflow-100/excavators-czvg9,tidak,-,1
train,rf100_construction--563-_jpg.rf.12bdeb21abb1b089460b39e45ac43aef.txt,rf100,roboflow-100/excavators-czvg9,tidak,-,1
train,rf100_construction--565-_jpg.rf.c7d522af022af6edde53451955001fce.txt,rf100,roboflow-100/excavators-czvg9,tidak,-,2
train,rf100_construction--565-_jpg.rf.c7d522af022af6edde53451955001fce_night.txt,rf100,roboflow-100/excavators-czvg9,ya,-,2
train,rf100_construction--566-_jpg.rf.6f2d921d6ae0762376823706981aeb4f.txt,rf100,roboflow-100/excavators-czvg9,tidak,-,2
train,rf100_construction--567-_jpg.rf.b60e40b6823e2866766f2cc27fbd6063.txt,rf100,roboflow-100/excavators-czvg9,tidak,-,1
train,rf100_construction--568-_jpg.rf.8c7f1c89ba2bb1c98a03e8391f901990.txt,rf100,roboflow-100/excavators-czvg9,tidak,-,0
train,rf100_construction--569-_jpg.rf.7ca472128a3736b57caeb5df1ac02af4.txt,rf100,roboflow-100/excavators-czvg9,tidak,-,1
train,rf100_construction--571-_jpg.rf.fb90c3fbe1a558bb67c0e26eb021dab4.txt,rf100,roboflow-100/excavators-czvg9,tidak,-,1
train,rf100_construction--572-_jpg.rf.9656ef80e73ecebfec336ef9ea08232b.txt,rf100,roboflow-100/excavators-czvg9,tidak,-,1
train,rf100_construction--576-_jpg.rf.81e97ef66b76632e150f7bafeb6515ef.txt,rf100,roboflow-100/excavators-czvg9,tidak,-,1
train,rf100_construction--577-_jpg.rf.48c241e6ae92dea96c143dd713e0e9fa.txt,rf100,roboflow-100/excavators-czvg9,tidak,-,1
train,rf100_construction--578-_jpg.rf.ddad4ef0bdfd69b9f7345a93ddb2aab4.txt,rf100,roboflow-100/excavators-czvg9,tidak,-,2
train,rf100_construction--579-_jpg.rf.e1d1e1396f257d14fb661a344f72c678.txt,rf100,roboflow-100/excavators-czvg9,tidak,-,2
train,rf100_construction--580-_jpg.rf.5b28ddc21599a62ccdb66ac768b5fe3d.txt,rf100,roboflow-100/excavators-czvg9,tidak,-,1
train,rf100_construction--581-_jpg.rf.0629ea68b18624d375b18ecf8833cb7b.txt,rf100,roboflow-100/excavators-czvg9,tidak,-,1
train,rf100_construction--583-_jpg.rf.5d58eee611d882f543642bbbac5eb150.txt,rf100,roboflow-100/excavators-czvg9,tidak,-,1
train,rf100_construction--584-_jpg.rf.a17821cb06ecae3fb81d9f008ce46765.txt,rf100,roboflow-100/excavators-czvg9,tidak,-,1
train,rf100_construction--585-_jpg.rf.22abca9bbe521fe0936dabb2c5b9860f.txt,rf100,roboflow-100/excavators-czvg9,tidak,-,1
train,rf100_construction--586-_jpg.rf.8ab6f5d6d8237b5625de8e7222d51e77.txt,rf100,roboflow-100/excavators-czvg9,tidak,-,1
train,rf100_construction--588-_jpg.rf.2e570f26389a8808096b053159ef3af1.txt,rf100,roboflow-100/excavators-czvg9,tidak,-,2
train,rf100_construction--589-_jpg.rf.4e60419081ab2d006105f016310d0a0a.txt,rf100,roboflow-100/excavators-czvg9,tidak,-,1
train,rf100_construction--591-_jpg.rf.8fed5c6275e4ee2d2a63152986c40570.txt,rf100,roboflow-100/excavators-czvg9,tidak,-,1
train,rf100_construction--592-_jpg.rf.50daf42a73213c83f3d3d26e92572a37.txt,rf100,roboflow-100/excavators-czvg9,tidak,-,0
train,rf100_construction--593-_jpg.rf.7a888e046c5ed7d7869f7415c0c6a77c.txt,rf100,roboflow-100/excavators-czvg9,tidak,-,1
train,rf100_construction--595-_jpg.rf.d3837176cbbfaec09d19a896c96a6cf5.txt,rf100,roboflow-100/excavators-czvg9,tidak,-,2
train,rf100_construction--596-_jpg.rf.cfcd178c0a6fc1fb4a8660eb12fbe194.txt,rf100,roboflow-100/excavators-czvg9,tidak,-,1
train,rf100_construction--598-_jpg.rf.adabbb25325ef619d619866f031c95ad.txt,rf100,roboflow-100/excavators-czvg9,tidak,-,1
train,rf100_construction--599-_jpg.rf.c83506f0fee2ce72d0177128e10eac12.txt,rf100,roboflow-100/excavators-czvg9,tidak,-,1
train,rf100_construction--6-_jpg.rf.89c2803f5e323d84b8b8f3cc5fa5d8b5.txt,rf100,roboflow-100/excavators-czvg9,tidak,-,0
train,rf100_construction--600-_jpg.rf.a7620ece2d3fc503921f7046f7b2ae0d.txt,rf100,roboflow-100/excavators-czvg9,tidak,-,2
train,rf100_construction--601-_jpg.rf.b82b505797af0112410ac1f02599fcf7.txt,rf100,roboflow-100/excavators-czvg9,tidak,-,1
train,rf100_construction--602-_jpg.rf.0bec08642997977c56fa1f290927722f.txt,rf100,roboflow-100/excavators-czvg9,tidak,-,1
train,rf100_construction--603-_jpg.rf.60f8f80232dec6644525da93aa9f03f0.txt,rf100,roboflow-100/excavators-czvg9,tidak,-,2
train,rf100_construction--604-_jpg.rf.4f2b53b66c6d3f01920ef508779d18cd.txt,rf100,roboflow-100/excavators-czvg9,tidak,-,1
train,rf100_construction--607-_jpg.rf.495caa0a5df85ca610093cb137abf83a.txt,rf100,roboflow-100/excavators-czvg9,tidak,-,2
train,rf100_construction--609-_jpg.rf.78afc326233f3c66e82cd97e8e211edb.txt,rf100,roboflow-100/excavators-czvg9,tidak,-,1
train,rf100_construction--611-_jpg.rf.81a66fae8cec3861ede5b47872824a90.txt,rf100,roboflow-100/excavators-czvg9,tidak,-,1
train,rf100_construction--613-_jpg.rf.8831bbe5be2e70ed3dd4f3bedff94c04.txt,rf100,roboflow-100/excavators-czvg9,tidak,-,1
train,rf100_construction--614-_jpg.rf.92f3a3a6023e72d53e9a589813c6559a.txt,rf100,roboflow-100/excavators-czvg9,tidak,-,1
train,rf100_construction--615-_jpg.rf.61acf06b8ac3c875b35e9b5bf6958a72.txt,rf100,roboflow-100/excavators-czvg9,tidak,-,2
train,rf100_construction--615-_jpg.rf.61acf06b8ac3c875b35e9b5bf6958a72_night.txt,rf100,roboflow-100/excavators-czvg9,ya,-,2
train,rf100_construction--617-_jpg.rf.67e6c81ed3601f28761c990132524112.txt,rf100,roboflow-100/excavators-czvg9,tidak,-,1
train,rf100_construction--618-_jpg.rf.3102e2ba71c225692e4d63afb575aca2.txt,rf100,roboflow-100/excavators-czvg9,tidak,-,3
train,rf100_construction--618-_jpg.rf.3102e2ba71c225692e4d63afb575aca2_night.txt,rf100,roboflow-100/excavators-czvg9,ya,-,3
train,rf100_construction--619-_jpg.rf.187d2ace5788737febd530044eca0eae.txt,rf100,roboflow-100/excavators-czvg9,tidak,-,2
train,rf100_construction--620-_jpg.rf.8fb84dcfb3433508e412f9458d67b761.txt,rf100,roboflow-100/excavators-czvg9,tidak,-,2
train,rf100_construction--621-_jpg.rf.e1e1b4550156fbeb6b41875eff63325c.txt,rf100,roboflow-100/excavators-czvg9,tidak,-,1
train,rf100_construction--622-_jpg.rf.88187dea6367792b7f1c793ec5f8c34e.txt,rf100,roboflow-100/excavators-czvg9,tidak,-,2
train,rf100_construction--623-_jpg.rf.0426d5b05e135ac73318dd6a39c1a752.txt,rf100,roboflow-100/excavators-czvg9,tidak,-,5
train,rf100_construction--625-_jpg.rf.18a9d6cf139c194591625e36f949182f.txt,rf100,roboflow-100/excavators-czvg9,tidak,-,1
train,rf100_construction--627-_jpg.rf.98658f9c617e7727df45e6ff287bc17c.txt,rf100,roboflow-100/excavators-czvg9,tidak,-,2
train,rf100_construction--627-_jpg.rf.98658f9c617e7727df45e6ff287bc17c_night.txt,rf100,roboflow-100/excavators-czvg9,ya,-,2
train,rf100_construction--628-_jpg.rf.87ef0d821264c79bd3c25fe58086e671.txt,rf100,roboflow-100/excavators-czvg9,tidak,-,1
train,rf100_construction--629-_jpg.rf.2bc34f5c5f758a77edee48bd2717a465.txt,rf100,roboflow-100/excavators-czvg9,tidak,-,1
train,rf100_construction--630-_jpg.rf.34c8bd4239ed30b71f36d71f6633dde7.txt,rf100,roboflow-100/excavators-czvg9,tidak,-,1
train,rf100_construction--632-_jpg.rf.72b07c77587ce910364a5d49cdab18ff.txt,rf100,roboflow-100/excavators-czvg9,tidak,-,1
train,rf100_construction--633-_jpg.rf.0eb424bd730a3c6cc554befb180aaac0.txt,rf100,roboflow-100/excavators-czvg9,tidak,-,1
train,rf100_construction--634-_jpg.rf.d2ee50dd640433be7935be826d19809c.txt,rf100,roboflow-100/excavators-czvg9,tidak,-,3
train,rf100_construction--636-_jpg.rf.e72e8408e1d7d2f7928857b2e181955b.txt,rf100,roboflow-100/excavators-czvg9,tidak,-,2
train,rf100_construction--637-_jpg.rf.e9da9ac966cef6d31460c5bc7225a56d.txt,rf100,roboflow-100/excavators-czvg9,tidak,-,2
train,rf100_construction--638-_jpg.rf.98164e25e67e07a720a1f04430400f9b.txt,rf100,roboflow-100/excavators-czvg9,tidak,-,2
train,rf100_construction--640-_jpg.rf.d24cd0cf119a92a7551d7269c8c54fd4.txt,rf100,roboflow-100/excavators-czvg9,tidak,-,1
train,rf100_construction--641-_jpg.rf.dbfdf905c1832ad18f24278b9bcfd7a1.txt,rf100,roboflow-100/excavators-czvg9,tidak,-,2
train,rf100_construction--641-_jpg.rf.dbfdf905c1832ad18f24278b9bcfd7a1_night.txt,rf100,roboflow-100/excavators-czvg9,ya,-,2
train,rf100_construction--642-_jpg.rf.7ef7ea26806030a055a7206a053c3108.txt,rf100,roboflow-100/excavators-czvg9,tidak,-,2
train,rf100_construction--642-_jpg.rf.7ef7ea26806030a055a7206a053c3108_night.txt,rf100,roboflow-100/excavators-czvg9,ya,-,2
train,rf100_construction--643-_jpg.rf.580c62784f4348e56bd1c8cf8c699083.txt,rf100,roboflow-100/excavators-czvg9,tidak,-,1
train,rf100_construction--645-_jpg.rf.4964c07a7ccb0a3082df9a15603b253c.txt,rf100,roboflow-100/excavators-czvg9,tidak,-,3
train,rf100_construction--646-_jpg.rf.3d2bc471e92f7e89b2284f193b37ceb0.txt,rf100,roboflow-100/excavators-czvg9,tidak,-,2
train,rf100_construction--646-_jpg.rf.3d2bc471e92f7e89b2284f193b37ceb0_night.txt,rf100,roboflow-100/excavators-czvg9,ya,-,2
train,rf100_construction--647-_jpg.rf.7bc0536fa5c2e97a877b34b32f5fe85c.txt,rf100,roboflow-100/excavators-czvg9,tidak,-,2
train,rf100_construction--647-_jpg.rf.7bc0536fa5c2e97a877b34b32f5fe85c_night.txt,rf100,roboflow-100/excavators-czvg9,ya,-,2
train,rf100_construction--648-_jpg.rf.af760d7ab5f77af413ec44a975e97732.txt,rf100,roboflow-100/excavators-czvg9,tidak,-,1
train,rf100_construction--649-_jpg.rf.d1e52066b2565c5dfd400f4b01e5c6b2.txt,rf100,roboflow-100/excavators-czvg9,tidak,-,1
train,rf100_construction--650-_jpg.rf.fba2246048014931e4924d39082cad35.txt,rf100,roboflow-100/excavators-czvg9,tidak,-,1
train,rf100_construction--652-_jpg.rf.f00073d472d52a28a7cb48d98b9f22fc.txt,rf100,roboflow-100/excavators-czvg9,tidak,-,1
train,rf100_construction--653-_jpg.rf.00b0483cfae636a1bd34e96b4949fcfb.txt,rf100,roboflow-100/excavators-czvg9,tidak,-,1
train,rf100_construction--655-_jpg.rf.f4672eda712968af3a3e49d4493598a0.txt,rf100,roboflow-100/excavators-czvg9,tidak,-,1
train,rf100_construction--656-_jpg.rf.018668c708a839a43938d771bc2a3562.txt,rf100,roboflow-100/excavators-czvg9,tidak,-,1
train,rf100_construction--658-_jpg.rf.98aaa65c7f517180ed105e338024a376.txt,rf100,roboflow-100/excavators-czvg9,tidak,-,1
train,rf100_construction--659-_jpg.rf.ab9a953e33dec7d9e6dc6d6650e09cc0.txt,rf100,roboflow-100/excavators-czvg9,tidak,-,1
train,rf100_construction--660-_jpg.rf.6a62375459d2e222340972077b92b445.txt,rf100,roboflow-100/excavators-czvg9,tidak,-,1
train,rf100_construction--662-_jpg.rf.6aaea1beafbf9b396eaeadd0aac21984.txt,rf100,roboflow-100/excavators-czvg9,tidak,-,1
train,rf100_construction--663-_jpg.rf.441ec0f5a916f33e8ce3c72b5c625ae5.txt,rf100,roboflow-100/excavators-czvg9,tidak,-,1
train,rf100_construction--664-_jpg.rf.43950a488e90869464f28d1280c98763.txt,rf100,roboflow-100/excavators-czvg9,tidak,-,1
train,rf100_construction--665-_jpg.rf.c7a1944207c439c1af54a81005138ffb.txt,rf100,roboflow-100/excavators-czvg9,tidak,-,1
train,rf100_construction--667-_jpg.rf.3c7cce0b7e5c139d4127d4da5da28a69.txt,rf100,roboflow-100/excavators-czvg9,tidak,-,1
train,rf100_construction--668-_jpg.rf.fb1a05025e299a2848b99c6454b4844d.txt,rf100,roboflow-100/excavators-czvg9,tidak,-,1
train,rf100_construction--670-_jpg.rf.ec5dc38ee9ed4e36ffd9544593a5e61a.txt,rf100,roboflow-100/excavators-czvg9,tidak,-,2
train,rf100_construction--671-_jpg.rf.32c801ab005b39b53bb620d3da99eafb.txt,rf100,roboflow-100/excavators-czvg9,tidak,-,3
train,rf100_construction--672-_jpg.rf.128578819c38fb9ba083f7430066f1ac.txt,rf100,roboflow-100/excavators-czvg9,tidak,-,2
train,rf100_construction--672-_jpg.rf.128578819c38fb9ba083f7430066f1ac_night.txt,rf100,roboflow-100/excavators-czvg9,ya,-,2
train,rf100_construction--673-_jpg.rf.fc5ab915225ffa0daba4f6f97bb016f2.txt,rf100,roboflow-100/excavators-czvg9,tidak,-,0
train,rf100_construction--676-_jpg.rf.e0193e487a329f7677dc2def76bebbba.txt,rf100,roboflow-100/excavators-czvg9,tidak,-,1
train,rf100_construction--677-_jpg.rf.2be5093c23b13f7e442ae596aede8c7a.txt,rf100,roboflow-100/excavators-czvg9,tidak,-,1
train,rf100_construction--677-_jpg.rf.2be5093c23b13f7e442ae596aede8c7a_night.txt,rf100,roboflow-100/excavators-czvg9,ya,-,1
train,rf100_construction--678-_jpg.rf.b93b0dfc23ce527c9b800a5205eacfc4.txt,rf100,roboflow-100/excavators-czvg9,tidak,-,1
train,rf100_construction--678-_jpg.rf.b93b0dfc23ce527c9b800a5205eacfc4_night.txt,rf100,roboflow-100/excavators-czvg9,ya,-,1
train,rf100_construction--679-_jpg.rf.61d2587ca59764647d259d6483bb1ebb.txt,rf100,roboflow-100/excavators-czvg9,tidak,-,3
train,rf100_construction--679-_jpg.rf.61d2587ca59764647d259d6483bb1ebb_night.txt,rf100,roboflow-100/excavators-czvg9,ya,-,3
train,rf100_construction--680-_jpg.rf.6fbc046c0296d4306740fa3013bcebf4.txt,rf100,roboflow-100/excavators-czvg9,tidak,-,2
train,rf100_construction--681-_jpg.rf.89c51054cfa95f56969b51013fbe5579.txt,rf100,roboflow-100/excavators-czvg9,tidak,-,3
train,rf100_construction--682-_jpg.rf.02c8fadcc4b504152ba598da57eca1ed.txt,rf100,roboflow-100/excavators-czvg9,tidak,-,1
train,rf100_construction--684-_jpg.rf.389b0f6c86a1961faa87c9f90040fc25.txt,rf100,roboflow-100/excavators-czvg9,tidak,-,1
train,rf100_construction--685-_jpg.rf.677abb435a3039d55f94123ad83c2dcf.txt,rf100,roboflow-100/excavators-czvg9,tidak,-,0
train,rf100_construction--687-_jpg.rf.1019ed7cde4541e3572c07a583a75736.txt,rf100,roboflow-100/excavators-czvg9,tidak,-,1
train,rf100_construction--689-_jpg.rf.3c810fa29ede2a7a9d4cbddccde21029.txt,rf100,roboflow-100/excavators-czvg9,tidak,-,2
train,rf100_construction--689-_jpg.rf.3c810fa29ede2a7a9d4cbddccde21029_night.txt,rf100,roboflow-100/excavators-czvg9,ya,-,2
train,rf100_construction--690-_jpg.rf.68da855e511b8ec0caae332e4daa212a.txt,rf100,roboflow-100/excavators-czvg9,tidak,-,1
train,rf100_construction--691-_jpg.rf.5bceae7dbdeaa196cd81af85dc5247c2.txt,rf100,roboflow-100/excavators-czvg9,tidak,-,1
train,rf100_construction--692-_jpg.rf.b3f799c189eebbe8a99be30057841a53.txt,rf100,roboflow-100/excavators-czvg9,tidak,-,4
train,rf100_construction--693-_jpg.rf.9717d5c12626c4bf97a49b2fe149dc58.txt,rf100,roboflow-100/excavators-czvg9,tidak,-,2
train,rf100_construction--694-_jpg.rf.897e0908b39bb026e8d2886ab1ed2cd9.txt,rf100,roboflow-100/excavators-czvg9,tidak,-,1
train,rf100_construction--695-_jpg.rf.a448994bf0a1a359a4dfbe8124b0c657.txt,rf100,roboflow-100/excavators-czvg9,tidak,-,1
train,rf100_construction--696-_jpg.rf.05d27691ea1f2bbb5a8bcbc87131cd48.txt,rf100,roboflow-100/excavators-czvg9,tidak,-,1
train,rf100_construction--697-_jpg.rf.64bee5e9dad7a1517dfd159882eac3e5.txt,rf100,roboflow-100/excavators-czvg9,tidak,-,1
train,rf100_construction--698-_jpg.rf.1d925ad22fd7ad163fe72fc3332b565b.txt,rf100,roboflow-100/excavators-czvg9,tidak,-,1
train,rf100_construction--699-_jpg.rf.3ebdc3846dcf23520eab2952f66c61e5.txt,rf100,roboflow-100/excavators-czvg9,tidak,-,1
train,rf100_construction--7-_jpg.rf.106da5e72abeb8e083256ee745b205f8.txt,rf100,roboflow-100/excavators-czvg9,tidak,-,0
train,rf100_construction--702-_jpg.rf.5d4ac30da100196277ec7544c9ca6d99.txt,rf100,roboflow-100/excavators-czvg9,tidak,-,1
train,rf100_construction--703-_jpg.rf.26d371e6c9a67b628c3e6ed43cafef77.txt,rf100,roboflow-100/excavators-czvg9,tidak,-,1
train,rf100_construction--704-_jpg.rf.c8b3696d327da916be155f8aa577f36e.txt,rf100,roboflow-100/excavators-czvg9,tidak,-,1
train,rf100_construction--705-_jpg.rf.246fbc5d48ce69acc3aaa86b7d8d14a7.txt,rf100,roboflow-100/excavators-czvg9,tidak,-,1
train,rf100_construction--706-_jpg.rf.1bcdac6c3467a88a56547f46cb6ad5e3.txt,rf100,roboflow-100/excavators-czvg9,tidak,-,1
train,rf100_construction--707-_jpg.rf.61756b7816d3aa8f7381e41551489aa5.txt,rf100,roboflow-100/excavators-czvg9,tidak,-,1
train,rf100_construction--708-_jpg.rf.a22c70044b1213da03a0119a1ae334c8.txt,rf100,roboflow-100/excavators-czvg9,tidak,-,2
train,rf100_construction--709-_jpg.rf.c30cf7ae463a8dcfbb4f9a7fbbc9ad58.txt,rf100,roboflow-100/excavators-czvg9,tidak,-,1
train,rf100_construction--712-_jpg.rf.52a888383e86f5ba62c4412069be63bd.txt,rf100,roboflow-100/excavators-czvg9,tidak,-,1
train,rf100_construction--713-_jpg.rf.7aef27e55a70e0bb7d8ec1d5231a40be.txt,rf100,roboflow-100/excavators-czvg9,tidak,-,2
train,rf100_construction--716-_jpg.rf.29b91101190373f5225dec9539b3d95d.txt,rf100,roboflow-100/excavators-czvg9,tidak,-,1
train,rf100_construction--717-_jpg.rf.9089922e99445e8e4ac22325f977849a.txt,rf100,roboflow-100/excavators-czvg9,tidak,-,2
train,rf100_construction--719-_jpg.rf.f386b20e5d8ab51f570dea530485e2b7.txt,rf100,roboflow-100/excavators-czvg9,tidak,-,2
train,rf100_construction--721-_jpg.rf.7e6b13a38ad183447708f3f1404f64f4.txt,rf100,roboflow-100/excavators-czvg9,tidak,-,1
train,rf100_construction--723-_jpg.rf.561852004dde5ede5e8539e3b97dd7ae.txt,rf100,roboflow-100/excavators-czvg9,tidak,-,0
train,rf100_construction--726-_jpg.rf.6e747d2595eb1fe1ce4de477270f495e.txt,rf100,roboflow-100/excavators-czvg9,tidak,-,0
train,rf100_construction--727-_jpg.rf.27ec695854f9be60f28b6493dd3d18c0.txt,rf100,roboflow-100/excavators-czvg9,tidak,-,0
train,rf100_construction--728-_jpg.rf.a4a437aee10caa897aa641bb2823c061.txt,rf100,roboflow-100/excavators-czvg9,tidak,-,1
train,rf100_construction--729-_jpg.rf.3c9a30a202a1eb40525644a451928331.txt,rf100,roboflow-100/excavators-czvg9,tidak,-,2
train,rf100_construction--731-_jpg.rf.77fbc252c4c46753dbbc585de7dea0b3.txt,rf100,roboflow-100/excavators-czvg9,tidak,-,2
train,rf100_construction--733-_jpg.rf.09d82034e9ef1c461364ab81593e2cf9.txt,rf100,roboflow-100/excavators-czvg9,tidak,-,0
train,rf100_construction--734-_jpg.rf.79aa08a7b4335eac144a3077afdf9c42.txt,rf100,roboflow-100/excavators-czvg9,tidak,-,0
train,rf100_construction--736-_jpg.rf.17c21bb56130577d05cfb4da5a14ff5a.txt,rf100,roboflow-100/excavators-czvg9,tidak,-,0
train,rf100_construction--737-_jpg.rf.d5f0813328a86a337d834149362a11fb.txt,rf100,roboflow-100/excavators-czvg9,tidak,-,0
train,rf100_construction--738-_jpg.rf.91b263d3a7e9486023883d0092ba8d39.txt,rf100,roboflow-100/excavators-czvg9,tidak,-,1
train,rf100_construction--740-_jpg.rf.6f3cafe44fe58a14be437b6b09ef0768.txt,rf100,roboflow-100/excavators-czvg9,tidak,-,1
train,rf100_construction--741-_jpg.rf.7efe3d83db7b1dba183f84fcd86e84f3.txt,rf100,roboflow-100/excavators-czvg9,tidak,-,1
train,rf100_construction--742-_jpg.rf.0d57fd6ba1953e3b8bd9902014d4b402.txt,rf100,roboflow-100/excavators-czvg9,tidak,-,0
train,rf100_construction--743-_jpg.rf.9d1048518cba4886b0f9e8b3fa35323c.txt,rf100,roboflow-100/excavators-czvg9,tidak,-,0
train,rf100_construction--744-_jpg.rf.5f4b9d7b1712f2ac9eca37dcc6604f5e.txt,rf100,roboflow-100/excavators-czvg9,tidak,-,0
train,rf100_construction--746-_jpg.rf.9ef65bfaa9ef3287c3807c2ea77cd47e.txt,rf100,roboflow-100/excavators-czvg9,tidak,-,1
train,rf100_construction--746-_jpg.rf.9ef65bfaa9ef3287c3807c2ea77cd47e_night.txt,rf100,roboflow-100/excavators-czvg9,ya,-,1
train,rf100_construction--747-_jpg.rf.261b17ed9baf37dfd390bce561e9686c.txt,rf100,roboflow-100/excavators-czvg9,tidak,-,1
train,rf100_construction--748-_jpg.rf.c13d67f5dfa8736630e39e723a5598f4.txt,rf100,roboflow-100/excavators-czvg9,tidak,-,0
train,rf100_construction--750-_jpg.rf.d654d5ef8f70b890933995ef9d825361.txt,rf100,roboflow-100/excavators-czvg9,tidak,-,0
train,rf100_construction--751-_jpg.rf.85ecbe104839f035cc9772025662cb50.txt,rf100,roboflow-100/excavators-czvg9,tidak,-,0
train,rf100_construction--753-_jpg.rf.1767846bcfc3f3e3f40e130662c44f9e.txt,rf100,roboflow-100/excavators-czvg9,tidak,-,0
train,rf100_construction--755-_jpg.rf.542f4ef90b6b1d958b71f33e5ae55db5.txt,rf100,roboflow-100/excavators-czvg9,tidak,-,1
train,rf100_construction--756-_jpg.rf.4c57bfb12fb935fd868484cef0b60233.txt,rf100,roboflow-100/excavators-czvg9,tidak,-,0
train,rf100_construction--760-_jpg.rf.12d54e53a01a7d420d26ec6754976bf3.txt,rf100,roboflow-100/excavators-czvg9,tidak,-,0
train,rf100_construction--763-_jpg.rf.afede9abc7d23675a3551b012db21759.txt,rf100,roboflow-100/excavators-czvg9,tidak,-,3
train,rf100_construction--763-_jpg.rf.afede9abc7d23675a3551b012db21759_night.txt,rf100,roboflow-100/excavators-czvg9,ya,-,3
train,rf100_construction--771-_jpg.rf.a5836dc32b3275322b45450c58dd425b.txt,rf100,roboflow-100/excavators-czvg9,tidak,-,0
train,rf100_construction--774-_jpg.rf.500ae37fc4e175bf827580018411c5c6.txt,rf100,roboflow-100/excavators-czvg9,tidak,-,0
train,rf100_construction--775-_jpg.rf.05decf12969c154e0c327e68f06ae8cd.txt,rf100,roboflow-100/excavators-czvg9,tidak,-,0
train,rf100_construction--794-_jpg.rf.75451eecfcdcdea8435821ba8905a04b.txt,rf100,roboflow-100/excavators-czvg9,tidak,-,0
train,rf100_construction--796-_jpg.rf.99a8bf2c22d7d7cfef20998be68004d7.txt,rf100,roboflow-100/excavators-czvg9,tidak,-,0
train,rf100_construction--8-_jpg.rf.185736cbc2b2c9b0acabbe33ecb83908.txt,rf100,roboflow-100/excavators-czvg9,tidak,-,0
train,rf100_construction--810-_jpg.rf.0745b9a37a69671a56444d7fce35cc81.txt,rf100,roboflow-100/excavators-czvg9,tidak,-,0
train,rf100_construction--813-_jpg.rf.32205ba74e6673e8f4dceecc0549359c.txt,rf100,roboflow-100/excavators-czvg9,tidak,-,0
train,rf100_construction--815-_jpg.rf.0de2d3bd81bd505b6500912223f3bd56.txt,rf100,roboflow-100/excavators-czvg9,tidak,-,0
train,rf100_construction--816-_jpg.rf.682f444a37d5f00d6791487570182f41.txt,rf100,roboflow-100/excavators-czvg9,tidak,-,1
train,rf100_construction--820-_jpg.rf.cb363a954f3c56bb359ea6623a63e99f.txt,rf100,roboflow-100/excavators-czvg9,tidak,-,1
train,rf100_construction--821-_jpg.rf.a472f5f52356a6c5bc8ec4e433654301.txt,rf100,roboflow-100/excavators-czvg9,tidak,-,1
train,rf100_construction--824-_jpg.rf.ea6253b30e33dec3fa47a557e35c4707.txt,rf100,roboflow-100/excavators-czvg9,tidak,-,1
train,rf100_construction--831-_jpg.rf.e6100adce8066c05d73cfc6acd831d39.txt,rf100,roboflow-100/excavators-czvg9,tidak,-,3
train,rf100_construction--831-_jpg.rf.e6100adce8066c05d73cfc6acd831d39_night.txt,rf100,roboflow-100/excavators-czvg9,ya,-,3
train,rf100_construction--832-_jpg.rf.25f77a00379a2ee706736a4eaf008331.txt,rf100,roboflow-100/excavators-czvg9,tidak,-,0
train,rf100_construction--833-_jpg.rf.4d1208ae80846beb300d3a6d2137f391.txt,rf100,roboflow-100/excavators-czvg9,tidak,-,0
train,rf100_construction--834-_jpg.rf.99f540aa101b8b0b478dfcc99a692810.txt,rf100,roboflow-100/excavators-czvg9,tidak,-,0
train,rf100_construction--835-_jpg.rf.56994cfa6eb5e63bcf6bd18476e46bec.txt,rf100,roboflow-100/excavators-czvg9,tidak,-,0
train,rf100_construction--836-_jpg.rf.af9872843451a8064f3cda65dee74722.txt,rf100,roboflow-100/excavators-czvg9,tidak,-,0
train,rf100_construction--837-_jpg.rf.ab4ef2e2daf5d585c710c89bd8cba238.txt,rf100,roboflow-100/excavators-czvg9,tidak,-,0
train,rf100_construction--838-_jpg.rf.a7cedc3988449547091023593b0c7b39.txt,rf100,roboflow-100/excavators-czvg9,tidak,-,0
train,rf100_construction--844-_jpg.rf.2b29048a46651cd8c2896c4ed854df78.txt,rf100,roboflow-100/excavators-czvg9,tidak,-,0
train,rf100_construction--845-_jpg.rf.be7e5c56d468092566da332fd4ffc498.txt,rf100,roboflow-100/excavators-czvg9,tidak,-,0
train,rf100_construction--847-_jpg.rf.9020acc1326b61c8f057fa03c4dba553.txt,rf100,roboflow-100/excavators-czvg9,tidak,-,0
train,rf100_construction--848-_jpg.rf.fc5a750957aece7df01f3f3c1aecfad5.txt,rf100,roboflow-100/excavators-czvg9,tidak,-,0
train,rf100_construction--849-_jpg.rf.b6519d3acecc248eb221f884b592e8f6.txt,rf100,roboflow-100/excavators-czvg9,tidak,-,0
train,rf100_construction--850-_jpg.rf.5c2b02dc0da461822e51283d2d86357d.txt,rf100,roboflow-100/excavators-czvg9,tidak,-,0
train,rf100_construction--851-_jpg.rf.ed0048d1b59f407b135a51990d3a99b6.txt,rf100,roboflow-100/excavators-czvg9,tidak,-,0
train,rf100_construction--853-_jpg.rf.1d07347ee28185ad3d4a59ef8093f811.txt,rf100,roboflow-100/excavators-czvg9,tidak,-,2
train,rf100_construction--854-_jpg.rf.4e8f628d94106dff6008df71eec85b82.txt,rf100,roboflow-100/excavators-czvg9,tidak,-,0
train,rf100_construction--855-_jpg.rf.f4d40f35f5a52da501196269ddcd7e37.txt,rf100,roboflow-100/excavators-czvg9,tidak,-,1
train,rf100_construction--856-_jpg.rf.e74e1ecbda18ca59f901c21b58c5d482.txt,rf100,roboflow-100/excavators-czvg9,tidak,-,0
train,rf100_construction--857-_jpg.rf.c4ca7f6c2f4840214c052dbaa6853dcc.txt,rf100,roboflow-100/excavators-czvg9,tidak,-,0
train,rf100_construction--859-_jpg.rf.047eec423e76d6a68d50c2c642d5b89d.txt,rf100,roboflow-100/excavators-czvg9,tidak,-,0
train,rf100_construction--860-_jpg.rf.17314e657623128e553623946190d86a.txt,rf100,roboflow-100/excavators-czvg9,tidak,-,1
train,rf100_construction--862-_jpg.rf.01a5080b064cc76f6068f7a4bdfe173f.txt,rf100,roboflow-100/excavators-czvg9,tidak,-,0
train,rf100_construction--868-_jpg.rf.4c341636303ac722a0081710e2f15f53.txt,rf100,roboflow-100/excavators-czvg9,tidak,-,0
train,rf100_construction--869-_jpg.rf.f28ea059747ad7c8ec7b9d700dec72a6.txt,rf100,roboflow-100/excavators-czvg9,tidak,-,0
train,rf100_construction--870-_jpg.rf.c6f9ed481c81e754257a5526413a6d2f.txt,rf100,roboflow-100/excavators-czvg9,tidak,-,0
train,rf100_construction--871-_jpg.rf.0c9b650c6873ff73359384dd1f3e2046.txt,rf100,roboflow-100/excavators-czvg9,tidak,-,0
train,rf100_construction--872-_jpg.rf.87d503eb5f67175ab8cfb4894ffbdb4a.txt,rf100,roboflow-100/excavators-czvg9,tidak,-,0
train,rf100_construction--874-_jpg.rf.6a9d0718e7db2ba703d3eead516278c9.txt,rf100,roboflow-100/excavators-czvg9,tidak,-,3
train,rf100_construction--875-_jpg.rf.6b44397b1ee294adcd27ea3e31c219e1.txt,rf100,roboflow-100/excavators-czvg9,tidak,-,0
train,rf100_construction--876-_jpg.rf.6360088883b02fbc16ad4ce84821ff73.txt,rf100,roboflow-100/excavators-czvg9,tidak,-,2
train,rf100_construction--877-_jpg.rf.483084eb8a877bcca5c85254fac1e6ea.txt,rf100,roboflow-100/excavators-czvg9,tidak,-,11
train,rf100_construction--877-_jpg.rf.483084eb8a877bcca5c85254fac1e6ea_night.txt,rf100,roboflow-100/excavators-czvg9,ya,-,11
train,rf100_construction--879-_jpg.rf.3c8f230a3a7f2d934aa6054c9cee5fe6.txt,rf100,roboflow-100/excavators-czvg9,tidak,-,0
train,rf100_construction--882-_jpg.rf.53f228bef059175397671da364ee8962.txt,rf100,roboflow-100/excavators-czvg9,tidak,-,1
train,rf100_construction--883-_jpg.rf.88bb6d393be7bf23e818530103b24862.txt,rf100,roboflow-100/excavators-czvg9,tidak,-,0
train,rf100_construction--884-_jpg.rf.d27a4e6b1af5d842f720fc799a67c8e4.txt,rf100,roboflow-100/excavators-czvg9,tidak,-,0
train,rf100_construction--885-_jpg.rf.f7cfe1f2e32fa072d9ca5f96db9b1383.txt,rf100,roboflow-100/excavators-czvg9,tidak,-,1
train,rf100_construction--885-_jpg.rf.f7cfe1f2e32fa072d9ca5f96db9b1383_night.txt,rf100,roboflow-100/excavators-czvg9,ya,-,1
train,rf100_construction--886-_jpg.rf.04fac1d96e0798923344411e8ee07cd4.txt,rf100,roboflow-100/excavators-czvg9,tidak,-,1
train,rf100_construction--886-_jpg.rf.04fac1d96e0798923344411e8ee07cd4_night.txt,rf100,roboflow-100/excavators-czvg9,ya,-,1
train,rf100_construction--887-_jpg.rf.8f8d282350aec900013880408c59f80c.txt,rf100,roboflow-100/excavators-czvg9,tidak,-,0
train,rf100_construction--888-_jpg.rf.7d2b7851a60517cbb75a68888689b5f2.txt,rf100,roboflow-100/excavators-czvg9,tidak,-,0
train,rf100_construction--889-_jpg.rf.3270164add0806a0467aba91bf9df99a.txt,rf100,roboflow-100/excavators-czvg9,tidak,-,0
train,rf100_construction--891-_jpg.rf.a22615df7644fb506b23cc719dc7dc19.txt,rf100,roboflow-100/excavators-czvg9,tidak,-,1
train,rf100_construction--896-_jpg.rf.1fc36bc8432a63f6fd8262c1f4b8337c.txt,rf100,roboflow-100/excavators-czvg9,tidak,-,1
train,rf100_construction--897-_jpg.rf.c76e2f7e43300785f08aed3afb0d2c99.txt,rf100,roboflow-100/excavators-czvg9,tidak,-,1
train,rf100_construction--910-_jpg.rf.c734deaae4098a46821d31e93d4a15d2.txt,rf100,roboflow-100/excavators-czvg9,tidak,-,4
train,rf100_construction--919-_jpg.rf.8b062398cd421f16eec56450a4ac6d21.txt,rf100,roboflow-100/excavators-czvg9,tidak,-,1
train,rf100_construction--919-_jpg.rf.8b062398cd421f16eec56450a4ac6d21_night.txt,rf100,roboflow-100/excavators-czvg9,ya,-,1
train,rf100_construction--922-_jpg.rf.a4768badeab6ce2cf06009f2168ce34d.txt,rf100,roboflow-100/excavators-czvg9,tidak,-,1
train,rf100_construction--926-_jpg.rf.156618d0e88575129c387704c7abbe4c.txt,rf100,roboflow-100/excavators-czvg9,tidak,-,1
train,rf100_construction--926-_jpg.rf.156618d0e88575129c387704c7abbe4c_night.txt,rf100,roboflow-100/excavators-czvg9,ya,-,1
train,rf100_construction--936-_jpg.rf.8f4ac51a9c64934bcf2052b3e54340eb.txt,rf100,roboflow-100/excavators-czvg9,tidak,-,1
train,rf100_construction--938-_jpg.rf.ee6d3c9b9fd6dbce9ebe5633738688ba.txt,rf100,roboflow-100/excavators-czvg9,tidak,-,6
train,rf100_construction--939-_jpg.rf.cf9efc24fdbbfc27224a93cc07d1314f.txt,rf100,roboflow-100/excavators-czvg9,tidak,-,1
train,rf100_construction--940-_jpg.rf.109eb0c5d9f446bee63ce213d0066c4e.txt,rf100,roboflow-100/excavators-czvg9,tidak,-,0
train,rf100_construction--947-_jpg.rf.6d9acd3a57cfee85e35838f476a9a3a4.txt,rf100,roboflow-100/excavators-czvg9,tidak,-,2
train,rf100_construction--952-_jpg.rf.03a25c0ffadc474ad9b1f60d114e80d3.txt,rf100,roboflow-100/excavators-czvg9,tidak,-,0
train,rf100_construction--955-_jpg.rf.406674b62a836f019d809989f176fa65.txt,rf100,roboflow-100/excavators-czvg9,tidak,-,0
train,rf100_construction--956-_jpg.rf.4478f016a1e17775b3b1916bf7dba012.txt,rf100,roboflow-100/excavators-czvg9,tidak,-,0
train,rf100_construction--957-_jpg.rf.b8480e4b18a7c1dd6003abeddee8e472.txt,rf100,roboflow-100/excavators-czvg9,tidak,-,0
train,rf100_construction--958-_jpg.rf.e0c248cabce25196602dce12c4b9106a.txt,rf100,roboflow-100/excavators-czvg9,tidak,-,1
train,rf100_construction--959-_jpg.rf.93eae04d1db71d3635cd53274dfd536e.txt,rf100,roboflow-100/excavators-czvg9,tidak,-,0
train,rf100_construction--960-_jpg.rf.b274990071374a1ab0a356cc77c98741.txt,rf100,roboflow-100/excavators-czvg9,tidak,-,0
train,rf100_construction--961-_jpg.rf.c49b282d2e7f34ac4f75caba43693584.txt,rf100,roboflow-100/excavators-czvg9,tidak,-,0
train,rf100_construction--976-_jpg.rf.b66090b365fe8920b56863af4f89eb95.txt,rf100,roboflow-100/excavators-czvg9,tidak,-,1
train,rf100_construction--981-_jpg.rf.c47aeb1d5d1f7e0e7c37381b69bbbdd0.txt,rf100,roboflow-100/excavators-czvg9,tidak,-,0
train,rf100_construction--982-_jpg.rf.359ac7125df1632b789c37c608995c61.txt,rf100,roboflow-100/excavators-czvg9,tidak,-,0
train,rf100_construction--983-_jpg.rf.3327bf08d7df981d4d1512855f32092d.txt,rf100,roboflow-100/excavators-czvg9,tidak,-,0
train,rf100_construction--986-_jpg.rf.23490e9c963d4884b28746846acd5f30.txt,rf100,roboflow-100/excavators-czvg9,tidak,-,0
train,rf100_construction--990-_jpg.rf.5d63d7d707ae59c832a29688e516423b.txt,rf100,roboflow-100/excavators-czvg9,tidak,-,2
train,rf100_construction--991-_jpg.rf.f70601d482206b47f63e4c0bee5c1045.txt,rf100,roboflow-100/excavators-czvg9,tidak,-,1
train,rf100_construction--992-_jpg.rf.911bb465f064e3be4f670c8256634e9b.txt,rf100,roboflow-100/excavators-czvg9,tidak,-,1
train,rf100_construction--998-_jpg.rf.c592b429d71931d4d2c8d45787438a4a.txt,rf100,roboflow-100/excavators-czvg9,tidak,-,1
train,rf100_construction--999-_jpg.rf.ec7ddcec50cc8ccf6f13f79c98f70b2a.txt,rf100,roboflow-100/excavators-czvg9,tidak,-,0
train,rf100_image_1000_jpg.rf.c46d1911ee465afd2487c35b7e6cb7f4.txt,rf100,roboflow-100/excavators-czvg9,tidak,-,1
train,rf100_image_1000_jpg.rf.c46d1911ee465afd2487c35b7e6cb7f4_night.txt,rf100,roboflow-100/excavators-czvg9,ya,-,1
train,rf100_image_1001_jpg.rf.f64fd78cfc26dfddaa9fe78433eca9bf.txt,rf100,roboflow-100/excavators-czvg9,tidak,-,1
train,rf100_image_1002_jpg.rf.fb6f32003bb75721fe01bc0dbc02dcab.txt,rf100,roboflow-100/excavators-czvg9,tidak,-,1
train,rf100_image_1002_jpg.rf.fb6f32003bb75721fe01bc0dbc02dcab_night.txt,rf100,roboflow-100/excavators-czvg9,ya,-,1
train,rf100_image_1003_jpg.rf.6689f0bc2ec25385543e4a2081ac3b50.txt,rf100,roboflow-100/excavators-czvg9,tidak,-,1
train,rf100_image_1003_jpg.rf.6689f0bc2ec25385543e4a2081ac3b50_night.txt,rf100,roboflow-100/excavators-czvg9,ya,-,1
train,rf100_image_1004_jpg.rf.d43cdc79584695a7f09a40a11c0dbf97.txt,rf100,roboflow-100/excavators-czvg9,tidak,-,2
train,rf100_image_1004_jpg.rf.d43cdc79584695a7f09a40a11c0dbf97_night.txt,rf100,roboflow-100/excavators-czvg9,ya,-,2
train,rf100_image_1005_jpg.rf.6bf9f80710807fc173420d46871b4e5a.txt,rf100,roboflow-100/excavators-czvg9,tidak,-,1
train,rf100_image_1006_jpg.rf.b902ead13e6c1a6908073486a109f297.txt,rf100,roboflow-100/excavators-czvg9,tidak,-,1
train,rf100_image_1007_jpg.rf.e0ed26a9e59426247b4d5832105b97c9.txt,rf100,roboflow-100/excavators-czvg9,tidak,-,1
train,rf100_image_100_jpg.rf.71050cee9998c979e598e31ae523db96.txt,rf100,roboflow-100/excavators-czvg9,tidak,-,1
train,rf100_image_1010_jpg.rf.bf56b2a0f193042bb4cc88c1093d635e.txt,rf100,roboflow-100/excavators-czvg9,tidak,-,1
train,rf100_image_1012_jpg.rf.23676b0ad7e4cfc3e47ccd49ed337553.txt,rf100,roboflow-100/excavators-czvg9,tidak,-,1
train,rf100_image_1016_jpg.rf.3f3c869dee11f36567eafbd176a434d6.txt,rf100,roboflow-100/excavators-czvg9,tidak,-,1
train,rf100_image_1016_jpg.rf.3f3c869dee11f36567eafbd176a434d6_night.txt,rf100,roboflow-100/excavators-czvg9,ya,-,1
train,rf100_image_1017_jpg.rf.d7f27e0b6143c2d7bd511c3626025dfc.txt,rf100,roboflow-100/excavators-czvg9,tidak,-,5
train,rf100_image_101_jpg.rf.4ee02949d975f8b713c57b230fe89c2b.txt,rf100,roboflow-100/excavators-czvg9,tidak,-,1
train,rf100_image_101_jpg.rf.4ee02949d975f8b713c57b230fe89c2b_night.txt,rf100,roboflow-100/excavators-czvg9,ya,-,1
train,rf100_image_1020_jpg.rf.4cfc6e537084fccd6fd9aca8154a85de.txt,rf100,roboflow-100/excavators-czvg9,tidak,-,1
train,rf100_image_1028_jpg.rf.63b013ca0568d88c491498843c9b193f.txt,rf100,roboflow-100/excavators-czvg9,tidak,-,1
train,rf100_image_1028_jpg.rf.63b013ca0568d88c491498843c9b193f_night.txt,rf100,roboflow-100/excavators-czvg9,ya,-,1
train,rf100_image_103_jpg.rf.09df1f191afeb95c287dd0de98be3225.txt,rf100,roboflow-100/excavators-czvg9,tidak,-,4
train,rf100_image_103_jpg.rf.09df1f191afeb95c287dd0de98be3225_night.txt,rf100,roboflow-100/excavators-czvg9,ya,-,4
train,rf100_image_104_jpg.rf.273282882e3868d993f8c1b85f3e7a60.txt,rf100,roboflow-100/excavators-czvg9,tidak,-,1
train,rf100_image_105_jpg.rf.695e03627b15b93df3eb485b2d2b48de.txt,rf100,roboflow-100/excavators-czvg9,tidak,-,1
train,rf100_image_106_jpg.rf.20901eb0c2285a38162d50fa26f743ab.txt,rf100,roboflow-100/excavators-czvg9,tidak,-,1
train,rf100_image_107_jpg.rf.88fb4400a2aaaf6ef135cbfcbb0c44f8.txt,rf100,roboflow-100/excavators-czvg9,tidak,-,1
train,rf100_image_108_jpg.rf.eae8adb8fd4a95eb3c761edc33a01de4.txt,rf100,roboflow-100/excavators-czvg9,tidak,-,1
train,rf100_image_109_jpg.rf.f5617011ffff348c83c32cc90f214f4d.txt,rf100,roboflow-100/excavators-czvg9,tidak,-,1
train,rf100_image_10_jpg.rf.18feff8c5e79204b1165fbf882a3343d.txt,rf100,roboflow-100/excavators-czvg9,tidak,-,1
train,rf100_image_10_jpg.rf.18feff8c5e79204b1165fbf882a3343d_night.txt,rf100,roboflow-100/excavators-czvg9,ya,-,1
train,rf100_image_110_jpg.rf.7a52155f080eab6e3305e17fd3c4b43d.txt,rf100,roboflow-100/excavators-czvg9,tidak,-,1
train,rf100_image_110_jpg.rf.7a52155f080eab6e3305e17fd3c4b43d_night.txt,rf100,roboflow-100/excavators-czvg9,ya,-,1
train,rf100_image_111_jpg.rf.e0cccc00c68b42f9c9519ce0eddeb52e.txt,rf100,roboflow-100/excavators-czvg9,tidak,-,1
train,rf100_image_112_jpg.rf.c48afecd21c93726136ffca548b168d6.txt,rf100,roboflow-100/excavators-czvg9,tidak,-,1
train,rf100_image_114_jpg.rf.d639232ea82a39bb32459ccaf04f92a6.txt,rf100,roboflow-100/excavators-czvg9,tidak,-,1
train,rf100_image_115_jpg.rf.560a06d122984923b0624e2d21a62bb8.txt,rf100,roboflow-100/excavators-czvg9,tidak,-,1
train,rf100_image_115_jpg.rf.560a06d122984923b0624e2d21a62bb8_night.txt,rf100,roboflow-100/excavators-czvg9,ya,-,1
train,rf100_image_117_jpg.rf.2e948205d12705bea943d9a24b1d45f8.txt,rf100,roboflow-100/excavators-czvg9,tidak,-,1
train,rf100_image_117_jpg.rf.2e948205d12705bea943d9a24b1d45f8_night.txt,rf100,roboflow-100/excavators-czvg9,ya,-,1
train,rf100_image_118_jpg.rf.06428008abd808733829be425d4cc17a.txt,rf100,roboflow-100/excavators-czvg9,tidak,-,4
train,rf100_image_119_jpg.rf.dd8a9561b131eb39484663900882d31b.txt,rf100,roboflow-100/excavators-czvg9,tidak,-,1
train,rf100_image_11_jpg.rf.1b409420e0a1033c78f24dc91537cc16.txt,rf100,roboflow-100/excavators-czvg9,tidak,-,1
train,rf100_image_120_jpg.rf.66a5b6dcae0844ffeb6cab04b219540b.txt,rf100,roboflow-100/excavators-czvg9,tidak,-,1
train,rf100_image_120_jpg.rf.66a5b6dcae0844ffeb6cab04b219540b_night.txt,rf100,roboflow-100/excavators-czvg9,ya,-,1
train,rf100_image_121_jpg.rf.522be5d9ea8ce614f8b94e2ec92de482.txt,rf100,roboflow-100/excavators-czvg9,tidak,-,1
train,rf100_image_122_jpg.rf.bfe1f0ba96e16fd3b085c8c4c3e49e4b.txt,rf100,roboflow-100/excavators-czvg9,tidak,-,1
train,rf100_image_122_jpg.rf.bfe1f0ba96e16fd3b085c8c4c3e49e4b_night.txt,rf100,roboflow-100/excavators-czvg9,ya,-,1
train,rf100_image_123_jpg.rf.a4c0202d7c46be755dd6cd6bf50f2088.txt,rf100,roboflow-100/excavators-czvg9,tidak,-,1
train,rf100_image_123_jpg.rf.a4c0202d7c46be755dd6cd6bf50f2088_night.txt,rf100,roboflow-100/excavators-czvg9,ya,-,1
train,rf100_image_124_jpg.rf.dfad6592744f9eaae824cc91eec5a8a6.txt,rf100,roboflow-100/excavators-czvg9,tidak,-,1
train,rf100_image_125_jpg.rf.f3990e73f9eab9e0590282687456adf9.txt,rf100,roboflow-100/excavators-czvg9,tidak,-,1
train,rf100_image_126_jpg.rf.f15f90d313591eeb15477c7235935d63.txt,rf100,roboflow-100/excavators-czvg9,tidak,-,1
train,rf100_image_127_jpg.rf.f00883f923e89014153af5981878bced.txt,rf100,roboflow-100/excavators-czvg9,tidak,-,1
train,rf100_image_127_jpg.rf.f00883f923e89014153af5981878bced_night.txt,rf100,roboflow-100/excavators-czvg9,ya,-,1
train,rf100_image_128_jpg.rf.ba1f77f5bef2f09c7babb645220c3663.txt,rf100,roboflow-100/excavators-czvg9,tidak,-,1
train,rf100_image_128_jpg.rf.ba1f77f5bef2f09c7babb645220c3663_night.txt,rf100,roboflow-100/excavators-czvg9,ya,-,1
train,rf100_image_129_jpg.rf.90e771ba301f0af1a5c94c05e9200e8d.txt,rf100,roboflow-100/excavators-czvg9,tidak,-,1
train,rf100_image_129_jpg.rf.90e771ba301f0af1a5c94c05e9200e8d_night.txt,rf100,roboflow-100/excavators-czvg9,ya,-,1
train,rf100_image_12_jpg.rf.b5859eeac7d933fa3a53b665c81967df.txt,rf100,roboflow-100/excavators-czvg9,tidak,-,1
train,rf100_image_12_jpg.rf.b5859eeac7d933fa3a53b665c81967df_night.txt,rf100,roboflow-100/excavators-czvg9,ya,-,1
train,rf100_image_130_jpg.rf.25225f0cb480289716dee3fd37d8d50f.txt,rf100,roboflow-100/excavators-czvg9,tidak,-,1
train,rf100_image_130_jpg.rf.25225f0cb480289716dee3fd37d8d50f_night.txt,rf100,roboflow-100/excavators-czvg9,ya,-,1
train,rf100_image_131_jpg.rf.7416b27d61162c0fcfb8e9e36d8f9460.txt,rf100,roboflow-100/excavators-czvg9,tidak,-,1
train,rf100_image_131_jpg.rf.7416b27d61162c0fcfb8e9e36d8f9460_night.txt,rf100,roboflow-100/excavators-czvg9,ya,-,1
train,rf100_image_132_jpg.rf.88bd935959a90658229866f1adb52778.txt,rf100,roboflow-100/excavators-czvg9,tidak,-,1
train,rf100_image_132_jpg.rf.88bd935959a90658229866f1adb52778_night.txt,rf100,roboflow-100/excavators-czvg9,ya,-,1
train,rf100_image_133_jpg.rf.58b598f9a8626d96a02b6b909ee86250.txt,rf100,roboflow-100/excavators-czvg9,tidak,-,1
train,rf100_image_133_jpg.rf.58b598f9a8626d96a02b6b909ee86250_night.txt,rf100,roboflow-100/excavators-czvg9,ya,-,1
train,rf100_image_134_jpg.rf.ee4fce69e413d8a1bebf265644e3764a.txt,rf100,roboflow-100/excavators-czvg9,tidak,-,1
train,rf100_image_134_jpg.rf.ee4fce69e413d8a1bebf265644e3764a_night.txt,rf100,roboflow-100/excavators-czvg9,ya,-,1
train,rf100_image_135_jpg.rf.13fb50e3833a336561738e2fd109921d.txt,rf100,roboflow-100/excavators-czvg9,tidak,-,1
train,rf100_image_136_jpg.rf.df15e51b74badf640c5888878868ac35.txt,rf100,roboflow-100/excavators-czvg9,tidak,-,1
train,rf100_image_136_jpg.rf.df15e51b74badf640c5888878868ac35_night.txt,rf100,roboflow-100/excavators-czvg9,ya,-,1
train,rf100_image_137_jpg.rf.450a0611a817868c9a191e386175a4bf.txt,rf100,roboflow-100/excavators-czvg9,tidak,-,1
train,rf100_image_137_jpg.rf.450a0611a817868c9a191e386175a4bf_night.txt,rf100,roboflow-100/excavators-czvg9,ya,-,1
train,rf100_image_138_jpg.rf.1446de6e31ac57ff8bdef67c225dd66d.txt,rf100,roboflow-100/excavators-czvg9,tidak,-,1
train,rf100_image_139_jpg.rf.00209d3d3372c92d00d0a02124ff0a85.txt,rf100,roboflow-100/excavators-czvg9,tidak,-,1
train,rf100_image_13_jpg.rf.35f85c7277200a28dfafe45ee757796f.txt,rf100,roboflow-100/excavators-czvg9,tidak,-,1
train,rf100_image_13_jpg.rf.35f85c7277200a28dfafe45ee757796f_night.txt,rf100,roboflow-100/excavators-czvg9,ya,-,1
train,rf100_image_140_jpg.rf.ebcb1d2c6e44c150caef624908f87b52.txt,rf100,roboflow-100/excavators-czvg9,tidak,-,1
train,rf100_image_140_jpg.rf.ebcb1d2c6e44c150caef624908f87b52_night.txt,rf100,roboflow-100/excavators-czvg9,ya,-,1
train,rf100_image_141_jpg.rf.7cea148c825c1ae79d8d727607fadfd9.txt,rf100,roboflow-100/excavators-czvg9,tidak,-,1
train,rf100_image_142_jpg.rf.59af7b4fe3d8a8ef07530ba056571ee6.txt,rf100,roboflow-100/excavators-czvg9,tidak,-,1
train,rf100_image_143_jpg.rf.4cfea054c6c4dfbe96b1e5e4cddfc487.txt,rf100,roboflow-100/excavators-czvg9,tidak,-,1
train,rf100_image_143_jpg.rf.4cfea054c6c4dfbe96b1e5e4cddfc487_night.txt,rf100,roboflow-100/excavators-czvg9,ya,-,1
train,rf100_image_144_jpg.rf.78b3624bf9e838c101c67a822fb98e02.txt,rf100,roboflow-100/excavators-czvg9,tidak,-,1
train,rf100_image_144_jpg.rf.78b3624bf9e838c101c67a822fb98e02_night.txt,rf100,roboflow-100/excavators-czvg9,ya,-,1
train,rf100_image_145_jpg.rf.9382bb66cbd4cd46f21eaa29b89eb101.txt,rf100,roboflow-100/excavators-czvg9,tidak,-,1
train,rf100_image_146_jpg.rf.a5cf5413b0a1cb396f4bf44ae511eec8.txt,rf100,roboflow-100/excavators-czvg9,tidak,-,1
train,rf100_image_147_jpg.rf.79291b9b2efbc8657ae9d7a7d2ce9a2e.txt,rf100,roboflow-100/excavators-czvg9,tidak,-,2
train,rf100_image_147_jpg.rf.79291b9b2efbc8657ae9d7a7d2ce9a2e_night.txt,rf100,roboflow-100/excavators-czvg9,ya,-,2
train,rf100_image_148_jpg.rf.749906d1d0ae582993a6764bc34eee6b.txt,rf100,roboflow-100/excavators-czvg9,tidak,-,3
train,rf100_image_148_jpg.rf.749906d1d0ae582993a6764bc34eee6b_night.txt,rf100,roboflow-100/excavators-czvg9,ya,-,3
train,rf100_image_149_jpg.rf.1961224c1f8d4920bb8fd048f264d76c.txt,rf100,roboflow-100/excavators-czvg9,tidak,-,1
train,rf100_image_14_jpg.rf.67ba96bed93483a15a04c9b6b17d5db7.txt,rf100,roboflow-100/excavators-czvg9,tidak,-,1
train,rf100_image_150_jpg.rf.91b24545e8d87e6ac83389c27eb183da.txt,rf100,roboflow-100/excavators-czvg9,tidak,-,1
train,rf100_image_150_jpg.rf.91b24545e8d87e6ac83389c27eb183da_night.txt,rf100,roboflow-100/excavators-czvg9,ya,-,1
train,rf100_image_151_jpg.rf.f38801dc5548d63e8fecc625beb7ad8e.txt,rf100,roboflow-100/excavators-czvg9,tidak,-,5
train,rf100_image_152_jpg.rf.ee611c84fffdc1b81ad4021fd0d8622e.txt,rf100,roboflow-100/excavators-czvg9,tidak,-,1
train,rf100_image_152_jpg.rf.ee611c84fffdc1b81ad4021fd0d8622e_night.txt,rf100,roboflow-100/excavators-czvg9,ya,-,1
train,rf100_image_153_jpg.rf.13e8e64c120912aa3db8d525f4ce08d0.txt,rf100,roboflow-100/excavators-czvg9,tidak,-,1
train,rf100_image_154_jpg.rf.5b1e4fb1057c968d46fc01ace5c9fbb2.txt,rf100,roboflow-100/excavators-czvg9,tidak,-,1
train,rf100_image_154_jpg.rf.5b1e4fb1057c968d46fc01ace5c9fbb2_night.txt,rf100,roboflow-100/excavators-czvg9,ya,-,1
train,rf100_image_155_jpg.rf.9db2baf2c39695f079b8a84979675dab.txt,rf100,roboflow-100/excavators-czvg9,tidak,-,1
train,rf100_image_156_jpg.rf.cb56291579a52c069e0fc3ca62121a3d.txt,rf100,roboflow-100/excavators-czvg9,tidak,-,2
train,rf100_image_156_jpg.rf.cb56291579a52c069e0fc3ca62121a3d_night.txt,rf100,roboflow-100/excavators-czvg9,ya,-,2
train,rf100_image_158_jpg.rf.cc5a85ef7c2394460680c5b5d19c8b7d.txt,rf100,roboflow-100/excavators-czvg9,tidak,-,1
train,rf100_image_159_jpg.rf.277bd62eb590d70a4b6c7c1ce32af7aa.txt,rf100,roboflow-100/excavators-czvg9,tidak,-,1
train,rf100_image_159_jpg.rf.277bd62eb590d70a4b6c7c1ce32af7aa_night.txt,rf100,roboflow-100/excavators-czvg9,ya,-,1
train,rf100_image_15_jpg.rf.403a1991a4a5e68f9d72158752c6fdad.txt,rf100,roboflow-100/excavators-czvg9,tidak,-,1
train,rf100_image_160_jpg.rf.007370bbe88c1a9f6a5e3553559b6f3d.txt,rf100,roboflow-100/excavators-czvg9,tidak,-,1
train,rf100_image_161_jpg.rf.5ad868fecea5c05b8d252fe3d617dd0c.txt,rf100,roboflow-100/excavators-czvg9,tidak,-,2
train,rf100_image_161_jpg.rf.5ad868fecea5c05b8d252fe3d617dd0c_night.txt,rf100,roboflow-100/excavators-czvg9,ya,-,2
train,rf100_image_162_jpg.rf.ad6da21810a22bcb238a7d7b7d81de36.txt,rf100,roboflow-100/excavators-czvg9,tidak,-,1
train,rf100_image_162_jpg.rf.ad6da21810a22bcb238a7d7b7d81de36_night.txt,rf100,roboflow-100/excavators-czvg9,ya,-,1
train,rf100_image_163_jpg.rf.24c98e9dc032061fb9c9c8bbf1f6f3c2.txt,rf100,roboflow-100/excavators-czvg9,tidak,-,1
train,rf100_image_164_jpg.rf.e738cc1e8f2012b9cefc82fac11eb031.txt,rf100,roboflow-100/excavators-czvg9,tidak,-,1
train,rf100_image_164_jpg.rf.e738cc1e8f2012b9cefc82fac11eb031_night.txt,rf100,roboflow-100/excavators-czvg9,ya,-,1
train,rf100_image_165_jpg.rf.fc01286b2d6230d9a7b8b6ca9160caf5.txt,rf100,roboflow-100/excavators-czvg9,tidak,-,2
train,rf100_image_167_jpg.rf.80c52effcee9fe520cfbe714e104261d.txt,rf100,roboflow-100/excavators-czvg9,tidak,-,1
train,rf100_image_167_jpg.rf.80c52effcee9fe520cfbe714e104261d_night.txt,rf100,roboflow-100/excavators-czvg9,ya,-,1
train,rf100_image_168_jpg.rf.90d9fc7fc86193ee5bb18655f6546740.txt,rf100,roboflow-100/excavators-czvg9,tidak,-,3
train,rf100_image_169_jpg.rf.339779f1e1dab8c5a1accc7347df5001.txt,rf100,roboflow-100/excavators-czvg9,tidak,-,1
train,rf100_image_169_jpg.rf.339779f1e1dab8c5a1accc7347df5001_night.txt,rf100,roboflow-100/excavators-czvg9,ya,-,1
train,rf100_image_16_jpg.rf.ca62bcb13d61d49911e6e843895e2683.txt,rf100,roboflow-100/excavators-czvg9,tidak,-,1
train,rf100_image_170_jpg.rf.accd2d987874e329912190867b0f52a1.txt,rf100,roboflow-100/excavators-czvg9,tidak,-,1
train,rf100_image_171_jpg.rf.44c446513cde178ddd0db024307bffe7.txt,rf100,roboflow-100/excavators-czvg9,tidak,-,1
train,rf100_image_172_jpg.rf.7081d4eca8bd18354f55732761c17cc5.txt,rf100,roboflow-100/excavators-czvg9,tidak,-,1
train,rf100_image_172_jpg.rf.7081d4eca8bd18354f55732761c17cc5_night.txt,rf100,roboflow-100/excavators-czvg9,ya,-,1
train,rf100_image_173_jpg.rf.fd7df098554ebcfbf5c1d3ce42b412eb.txt,rf100,roboflow-100/excavators-czvg9,tidak,-,1
train,rf100_image_174_jpg.rf.e9f8f64a45f0c69cafee01845f322e2d.txt,rf100,roboflow-100/excavators-czvg9,tidak,-,1
train,rf100_image_175_jpg.rf.e732596abe8701100acbacf5cde2812e.txt,rf100,roboflow-100/excavators-czvg9,tidak,-,1
train,rf100_image_176_jpg.rf.e73f9fcb436fe624cfb6152e8816bffe.txt,rf100,roboflow-100/excavators-czvg9,tidak,-,2
train,rf100_image_176_jpg.rf.e73f9fcb436fe624cfb6152e8816bffe_night.txt,rf100,roboflow-100/excavators-czvg9,ya,-,2
train,rf100_image_177_jpg.rf.9547aebb66c72a5690b70f567f117a24.txt,rf100,roboflow-100/excavators-czvg9,tidak,-,2
train,rf100_image_177_jpg.rf.9547aebb66c72a5690b70f567f117a24_night.txt,rf100,roboflow-100/excavators-czvg9,ya,-,2
train,rf100_image_178_jpg.rf.2aedd2f98ddbc3a8a629c3dacea3721f.txt,rf100,roboflow-100/excavators-czvg9,tidak,-,1
train,rf100_image_179_jpg.rf.32acf18580898d9e9eb33054464d6170.txt,rf100,roboflow-100/excavators-czvg9,tidak,-,3
train,rf100_image_17_jpg.rf.03c20012ddd099018cb109b70d36e8bb.txt,rf100,roboflow-100/excavators-czvg9,tidak,-,1
train,rf100_image_17_jpg.rf.03c20012ddd099018cb109b70d36e8bb_night.txt,rf100,roboflow-100/excavators-czvg9,ya,-,1
train,rf100_image_180_jpg.rf.45147bff2ef1715cf4b008a760178ece.txt,rf100,roboflow-100/excavators-czvg9,tidak,-,1
train,rf100_image_181_jpg.rf.963931977b866f788ddce8e57b25683e.txt,rf100,roboflow-100/excavators-czvg9,tidak,-,2
train,rf100_image_182_jpg.rf.11cc54ce462d8ce1431837324234090d.txt,rf100,roboflow-100/excavators-czvg9,tidak,-,1
train,rf100_image_183_jpg.rf.36a03c83aa3039e610e7b1039de89a7b.txt,rf100,roboflow-100/excavators-czvg9,tidak,-,1
train,rf100_image_183_jpg.rf.36a03c83aa3039e610e7b1039de89a7b_night.txt,rf100,roboflow-100/excavators-czvg9,ya,-,1
train,rf100_image_184_jpg.rf.ac987ed968d95afe6ea372b8f4a29d28.txt,rf100,roboflow-100/excavators-czvg9,tidak,-,1
train,rf100_image_184_jpg.rf.ac987ed968d95afe6ea372b8f4a29d28_night.txt,rf100,roboflow-100/excavators-czvg9,ya,-,1
train,rf100_image_185_jpg.rf.2a8043c266d6f9cbdcf67fecb1d6bd51.txt,rf100,roboflow-100/excavators-czvg9,tidak,-,1
train,rf100_image_186_jpg.rf.64c8cce164cf73e3eaf6c086f1bcfe80.txt,rf100,roboflow-100/excavators-czvg9,tidak,-,1
train,rf100_image_187_jpg.rf.338b667d2285985a93264bf7f43342e0.txt,rf100,roboflow-100/excavators-czvg9,tidak,-,1
train,rf100_image_187_jpg.rf.338b667d2285985a93264bf7f43342e0_night.txt,rf100,roboflow-100/excavators-czvg9,ya,-,1
train,rf100_image_188_jpg.rf.bb3ccadba78556e16c22bece6f8708b3.txt,rf100,roboflow-100/excavators-czvg9,tidak,-,1
train,rf100_image_189_jpg.rf.9a19922d2533774b2214031e5a911373.txt,rf100,roboflow-100/excavators-czvg9,tidak,-,1
train,rf100_image_189_jpg.rf.9a19922d2533774b2214031e5a911373_night.txt,rf100,roboflow-100/excavators-czvg9,ya,-,1
train,rf100_image_18_jpg.rf.2edb591337bef65d1911f1a53fbc9c3a.txt,rf100,roboflow-100/excavators-czvg9,tidak,-,1
train,rf100_image_18_jpg.rf.2edb591337bef65d1911f1a53fbc9c3a_night.txt,rf100,roboflow-100/excavators-czvg9,ya,-,1
train,rf100_image_190_jpg.rf.7a5f5e57739f535391f772bae4466897.txt,rf100,roboflow-100/excavators-czvg9,tidak,-,2
train,rf100_image_190_jpg.rf.7a5f5e57739f535391f772bae4466897_night.txt,rf100,roboflow-100/excavators-czvg9,ya,-,2
train,rf100_image_191_jpg.rf.470ce035cea2a0c052edb120fa0e3fea.txt,rf100,roboflow-100/excavators-czvg9,tidak,-,1
train,rf100_image_191_jpg.rf.470ce035cea2a0c052edb120fa0e3fea_night.txt,rf100,roboflow-100/excavators-czvg9,ya,-,1
train,rf100_image_192_jpg.rf.821ab71e28e479ae8cec9f9737603a92.txt,rf100,roboflow-100/excavators-czvg9,tidak,-,1
train,rf100_image_192_jpg.rf.821ab71e28e479ae8cec9f9737603a92_night.txt,rf100,roboflow-100/excavators-czvg9,ya,-,1
train,rf100_image_193_jpg.rf.0c5d199df547b79d1a0e562d8a945bdf.txt,rf100,roboflow-100/excavators-czvg9,tidak,-,1
train,rf100_image_193_jpg.rf.0c5d199df547b79d1a0e562d8a945bdf_night.txt,rf100,roboflow-100/excavators-czvg9,ya,-,1
train,rf100_image_194_jpg.rf.fac6ca27695dad3e8f0888a584a324f3.txt,rf100,roboflow-100/excavators-czvg9,tidak,-,2
train,rf100_image_194_jpg.rf.fac6ca27695dad3e8f0888a584a324f3_night.txt,rf100,roboflow-100/excavators-czvg9,ya,-,2
train,rf100_image_195_jpg.rf.7d54ee3f86f8cd91451d26b76caf8895.txt,rf100,roboflow-100/excavators-czvg9,tidak,-,1
train,rf100_image_196_jpg.rf.ba19cc8e29567a7a8fe92e27e925fb8b.txt,rf100,roboflow-100/excavators-czvg9,tidak,-,1
train,rf100_image_197_jpg.rf.9d5a926b625eb64e643c6e2d65812c5c.txt,rf100,roboflow-100/excavators-czvg9,tidak,-,1
train,rf100_image_197_jpg.rf.9d5a926b625eb64e643c6e2d65812c5c_night.txt,rf100,roboflow-100/excavators-czvg9,ya,-,1
train,rf100_image_198_jpg.rf.ccfcffa19d5f981885e16aab6a3d2920.txt,rf100,roboflow-100/excavators-czvg9,tidak,-,1
train,rf100_image_198_jpg.rf.ccfcffa19d5f981885e16aab6a3d2920_night.txt,rf100,roboflow-100/excavators-czvg9,ya,-,1
train,rf100_image_199_jpg.rf.f735ba8e0affef109ed3baea327a1b49.txt,rf100,roboflow-100/excavators-czvg9,tidak,-,1
train,rf100_image_19_jpg.rf.fa165a53df966cc423def6ed1638c766.txt,rf100,roboflow-100/excavators-czvg9,tidak,-,1
train,rf100_image_1_jpg.rf.9950d5475d608b6ecad0b2c33a93760c.txt,rf100,roboflow-100/excavators-czvg9,tidak,-,2
train,rf100_image_1_jpg.rf.9950d5475d608b6ecad0b2c33a93760c_night.txt,rf100,roboflow-100/excavators-czvg9,ya,-,2
train,rf100_image_200_jpg.rf.846380b0f19a995fe4b022f7205928a5.txt,rf100,roboflow-100/excavators-czvg9,tidak,-,1
train,rf100_image_200_jpg.rf.846380b0f19a995fe4b022f7205928a5_night.txt,rf100,roboflow-100/excavators-czvg9,ya,-,1
train,rf100_image_201_jpg.rf.fba840ecfca9e792a1478e6ae0c2538e.txt,rf100,roboflow-100/excavators-czvg9,tidak,-,1
train,rf100_image_202_jpg.rf.5a367c18b2da4cbb6fdcc3cec881ff84.txt,rf100,roboflow-100/excavators-czvg9,tidak,-,1
train,rf100_image_202_jpg.rf.5a367c18b2da4cbb6fdcc3cec881ff84_night.txt,rf100,roboflow-100/excavators-czvg9,ya,-,1
train,rf100_image_203_jpg.rf.0ca18fb293ecb722e2e2d26fc2c3e237.txt,rf100,roboflow-100/excavators-czvg9,tidak,-,1
train,rf100_image_203_jpg.rf.0ca18fb293ecb722e2e2d26fc2c3e237_night.txt,rf100,roboflow-100/excavators-czvg9,ya,-,1
train,rf100_image_204_jpg.rf.f5de9cab2f6bf6b7c3fcf83ddc37e5c5.txt,rf100,roboflow-100/excavators-czvg9,tidak,-,1
train,rf100_image_204_jpg.rf.f5de9cab2f6bf6b7c3fcf83ddc37e5c5_night.txt,rf100,roboflow-100/excavators-czvg9,ya,-,1
train,rf100_image_205_jpg.rf.9b30e9718f9672ff39f12afd318b797a.txt,rf100,roboflow-100/excavators-czvg9,tidak,-,1
train,rf100_image_206_jpg.rf.b4c66185a27d4cee6efd38a032e70b95.txt,rf100,roboflow-100/excavators-czvg9,tidak,-,1
train,rf100_image_206_jpg.rf.b4c66185a27d4cee6efd38a032e70b95_night.txt,rf100,roboflow-100/excavators-czvg9,ya,-,1
train,rf100_image_207_jpg.rf.6c201e140bd2f19ac373312c979a464a.txt,rf100,roboflow-100/excavators-czvg9,tidak,-,1
train,rf100_image_208_jpg.rf.20eb6915df61cfedb55e3d3acf227c1e.txt,rf100,roboflow-100/excavators-czvg9,tidak,-,1
train,rf100_image_209_jpg.rf.c210a73c3067e0aa0fe86564b1d8bc4f.txt,rf100,roboflow-100/excavators-czvg9,tidak,-,1
train,rf100_image_209_jpg.rf.c210a73c3067e0aa0fe86564b1d8bc4f_night.txt,rf100,roboflow-100/excavators-czvg9,ya,-,1
train,rf100_image_20_jpg.rf.289b2c7a4b67d47cf8f6cee7a5a1f0a7.txt,rf100,roboflow-100/excavators-czvg9,tidak,-,1
train,rf100_image_210_jpg.rf.9dfe88f8c1bafe2a845377b62e1c1280.txt,rf100,roboflow-100/excavators-czvg9,tidak,-,0
train,rf100_image_211_jpg.rf.afb8696f2b603edb55fdf821bda5566f.txt,rf100,roboflow-100/excavators-czvg9,tidak,-,1
train,rf100_image_211_jpg.rf.afb8696f2b603edb55fdf821bda5566f_night.txt,rf100,roboflow-100/excavators-czvg9,ya,-,1
train,rf100_image_212_jpg.rf.22fed0eb157755631211d283813d9931.txt,rf100,roboflow-100/excavators-czvg9,tidak,-,1
train,rf100_image_213_jpg.rf.7c898321c6d8c1e53bf44a8ae75f3d4b.txt,rf100,roboflow-100/excavators-czvg9,tidak,-,1
train,rf100_image_213_jpg.rf.7c898321c6d8c1e53bf44a8ae75f3d4b_night.txt,rf100,roboflow-100/excavators-czvg9,ya,-,1
train,rf100_image_214_jpg.rf.54585a4ae08123fd96e1eea2a7ed82d7.txt,rf100,roboflow-100/excavators-czvg9,tidak,-,1
train,rf100_image_215_jpg.rf.564863244bfbecfe8a2c0646837623c5.txt,rf100,roboflow-100/excavators-czvg9,tidak,-,1
train,rf100_image_215_jpg.rf.564863244bfbecfe8a2c0646837623c5_night.txt,rf100,roboflow-100/excavators-czvg9,ya,-,1
train,rf100_image_217_jpg.rf.1eb038712ab018b3776e1581edba60d3.txt,rf100,roboflow-100/excavators-czvg9,tidak,-,2
train,rf100_image_218_jpg.rf.79797e0a9dee28e0eb3d912ba9079947.txt,rf100,roboflow-100/excavators-czvg9,tidak,-,1
train,rf100_image_218_jpg.rf.79797e0a9dee28e0eb3d912ba9079947_night.txt,rf100,roboflow-100/excavators-czvg9,ya,-,1
train,rf100_image_219_jpg.rf.429d30641a3875564a000cfbd7d14936.txt,rf100,roboflow-100/excavators-czvg9,tidak,-,1
train,rf100_image_21_jpg.rf.ff0f5def6718980a0123383e14503a0b.txt,rf100,roboflow-100/excavators-czvg9,tidak,-,1
train,rf100_image_21_jpg.rf.ff0f5def6718980a0123383e14503a0b_night.txt,rf100,roboflow-100/excavators-czvg9,ya,-,1
train,rf100_image_220_jpg.rf.eb5a83a642cc6e349bebf02a3f7d986f.txt,rf100,roboflow-100/excavators-czvg9,tidak,-,1
train,rf100_image_220_jpg.rf.eb5a83a642cc6e349bebf02a3f7d986f_night.txt,rf100,roboflow-100/excavators-czvg9,ya,-,1
train,rf100_image_221_jpg.rf.e89c44b501189b40dc5b5198390e1607.txt,rf100,roboflow-100/excavators-czvg9,tidak,-,1
train,rf100_image_222_jpg.rf.c5be05e780e47a143b96a0f5f20ead8d.txt,rf100,roboflow-100/excavators-czvg9,tidak,-,1
train,rf100_image_222_jpg.rf.c5be05e780e47a143b96a0f5f20ead8d_night.txt,rf100,roboflow-100/excavators-czvg9,ya,-,1
train,rf100_image_223_jpg.rf.1784e9294569be22e4d786da320d5f73.txt,rf100,roboflow-100/excavators-czvg9,tidak,-,1
train,rf100_image_224_jpg.rf.08e840b56250f8c6e1102dda6d238874.txt,rf100,roboflow-100/excavators-czvg9,tidak,-,2
train,rf100_image_224_jpg.rf.08e840b56250f8c6e1102dda6d238874_night.txt,rf100,roboflow-100/excavators-czvg9,ya,-,2
train,rf100_image_225_jpg.rf.f24bc2730d819114a69a340b25b5b9b0.txt,rf100,roboflow-100/excavators-czvg9,tidak,-,1
train,rf100_image_226_jpg.rf.b5d10c40b68f1b2db91ca66ab6b7063e.txt,rf100,roboflow-100/excavators-czvg9,tidak,-,3
train,rf100_image_226_jpg.rf.b5d10c40b68f1b2db91ca66ab6b7063e_night.txt,rf100,roboflow-100/excavators-czvg9,ya,-,3
train,rf100_image_227_jpg.rf.245e67023e23809ae51c95df24c7634b.txt,rf100,roboflow-100/excavators-czvg9,tidak,-,1
train,rf100_image_228_jpg.rf.a445fa65c18a33dd84e2a4a214e999fc.txt,rf100,roboflow-100/excavators-czvg9,tidak,-,1
train,rf100_image_228_jpg.rf.a445fa65c18a33dd84e2a4a214e999fc_night.txt,rf100,roboflow-100/excavators-czvg9,ya,-,1
train,rf100_image_229_jpg.rf.da4e9a82441b3c2ca8e35893802fbf0b.txt,rf100,roboflow-100/excavators-czvg9,tidak,-,2
train,rf100_image_229_jpg.rf.da4e9a82441b3c2ca8e35893802fbf0b_night.txt,rf100,roboflow-100/excavators-czvg9,ya,-,2
train,rf100_image_22_jpg.rf.aac412bd02fbbdf28b59612c4012543b.txt,rf100,roboflow-100/excavators-czvg9,tidak,-,1
train,rf100_image_22_jpg.rf.aac412bd02fbbdf28b59612c4012543b_night.txt,rf100,roboflow-100/excavators-czvg9,ya,-,1
train,rf100_image_230_jpg.rf.366f9e9fe4efd55589f6d1f1dfd0d5f8.txt,rf100,roboflow-100/excavators-czvg9,tidak,-,1
train,rf100_image_231_jpg.rf.aad5dcb53565865dc658e5f4d431a334.txt,rf100,roboflow-100/excavators-czvg9,tidak,-,2
train,rf100_image_232_jpg.rf.a4307698e26197f6fe844cdd2647fe70.txt,rf100,roboflow-100/excavators-czvg9,tidak,-,2
train,rf100_image_232_jpg.rf.a4307698e26197f6fe844cdd2647fe70_night.txt,rf100,roboflow-100/excavators-czvg9,ya,-,2
train,rf100_image_233_jpg.rf.497144406fab79651c05b26d3c19effc.txt,rf100,roboflow-100/excavators-czvg9,tidak,-,1
train,rf100_image_234_jpg.rf.53f5a877800c070f9f37123b34b47862.txt,rf100,roboflow-100/excavators-czvg9,tidak,-,1
train,rf100_image_235_jpg.rf.07709925465909d3b695ca544062eebf.txt,rf100,roboflow-100/excavators-czvg9,tidak,-,2
train,rf100_image_236_jpg.rf.de762780b5480da2c954bf2cf4512e99.txt,rf100,roboflow-100/excavators-czvg9,tidak,-,1
train,rf100_image_237_jpg.rf.a78a025982a5bdf8aa6b7775e706734a.txt,rf100,roboflow-100/excavators-czvg9,tidak,-,2
train,rf100_image_238_jpg.rf.87b0e9db9d65f60da7f484535ef4c754.txt,rf100,roboflow-100/excavators-czvg9,tidak,-,1
train,rf100_image_238_jpg.rf.87b0e9db9d65f60da7f484535ef4c754_night.txt,rf100,roboflow-100/excavators-czvg9,ya,-,1
train,rf100_image_239_jpg.rf.9e263be5a0902015b4179325b14a3360.txt,rf100,roboflow-100/excavators-czvg9,tidak,-,1
train,rf100_image_239_jpg.rf.9e263be5a0902015b4179325b14a3360_night.txt,rf100,roboflow-100/excavators-czvg9,ya,-,1
train,rf100_image_23_jpg.rf.72507df55de872bdcf8dd7d029ef1cf9.txt,rf100,roboflow-100/excavators-czvg9,tidak,-,1
train,rf100_image_23_jpg.rf.72507df55de872bdcf8dd7d029ef1cf9_night.txt,rf100,roboflow-100/excavators-czvg9,ya,-,1
train,rf100_image_240_jpg.rf.2ed0ed8ab78f06f875ed9a3212043287.txt,rf100,roboflow-100/excavators-czvg9,tidak,-,2
train,rf100_image_241_jpg.rf.877f60920041cf5e6ef2e83ade4f3378.txt,rf100,roboflow-100/excavators-czvg9,tidak,-,2
train,rf100_image_241_jpg.rf.877f60920041cf5e6ef2e83ade4f3378_night.txt,rf100,roboflow-100/excavators-czvg9,ya,-,2
train,rf100_image_242_jpg.rf.c644dfc47cb699d418260dc8f24d774d.txt,rf100,roboflow-100/excavators-czvg9,tidak,-,1
train,rf100_image_242_jpg.rf.c644dfc47cb699d418260dc8f24d774d_night.txt,rf100,roboflow-100/excavators-czvg9,ya,-,1
train,rf100_image_243_jpg.rf.f57a57e00e702d2f1ddc6688648b1c42.txt,rf100,roboflow-100/excavators-czvg9,tidak,-,3
train,rf100_image_244_jpg.rf.dc5ecdaca734c7a7ac18230a54db661a.txt,rf100,roboflow-100/excavators-czvg9,tidak,-,1
train,rf100_image_245_jpg.rf.ea441432b014a3494e70ac127311fa6a.txt,rf100,roboflow-100/excavators-czvg9,tidak,-,1
train,rf100_image_246_jpg.rf.47a3967200b30717524c7a59f2fab739.txt,rf100,roboflow-100/excavators-czvg9,tidak,-,1
train,rf100_image_249_jpg.rf.7e53f9bbefdd36ae12d3e0e91dbe31c4.txt,rf100,roboflow-100/excavators-czvg9,tidak,-,1
train,rf100_image_249_jpg.rf.7e53f9bbefdd36ae12d3e0e91dbe31c4_night.txt,rf100,roboflow-100/excavators-czvg9,ya,-,1
train,rf100_image_24_jpg.rf.1968e06cbd82e5012fdd853e9cfa67d6.txt,rf100,roboflow-100/excavators-czvg9,tidak,-,1
train,rf100_image_24_jpg.rf.1968e06cbd82e5012fdd853e9cfa67d6_night.txt,rf100,roboflow-100/excavators-czvg9,ya,-,1
train,rf100_image_250_jpg.rf.0e24c83117b918e4030e33c197c253cb.txt,rf100,roboflow-100/excavators-czvg9,tidak,-,1
train,rf100_image_252_jpg.rf.2d6776e91f935cfad28a8a60fd3ce10a.txt,rf100,roboflow-100/excavators-czvg9,tidak,-,1
train,rf100_image_253_jpg.rf.2ce884017733f8429ada72c1a69ff139.txt,rf100,roboflow-100/excavators-czvg9,tidak,-,2
train,rf100_image_253_jpg.rf.2ce884017733f8429ada72c1a69ff139_night.txt,rf100,roboflow-100/excavators-czvg9,ya,-,2
train,rf100_image_254_jpg.rf.903cfeebc7da8e15e3abde716ae2be94.txt,rf100,roboflow-100/excavators-czvg9,tidak,-,1
train,rf100_image_255_jpg.rf.80bbc0685261105f37eeb77bb2192cd6.txt,rf100,roboflow-100/excavators-czvg9,tidak,-,1
train,rf100_image_256_jpg.rf.97e153dd38f760afdc15c6862aa88d9f.txt,rf100,roboflow-100/excavators-czvg9,tidak,-,2
train,rf100_image_256_jpg.rf.97e153dd38f760afdc15c6862aa88d9f_night.txt,rf100,roboflow-100/excavators-czvg9,ya,-,2
train,rf100_image_257_jpg.rf.bb23ded7868d1257fd3295ac7526b9fd.txt,rf100,roboflow-100/excavators-czvg9,tidak,-,1
train,rf100_image_257_jpg.rf.bb23ded7868d1257fd3295ac7526b9fd_night.txt,rf100,roboflow-100/excavators-czvg9,ya,-,1
train,rf100_image_258_jpg.rf.d192ec90c4245ef4e45fc081f58588ed.txt,rf100,roboflow-100/excavators-czvg9,tidak,-,4
train,rf100_image_259_jpg.rf.39d29c13465ff423bd6fcf370ccc6d15.txt,rf100,roboflow-100/excavators-czvg9,tidak,-,2
train,rf100_image_25_jpg.rf.01dbcc5d29a9e1c2eb370fa694e87f5c.txt,rf100,roboflow-100/excavators-czvg9,tidak,-,1
train,rf100_image_25_jpg.rf.01dbcc5d29a9e1c2eb370fa694e87f5c_night.txt,rf100,roboflow-100/excavators-czvg9,ya,-,1
train,rf100_image_260_jpg.rf.f436967ae6d90ba4adce5ce6c07cc977.txt,rf100,roboflow-100/excavators-czvg9,tidak,-,1
train,rf100_image_260_jpg.rf.f436967ae6d90ba4adce5ce6c07cc977_night.txt,rf100,roboflow-100/excavators-czvg9,ya,-,1
train,rf100_image_262_jpg.rf.8023afc53fe0b2ebe587483b2e91d747.txt,rf100,roboflow-100/excavators-czvg9,tidak,-,1
train,rf100_image_262_jpg.rf.8023afc53fe0b2ebe587483b2e91d747_night.txt,rf100,roboflow-100/excavators-czvg9,ya,-,1
train,rf100_image_263_jpg.rf.2c429b1ff41fcc47875d45a860909e97.txt,rf100,roboflow-100/excavators-czvg9,tidak,-,1
train,rf100_image_264_jpg.rf.10789be8ef0a854790770bbafdab254c.txt,rf100,roboflow-100/excavators-czvg9,tidak,-,1
train,rf100_image_265_jpg.rf.bae0ff401504c0760965dedad8dd59fc.txt,rf100,roboflow-100/excavators-czvg9,tidak,-,1
train,rf100_image_265_jpg.rf.bae0ff401504c0760965dedad8dd59fc_night.txt,rf100,roboflow-100/excavators-czvg9,ya,-,1
train,rf100_image_266_jpg.rf.a5f507d0a4dd451dfc81262c6f1e4999.txt,rf100,roboflow-100/excavators-czvg9,tidak,-,1
train,rf100_image_266_jpg.rf.a5f507d0a4dd451dfc81262c6f1e4999_night.txt,rf100,roboflow-100/excavators-czvg9,ya,-,1
train,rf100_image_267_jpg.rf.09aa9825c3a4e5bff7bf361a596dcea7.txt,rf100,roboflow-100/excavators-czvg9,tidak,-,1
train,rf100_image_269_jpg.rf.409797636faeee472b1ee24f096b0ded.txt,rf100,roboflow-100/excavators-czvg9,tidak,-,1
train,rf100_image_26_jpg.rf.b6fe38b1ab50551d878a924db52ada15.txt,rf100,roboflow-100/excavators-czvg9,tidak,-,1
train,rf100_image_26_jpg.rf.b6fe38b1ab50551d878a924db52ada15_night.txt,rf100,roboflow-100/excavators-czvg9,ya,-,1
train,rf100_image_270_jpg.rf.2b65848dc5335d6964c89bf913795a98.txt,rf100,roboflow-100/excavators-czvg9,tidak,-,1
train,rf100_image_272_jpg.rf.a3b2fca6e6d134332d1aa015ea9219a0.txt,rf100,roboflow-100/excavators-czvg9,tidak,-,1
train,rf100_image_273_jpg.rf.c46bf9158a08e581899cdb4a6f263270.txt,rf100,roboflow-100/excavators-czvg9,tidak,-,1
train,rf100_image_273_jpg.rf.c46bf9158a08e581899cdb4a6f263270_night.txt,rf100,roboflow-100/excavators-czvg9,ya,-,1
train,rf100_image_274_jpg.rf.221ec934de69d22a8023dd6e5da0b7bb.txt,rf100,roboflow-100/excavators-czvg9,tidak,-,1
train,rf100_image_274_jpg.rf.221ec934de69d22a8023dd6e5da0b7bb_night.txt,rf100,roboflow-100/excavators-czvg9,ya,-,1
train,rf100_image_275_jpg.rf.46c9f29da563003c226535a3e9262ad4.txt,rf100,roboflow-100/excavators-czvg9,tidak,-,2
train,rf100_image_276_jpg.rf.0c175a0a47c4ee4f0d0e2b564a7f5651.txt,rf100,roboflow-100/excavators-czvg9,tidak,-,1
train,rf100_image_277_jpg.rf.ecf5948c9c18a1ed038a90a624778530.txt,rf100,roboflow-100/excavators-czvg9,tidak,-,1
train,rf100_image_277_jpg.rf.ecf5948c9c18a1ed038a90a624778530_night.txt,rf100,roboflow-100/excavators-czvg9,ya,-,1
train,rf100_image_278_jpg.rf.6d663cf6f98a8cd360b7687c6cac33e5.txt,rf100,roboflow-100/excavators-czvg9,tidak,-,1
train,rf100_image_279_jpg.rf.43a29ac924ae32d5f46483d1ab6a479c.txt,rf100,roboflow-100/excavators-czvg9,tidak,-,1
train,rf100_image_27_jpg.rf.87eee1ccec16fca22472bf53f79ba967.txt,rf100,roboflow-100/excavators-czvg9,tidak,-,1
train,rf100_image_280_jpg.rf.eb645881c8a1be96d72ff7f0801ffc78.txt,rf100,roboflow-100/excavators-czvg9,tidak,-,2
train,rf100_image_281_jpg.rf.8adf273d805688201e43278f451e07e6.txt,rf100,roboflow-100/excavators-czvg9,tidak,-,1
train,rf100_image_282_jpg.rf.3288a1320c3b3f6c75570feb0c8240dc.txt,rf100,roboflow-100/excavators-czvg9,tidak,-,1
train,rf100_image_282_jpg.rf.3288a1320c3b3f6c75570feb0c8240dc_night.txt,rf100,roboflow-100/excavators-czvg9,ya,-,1
train,rf100_image_283_jpg.rf.5df563022301e9820b20dfe656adf791.txt,rf100,roboflow-100/excavators-czvg9,tidak,-,1
train,rf100_image_283_jpg.rf.5df563022301e9820b20dfe656adf791_night.txt,rf100,roboflow-100/excavators-czvg9,ya,-,1
train,rf100_image_284_jpg.rf.965efe62a4fa82db10214dd92f5ba48f.txt,rf100,roboflow-100/excavators-czvg9,tidak,-,1
train,rf100_image_285_jpg.rf.8dffc78538181cce4789a69754bd8a98.txt,rf100,roboflow-100/excavators-czvg9,tidak,-,1
train,rf100_image_286_jpg.rf.8d080d347f8bab7e0ad8317cb1a34c78.txt,rf100,roboflow-100/excavators-czvg9,tidak,-,1
train,rf100_image_286_jpg.rf.8d080d347f8bab7e0ad8317cb1a34c78_night.txt,rf100,roboflow-100/excavators-czvg9,ya,-,1
train,rf100_image_287_jpg.rf.e7c90339d3f9fcb43d3e21609b78c81f.txt,rf100,roboflow-100/excavators-czvg9,tidak,-,1
train,rf100_image_287_jpg.rf.e7c90339d3f9fcb43d3e21609b78c81f_night.txt,rf100,roboflow-100/excavators-czvg9,ya,-,1
train,rf100_image_288_jpg.rf.7688996d6871ce55ccb45c65edb7c4eb.txt,rf100,roboflow-100/excavators-czvg9,tidak,-,1
train,rf100_image_288_jpg.rf.7688996d6871ce55ccb45c65edb7c4eb_night.txt,rf100,roboflow-100/excavators-czvg9,ya,-,1
train,rf100_image_289_jpg.rf.300c51d81199f321b36d40d0813916ee.txt,rf100,roboflow-100/excavators-czvg9,tidak,-,1
train,rf100_image_28_jpg.rf.94318a0ed225c8acf8d5c5dfab8805d4.txt,rf100,roboflow-100/excavators-czvg9,tidak,-,1
train,rf100_image_28_jpg.rf.94318a0ed225c8acf8d5c5dfab8805d4_night.txt,rf100,roboflow-100/excavators-czvg9,ya,-,1
train,rf100_image_290_jpg.rf.4086b3e9fd27886da1349416d3778b17.txt,rf100,roboflow-100/excavators-czvg9,tidak,-,1
train,rf100_image_290_jpg.rf.4086b3e9fd27886da1349416d3778b17_night.txt,rf100,roboflow-100/excavators-czvg9,ya,-,1
train,rf100_image_291_jpg.rf.60285a24182b439ee98a09ee58f10cb8.txt,rf100,roboflow-100/excavators-czvg9,tidak,-,2
train,rf100_image_292_jpg.rf.d076b32b5470acfdf2f63c5c13c916c3.txt,rf100,roboflow-100/excavators-czvg9,tidak,-,1
train,rf100_image_293_jpg.rf.96a93484cd29b57be84a2b754ac95d5a.txt,rf100,roboflow-100/excavators-czvg9,tidak,-,1
train,rf100_image_293_jpg.rf.96a93484cd29b57be84a2b754ac95d5a_night.txt,rf100,roboflow-100/excavators-czvg9,ya,-,1
train,rf100_image_294_jpg.rf.0dd4cefaa6cb64c176cbae8ebcbe1fca.txt,rf100,roboflow-100/excavators-czvg9,tidak,-,1
train,rf100_image_294_jpg.rf.0dd4cefaa6cb64c176cbae8ebcbe1fca_night.txt,rf100,roboflow-100/excavators-czvg9,ya,-,1
train,rf100_image_295_jpg.rf.3a8c843e915e758ad99b27caa68a6af2.txt,rf100,roboflow-100/excavators-czvg9,tidak,-,2
train,rf100_image_296_jpg.rf.5cbd612cc59d843c0a01ec270554b3c8.txt,rf100,roboflow-100/excavators-czvg9,tidak,-,1
train,rf100_image_297_jpg.rf.e0cbeef965b25965f0aee38c91dcf592.txt,rf100,roboflow-100/excavators-czvg9,tidak,-,1
train,rf100_image_297_jpg.rf.e0cbeef965b25965f0aee38c91dcf592_night.txt,rf100,roboflow-100/excavators-czvg9,ya,-,1
train,rf100_image_298_jpg.rf.9937c910fdb6feddbf7f0e126e69f4b1.txt,rf100,roboflow-100/excavators-czvg9,tidak,-,1
train,rf100_image_298_jpg.rf.9937c910fdb6feddbf7f0e126e69f4b1_night.txt,rf100,roboflow-100/excavators-czvg9,ya,-,1
train,rf100_image_299_jpg.rf.ded339aa6dc5c00689889e26f20ee747.txt,rf100,roboflow-100/excavators-czvg9,tidak,-,1
train,rf100_image_29_jpg.rf.387417504d72cfc61b2670c4dc5d5840.txt,rf100,roboflow-100/excavators-czvg9,tidak,-,2
train,rf100_image_2_jpg.rf.0425ed71c5751cd2ad38f181b2cdc245.txt,rf100,roboflow-100/excavators-czvg9,tidak,-,2
train,rf100_image_300_jpg.rf.3f26a59782331079a8839021e05832da.txt,rf100,roboflow-100/excavators-czvg9,tidak,-,1
train,rf100_image_300_jpg.rf.3f26a59782331079a8839021e05832da_night.txt,rf100,roboflow-100/excavators-czvg9,ya,-,1
train,rf100_image_301_jpg.rf.228f4f549c55b768dec45f16f7cb8b20.txt,rf100,roboflow-100/excavators-czvg9,tidak,-,1
train,rf100_image_302_jpg.rf.18d6cf0ce3f44c723fe091dac29b2d60.txt,rf100,roboflow-100/excavators-czvg9,tidak,-,2
train,rf100_image_302_jpg.rf.18d6cf0ce3f44c723fe091dac29b2d60_night.txt,rf100,roboflow-100/excavators-czvg9,ya,-,2
train,rf100_image_303_jpg.rf.f8cc417edbc36530bde12bd1c8287cc6.txt,rf100,roboflow-100/excavators-czvg9,tidak,-,1
train,rf100_image_304_jpg.rf.64572a8367e455c89ca0d70da294c7b2.txt,rf100,roboflow-100/excavators-czvg9,tidak,-,1
train,rf100_image_304_jpg.rf.64572a8367e455c89ca0d70da294c7b2_night.txt,rf100,roboflow-100/excavators-czvg9,ya,-,1
train,rf100_image_305_jpg.rf.793d8f55010b342181a2e0c87b948a23.txt,rf100,roboflow-100/excavators-czvg9,tidak,-,1
train,rf100_image_305_jpg.rf.793d8f55010b342181a2e0c87b948a23_night.txt,rf100,roboflow-100/excavators-czvg9,ya,-,1
train,rf100_image_306_jpg.rf.3b9ae5965a1b9264f896f7f6a06f0170.txt,rf100,roboflow-100/excavators-czvg9,tidak,-,2
train,rf100_image_306_jpg.rf.3b9ae5965a1b9264f896f7f6a06f0170_night.txt,rf100,roboflow-100/excavators-czvg9,ya,-,2
train,rf100_image_307_jpg.rf.fc48021439e5713be08f7aeabfbd217c.txt,rf100,roboflow-100/excavators-czvg9,tidak,-,1
train,rf100_image_307_jpg.rf.fc48021439e5713be08f7aeabfbd217c_night.txt,rf100,roboflow-100/excavators-czvg9,ya,-,1
train,rf100_image_308_jpg.rf.2feaf7a7d58eabbd055714e6427ce546.txt,rf100,roboflow-100/excavators-czvg9,tidak,-,3
train,rf100_image_308_jpg.rf.2feaf7a7d58eabbd055714e6427ce546_night.txt,rf100,roboflow-100/excavators-czvg9,ya,-,3
train,rf100_image_309_jpg.rf.80aa8616edf3ceecc7e3531adba5a1a4.txt,rf100,roboflow-100/excavators-czvg9,tidak,-,3
train,rf100_image_309_jpg.rf.80aa8616edf3ceecc7e3531adba5a1a4_night.txt,rf100,roboflow-100/excavators-czvg9,ya,-,3
train,rf100_image_30_jpg.rf.39649da3d81421ff3989d065f1e8185b.txt,rf100,roboflow-100/excavators-czvg9,tidak,-,3
train,rf100_image_310_jpg.rf.455634799febd8b196ae67a0650b1b60.txt,rf100,roboflow-100/excavators-czvg9,tidak,-,2
train,rf100_image_310_jpg.rf.455634799febd8b196ae67a0650b1b60_night.txt,rf100,roboflow-100/excavators-czvg9,ya,-,2
train,rf100_image_311_jpg.rf.68495e1eaf24e3b6def18031fd8a864f.txt,rf100,roboflow-100/excavators-czvg9,tidak,-,1
train,rf100_image_312_jpg.rf.9918f95db9768ac493b48bf5be837a29.txt,rf100,roboflow-100/excavators-czvg9,tidak,-,1
train,rf100_image_312_jpg.rf.9918f95db9768ac493b48bf5be837a29_night.txt,rf100,roboflow-100/excavators-czvg9,ya,-,1
train,rf100_image_313_jpg.rf.05a612c7666db9541f98ab1d7998170c.txt,rf100,roboflow-100/excavators-czvg9,tidak,-,1
train,rf100_image_314_jpg.rf.6569cefd619b35ac890c76dd885b953f.txt,rf100,roboflow-100/excavators-czvg9,tidak,-,1
train,rf100_image_314_jpg.rf.6569cefd619b35ac890c76dd885b953f_night.txt,rf100,roboflow-100/excavators-czvg9,ya,-,1
train,rf100_image_316_jpg.rf.346ef55a67df163c0e10d9c3d66669c3.txt,rf100,roboflow-100/excavators-czvg9,tidak,-,2
train,rf100_image_317_jpg.rf.a13778726b317df5b35664500361e230.txt,rf100,roboflow-100/excavators-czvg9,tidak,-,2
train,rf100_image_317_jpg.rf.a13778726b317df5b35664500361e230_night.txt,rf100,roboflow-100/excavators-czvg9,ya,-,2
train,rf100_image_318_jpg.rf.86dc2831dceafb79942f20a03e50edc0.txt,rf100,roboflow-100/excavators-czvg9,tidak,-,1
train,rf100_image_318_jpg.rf.86dc2831dceafb79942f20a03e50edc0_night.txt,rf100,roboflow-100/excavators-czvg9,ya,-,1
train,rf100_image_319_jpg.rf.c0f51b5b81de9b515d0eaea51625a977.txt,rf100,roboflow-100/excavators-czvg9,tidak,-,2
train,rf100_image_31_jpg.rf.2080b911d4f0e6a46fa5f643a5380daa.txt,rf100,roboflow-100/excavators-czvg9,tidak,-,1
train,rf100_image_320_jpg.rf.2184cbd41502bc1f42ffca7d00d526da.txt,rf100,roboflow-100/excavators-czvg9,tidak,-,1
train,rf100_image_320_jpg.rf.2184cbd41502bc1f42ffca7d00d526da_night.txt,rf100,roboflow-100/excavators-czvg9,ya,-,1
train,rf100_image_321_jpg.rf.dc3349a169772fd43b2c90807d554acf.txt,rf100,roboflow-100/excavators-czvg9,tidak,-,1
train,rf100_image_321_jpg.rf.dc3349a169772fd43b2c90807d554acf_night.txt,rf100,roboflow-100/excavators-czvg9,ya,-,1
train,rf100_image_322_jpg.rf.8e886ab0b82ae8cd232f7b89458c2cfe.txt,rf100,roboflow-100/excavators-czvg9,tidak,-,1
train,rf100_image_322_jpg.rf.8e886ab0b82ae8cd232f7b89458c2cfe_night.txt,rf100,roboflow-100/excavators-czvg9,ya,-,1
train,rf100_image_323_jpg.rf.a5ef1d8a07a34b92c3d71ae4709a37a8.txt,rf100,roboflow-100/excavators-czvg9,tidak,-,1
train,rf100_image_324_jpg.rf.2c146d370cb8b6bb62920b9d00f7fa41.txt,rf100,roboflow-100/excavators-czvg9,tidak,-,1
train,rf100_image_324_jpg.rf.2c146d370cb8b6bb62920b9d00f7fa41_night.txt,rf100,roboflow-100/excavators-czvg9,ya,-,1
train,rf100_image_325_jpg.rf.b7ce8696ffdb3dca8ab73986ab820bf9.txt,rf100,roboflow-100/excavators-czvg9,tidak,-,1
train,rf100_image_325_jpg.rf.b7ce8696ffdb3dca8ab73986ab820bf9_night.txt,rf100,roboflow-100/excavators-czvg9,ya,-,1
train,rf100_image_326_jpg.rf.f4db0dd5b5b8cb966556f91d6e794aae.txt,rf100,roboflow-100/excavators-czvg9,tidak,-,3
train,rf100_image_327_jpg.rf.e927e0d49c8b16f02d1988004c4cd946.txt,rf100,roboflow-100/excavators-czvg9,tidak,-,1
train,rf100_image_329_jpg.rf.4747ed183fafc69436a08fee52469872.txt,rf100,roboflow-100/excavators-czvg9,tidak,-,1
train,rf100_image_329_jpg.rf.4747ed183fafc69436a08fee52469872_night.txt,rf100,roboflow-100/excavators-czvg9,ya,-,1
train,rf100_image_32_jpg.rf.09f09164399c0bd93c83c1da470bc482.txt,rf100,roboflow-100/excavators-czvg9,tidak,-,1
train,rf100_image_32_jpg.rf.09f09164399c0bd93c83c1da470bc482_night.txt,rf100,roboflow-100/excavators-czvg9,ya,-,1
train,rf100_image_330_jpg.rf.64c226727abd641f2f613370cd7af0bf.txt,rf100,roboflow-100/excavators-czvg9,tidak,-,1
train,rf100_image_331_jpg.rf.f3e7ee191401d845080474fd4148929e.txt,rf100,roboflow-100/excavators-czvg9,tidak,-,2
train,rf100_image_331_jpg.rf.f3e7ee191401d845080474fd4148929e_night.txt,rf100,roboflow-100/excavators-czvg9,ya,-,2
train,rf100_image_332_jpg.rf.5cee863082710e67e283b5868d17b69b.txt,rf100,roboflow-100/excavators-czvg9,tidak,-,1
train,rf100_image_333_jpg.rf.a7a247cc57388a17aaca0a7139938940.txt,rf100,roboflow-100/excavators-czvg9,tidak,-,2
train,rf100_image_333_jpg.rf.a7a247cc57388a17aaca0a7139938940_night.txt,rf100,roboflow-100/excavators-czvg9,ya,-,2
train,rf100_image_334_jpg.rf.885ed1e3b20bc6f76191123acdad49be.txt,rf100,roboflow-100/excavators-czvg9,tidak,-,1
train,rf100_image_335_jpg.rf.017c81905550a1789ac9e5871b90cf58.txt,rf100,roboflow-100/excavators-czvg9,tidak,-,2
train,rf100_image_336_jpg.rf.bf1c910afe718400b6879fc198ee1e67.txt,rf100,roboflow-100/excavators-czvg9,tidak,-,1
train,rf100_image_337_jpg.rf.4dd2f898d8a2e15676862881649cb7d0.txt,rf100,roboflow-100/excavators-czvg9,tidak,-,1
train,rf100_image_338_jpg.rf.e23992ed35240dacba88d80d634ea674.txt,rf100,roboflow-100/excavators-czvg9,tidak,-,1
train,rf100_image_339_jpg.rf.6a3a4b6513e0feefd10a9d81adb14878.txt,rf100,roboflow-100/excavators-czvg9,tidak,-,2
train,rf100_image_339_jpg.rf.6a3a4b6513e0feefd10a9d81adb14878_night.txt,rf100,roboflow-100/excavators-czvg9,ya,-,2
train,rf100_image_33_jpg.rf.1d6551b177bae2db9536b315e3e8c644.txt,rf100,roboflow-100/excavators-czvg9,tidak,-,1
train,rf100_image_33_jpg.rf.1d6551b177bae2db9536b315e3e8c644_night.txt,rf100,roboflow-100/excavators-czvg9,ya,-,1
train,rf100_image_340_jpg.rf.4baafd186dbb2c18f748285e4c093394.txt,rf100,roboflow-100/excavators-czvg9,tidak,-,1
train,rf100_image_341_jpg.rf.ebc346f7b8be03140ef9566056d53c4c.txt,rf100,roboflow-100/excavators-czvg9,tidak,-,1
train,rf100_image_341_jpg.rf.ebc346f7b8be03140ef9566056d53c4c_night.txt,rf100,roboflow-100/excavators-czvg9,ya,-,1
train,rf100_image_342_jpg.rf.d7aa82962d2edf72bc74d01facc91432.txt,rf100,roboflow-100/excavators-czvg9,tidak,-,1
train,rf100_image_342_jpg.rf.d7aa82962d2edf72bc74d01facc91432_night.txt,rf100,roboflow-100/excavators-czvg9,ya,-,1
train,rf100_image_343_jpg.rf.51552851004e9620fb3b62c9d73d1ae0.txt,rf100,roboflow-100/excavators-czvg9,tidak,-,1
train,rf100_image_343_jpg.rf.51552851004e9620fb3b62c9d73d1ae0_night.txt,rf100,roboflow-100/excavators-czvg9,ya,-,1
train,rf100_image_344_jpg.rf.25a5fadfb4c2ca8610acb53df5fd9d30.txt,rf100,roboflow-100/excavators-czvg9,tidak,-,1
train,rf100_image_345_jpg.rf.13d18d443a9b5cf509cd3ad0f760c4f1.txt,rf100,roboflow-100/excavators-czvg9,tidak,-,1
train,rf100_image_345_jpg.rf.13d18d443a9b5cf509cd3ad0f760c4f1_night.txt,rf100,roboflow-100/excavators-czvg9,ya,-,1
train,rf100_image_346_jpg.rf.32b6c1a31c5ec1b9f3f309a673193b80.txt,rf100,roboflow-100/excavators-czvg9,tidak,-,1
train,rf100_image_346_jpg.rf.32b6c1a31c5ec1b9f3f309a673193b80_night.txt,rf100,roboflow-100/excavators-czvg9,ya,-,1
train,rf100_image_347_jpg.rf.4fe175cc97ab1233cff1932fa2276d8c.txt,rf100,roboflow-100/excavators-czvg9,tidak,-,1
train,rf100_image_347_jpg.rf.4fe175cc97ab1233cff1932fa2276d8c_night.txt,rf100,roboflow-100/excavators-czvg9,ya,-,1
train,rf100_image_349_jpg.rf.a05f0d25fe16a9f2fbe3289d8d6c4d12.txt,rf100,roboflow-100/excavators-czvg9,tidak,-,1
train,rf100_image_34_jpg.rf.8766343bd1197a5c86f3d7b069057ae2.txt,rf100,roboflow-100/excavators-czvg9,tidak,-,1
train,rf100_image_34_jpg.rf.8766343bd1197a5c86f3d7b069057ae2_night.txt,rf100,roboflow-100/excavators-czvg9,ya,-,1
train,rf100_image_350_jpg.rf.67f1f937972eba54a5ba075ffd5eb614.txt,rf100,roboflow-100/excavators-czvg9,tidak,-,1
train,rf100_image_351_jpg.rf.a964d11654904aac80fc15c24f1c5258.txt,rf100,roboflow-100/excavators-czvg9,tidak,-,1
train,rf100_image_351_jpg.rf.a964d11654904aac80fc15c24f1c5258_night.txt,rf100,roboflow-100/excavators-czvg9,ya,-,1
train,rf100_image_352_jpg.rf.61f80af55f425167a71ceb61435623e5.txt,rf100,roboflow-100/excavators-czvg9,tidak,-,1
train,rf100_image_353_jpg.rf.f135d47a6c965e9a9578807bc1aadc6a.txt,rf100,roboflow-100/excavators-czvg9,tidak,-,1
train,rf100_image_353_jpg.rf.f135d47a6c965e9a9578807bc1aadc6a_night.txt,rf100,roboflow-100/excavators-czvg9,ya,-,1
train,rf100_image_354_jpg.rf.0d506134c11212f4b5014afec6c05f94.txt,rf100,roboflow-100/excavators-czvg9,tidak,-,2
train,rf100_image_354_jpg.rf.0d506134c11212f4b5014afec6c05f94_night.txt,rf100,roboflow-100/excavators-czvg9,ya,-,2
train,rf100_image_355_jpg.rf.3d9af41ab73426fcfbac2642aa5968e8.txt,rf100,roboflow-100/excavators-czvg9,tidak,-,1
train,rf100_image_355_jpg.rf.3d9af41ab73426fcfbac2642aa5968e8_night.txt,rf100,roboflow-100/excavators-czvg9,ya,-,1
train,rf100_image_356_jpg.rf.1454b9d360e6a5ab5db371a1bb8bbd91.txt,rf100,roboflow-100/excavators-czvg9,tidak,-,2
train,rf100_image_357_jpg.rf.5d4f90e175b21b9a79e5d831d6e9d645.txt,rf100,roboflow-100/excavators-czvg9,tidak,-,1
train,rf100_image_358_jpg.rf.4532f1d08f6fc49b4f10cccca0f10f69.txt,rf100,roboflow-100/excavators-czvg9,tidak,-,3
train,rf100_image_359_jpg.rf.1585b8742f2d809c1b898f7a39927514.txt,rf100,roboflow-100/excavators-czvg9,tidak,-,2
train,rf100_image_35_jpg.rf.e03cdf649be59b830076a46d5c3ab708.txt,rf100,roboflow-100/excavators-czvg9,tidak,-,1
train,rf100_image_35_jpg.rf.e03cdf649be59b830076a46d5c3ab708_night.txt,rf100,roboflow-100/excavators-czvg9,ya,-,1
train,rf100_image_360_jpg.rf.4fad66925df39833c6a10edb7030905e.txt,rf100,roboflow-100/excavators-czvg9,tidak,-,1
train,rf100_image_361_jpg.rf.c82a808e619b797f748056c554352994.txt,rf100,roboflow-100/excavators-czvg9,tidak,-,2
train,rf100_image_362_jpg.rf.ed6a93402ce71d7d2005cc52d7d47f38.txt,rf100,roboflow-100/excavators-czvg9,tidak,-,1
train,rf100_image_362_jpg.rf.ed6a93402ce71d7d2005cc52d7d47f38_night.txt,rf100,roboflow-100/excavators-czvg9,ya,-,1
train,rf100_image_363_jpg.rf.83ce60e0cc805e487d40caf32cbb4163.txt,rf100,roboflow-100/excavators-czvg9,tidak,-,1
train,rf100_image_363_jpg.rf.83ce60e0cc805e487d40caf32cbb4163_night.txt,rf100,roboflow-100/excavators-czvg9,ya,-,1
train,rf100_image_364_jpg.rf.a087fd494ca7b089ffc22133b6522ddf.txt,rf100,roboflow-100/excavators-czvg9,tidak,-,1
train,rf100_image_364_jpg.rf.a087fd494ca7b089ffc22133b6522ddf_night.txt,rf100,roboflow-100/excavators-czvg9,ya,-,1
train,rf100_image_365_jpg.rf.c5cee7da9488af4e00a9aeba38abf680.txt,rf100,roboflow-100/excavators-czvg9,tidak,-,3
train,rf100_image_365_jpg.rf.c5cee7da9488af4e00a9aeba38abf680_night.txt,rf100,roboflow-100/excavators-czvg9,ya,-,3
train,rf100_image_366_jpg.rf.3434ca3d311b869866c140abd9c67150.txt,rf100,roboflow-100/excavators-czvg9,tidak,-,1
train,rf100_image_366_jpg.rf.3434ca3d311b869866c140abd9c67150_night.txt,rf100,roboflow-100/excavators-czvg9,ya,-,1
train,rf100_image_367_jpg.rf.164bd3ee93c92aff411bc1493a614b3d.txt,rf100,roboflow-100/excavators-czvg9,tidak,-,1
train,rf100_image_367_jpg.rf.164bd3ee93c92aff411bc1493a614b3d_night.txt,rf100,roboflow-100/excavators-czvg9,ya,-,1
train,rf100_image_368_jpg.rf.8c635e3cabb02107b57634af2bcd43ae.txt,rf100,roboflow-100/excavators-czvg9,tidak,-,2
train,rf100_image_369_jpg.rf.6a8c4cda3228813794d4a288ff3edcad.txt,rf100,roboflow-100/excavators-czvg9,tidak,-,2
train,rf100_image_369_jpg.rf.6a8c4cda3228813794d4a288ff3edcad_night.txt,rf100,roboflow-100/excavators-czvg9,ya,-,2
train,rf100_image_36_jpg.rf.6d0561eab1ab9ab708140452fe1d3e9f.txt,rf100,roboflow-100/excavators-czvg9,tidak,-,1
train,rf100_image_370_jpg.rf.e7f969ca20d1c3a3b228ea1ca26e4a07.txt,rf100,roboflow-100/excavators-czvg9,tidak,-,1
train,rf100_image_370_jpg.rf.e7f969ca20d1c3a3b228ea1ca26e4a07_night.txt,rf100,roboflow-100/excavators-czvg9,ya,-,1
train,rf100_image_371_jpg.rf.69323d353dc6ccd3b93f0fa20313a585.txt,rf100,roboflow-100/excavators-czvg9,tidak,-,1
train,rf100_image_372_jpg.rf.59d29655acefa61159b8c083e36e4f4f.txt,rf100,roboflow-100/excavators-czvg9,tidak,-,1
train,rf100_image_372_jpg.rf.59d29655acefa61159b8c083e36e4f4f_night.txt,rf100,roboflow-100/excavators-czvg9,ya,-,1
train,rf100_image_373_jpg.rf.bb461f08519a05dbde97d106f5362048.txt,rf100,roboflow-100/excavators-czvg9,tidak,-,1
train,rf100_image_373_jpg.rf.bb461f08519a05dbde97d106f5362048_night.txt,rf100,roboflow-100/excavators-czvg9,ya,-,1
train,rf100_image_374_jpg.rf.a62345b2e58a4ab45945987da8c31b50.txt,rf100,roboflow-100/excavators-czvg9,tidak,-,3
train,rf100_image_375_jpg.rf.2d0467badd35bdd1bab22c9dde0398e5.txt,rf100,roboflow-100/excavators-czvg9,tidak,-,1
train,rf100_image_376_jpg.rf.4f59e086350a41a5a1e6722198a1df43.txt,rf100,roboflow-100/excavators-czvg9,tidak,-,1
train,rf100_image_376_jpg.rf.4f59e086350a41a5a1e6722198a1df43_night.txt,rf100,roboflow-100/excavators-czvg9,ya,-,1
train,rf100_image_377_jpg.rf.9d355ac3dec2222fcb2c731d24f9a342.txt,rf100,roboflow-100/excavators-czvg9,tidak,-,1
train,rf100_image_378_jpg.rf.d9c68a2e4d8676f93ce19e7fbd0ccb08.txt,rf100,roboflow-100/excavators-czvg9,tidak,-,1
train,rf100_image_379_jpg.rf.778631399186a989b89bd795ff1e7934.txt,rf100,roboflow-100/excavators-czvg9,tidak,-,1
train,rf100_image_379_jpg.rf.778631399186a989b89bd795ff1e7934_night.txt,rf100,roboflow-100/excavators-czvg9,ya,-,1
train,rf100_image_37_jpg.rf.0333f1e4188bd3ee93b229bcf959ad0e.txt,rf100,roboflow-100/excavators-czvg9,tidak,-,1
train,rf100_image_380_jpg.rf.2affe2ebc05d83b28934731a3e3243a8.txt,rf100,roboflow-100/excavators-czvg9,tidak,-,1
train,rf100_image_381_jpg.rf.37b233ee5b3ff3fece8f0f5bbb6eee86.txt,rf100,roboflow-100/excavators-czvg9,tidak,-,1
train,rf100_image_383_jpg.rf.7badec9f6462c1e39d9fde488777d65a.txt,rf100,roboflow-100/excavators-czvg9,tidak,-,1
train,rf100_image_384_jpg.rf.9a4066f4a42523cb4b5f37b131442993.txt,rf100,roboflow-100/excavators-czvg9,tidak,-,1
train,rf100_image_384_jpg.rf.9a4066f4a42523cb4b5f37b131442993_night.txt,rf100,roboflow-100/excavators-czvg9,ya,-,1
train,rf100_image_385_jpg.rf.76f312e336f4ffff4d419e5f10151568.txt,rf100,roboflow-100/excavators-czvg9,tidak,-,1
train,rf100_image_386_jpg.rf.9a6a9743cf32f058e5ca195463c29a91.txt,rf100,roboflow-100/excavators-czvg9,tidak,-,1
train,rf100_image_386_jpg.rf.9a6a9743cf32f058e5ca195463c29a91_night.txt,rf100,roboflow-100/excavators-czvg9,ya,-,1
train,rf100_image_387_jpg.rf.62518058a450871ea95a544313165a12.txt,rf100,roboflow-100/excavators-czvg9,tidak,-,1
train,rf100_image_388_jpg.rf.7f062d32fc5edd936346893d12c5ef51.txt,rf100,roboflow-100/excavators-czvg9,tidak,-,1
train,rf100_image_389_jpg.rf.acba4c7bc7a3ddbc480034ef975f71f2.txt,rf100,roboflow-100/excavators-czvg9,tidak,-,1
train,rf100_image_38_jpg.rf.256891c155a6b567c02c417ea74a8b96.txt,rf100,roboflow-100/excavators-czvg9,tidak,-,1
train,rf100_image_38_jpg.rf.256891c155a6b567c02c417ea74a8b96_night.txt,rf100,roboflow-100/excavators-czvg9,ya,-,1
train,rf100_image_390_jpg.rf.e15f32c31f8edd3fec117bbb74fe14d3.txt,rf100,roboflow-100/excavators-czvg9,tidak,-,1
train,rf100_image_390_jpg.rf.e15f32c31f8edd3fec117bbb74fe14d3_night.txt,rf100,roboflow-100/excavators-czvg9,ya,-,1
train,rf100_image_391_jpg.rf.46d1af857764e878671dbea121d275a8.txt,rf100,roboflow-100/excavators-czvg9,tidak,-,1
train,rf100_image_391_jpg.rf.46d1af857764e878671dbea121d275a8_night.txt,rf100,roboflow-100/excavators-czvg9,ya,-,1
train,rf100_image_392_jpg.rf.19a160f98b029750d300e4faad88435f.txt,rf100,roboflow-100/excavators-czvg9,tidak,-,1
train,rf100_image_393_jpg.rf.1938399d73557911bfadb06436b270be.txt,rf100,roboflow-100/excavators-czvg9,tidak,-,1
train,rf100_image_393_jpg.rf.1938399d73557911bfadb06436b270be_night.txt,rf100,roboflow-100/excavators-czvg9,ya,-,1
train,rf100_image_394_jpg.rf.8f975413d9e31cce7a7be5f83f1cad7c.txt,rf100,roboflow-100/excavators-czvg9,tidak,-,1
train,rf100_image_395_jpg.rf.39f532114a2d6e951920af8b80927ad9.txt,rf100,roboflow-100/excavators-czvg9,tidak,-,1
train,rf100_image_395_jpg.rf.39f532114a2d6e951920af8b80927ad9_night.txt,rf100,roboflow-100/excavators-czvg9,ya,-,1
train,rf100_image_396_jpg.rf.a56d54ba5677a58c151936db71386f2f.txt,rf100,roboflow-100/excavators-czvg9,tidak,-,1
train,rf100_image_397_jpg.rf.f9a577fb658ea093eb846d57221224b3.txt,rf100,roboflow-100/excavators-czvg9,tidak,-,3
train,rf100_image_397_jpg.rf.f9a577fb658ea093eb846d57221224b3_night.txt,rf100,roboflow-100/excavators-czvg9,ya,-,3
train,rf100_image_398_jpg.rf.3de129841e100076d82198cacd7a063c.txt,rf100,roboflow-100/excavators-czvg9,tidak,-,2
train,rf100_image_398_jpg.rf.3de129841e100076d82198cacd7a063c_night.txt,rf100,roboflow-100/excavators-czvg9,ya,-,2
train,rf100_image_399_jpg.rf.b6fe203fef72ee9fe777b5f3359ac180.txt,rf100,roboflow-100/excavators-czvg9,tidak,-,1
train,rf100_image_399_jpg.rf.b6fe203fef72ee9fe777b5f3359ac180_night.txt,rf100,roboflow-100/excavators-czvg9,ya,-,1
train,rf100_image_39_jpg.rf.351682f4d35c76b6cfe43ba7f7080711.txt,rf100,roboflow-100/excavators-czvg9,tidak,-,2
train,rf100_image_39_jpg.rf.351682f4d35c76b6cfe43ba7f7080711_night.txt,rf100,roboflow-100/excavators-czvg9,ya,-,2
train,rf100_image_3_jpg.rf.7327ef1a26484126b7aad426940b178b.txt,rf100,roboflow-100/excavators-czvg9,tidak,-,1
train,rf100_image_400_jpg.rf.78f8583519fa43383b81d682f8fb253e.txt,rf100,roboflow-100/excavators-czvg9,tidak,-,2
train,rf100_image_400_jpg.rf.78f8583519fa43383b81d682f8fb253e_night.txt,rf100,roboflow-100/excavators-czvg9,ya,-,2
train,rf100_image_401_jpg.rf.288fe889a3bb47f915654f4e15be88f0.txt,rf100,roboflow-100/excavators-czvg9,tidak,-,2
train,rf100_image_402_jpg.rf.29b80fc16cb9bbab7100ab92c3cdfee3.txt,rf100,roboflow-100/excavators-czvg9,tidak,-,1
train,rf100_image_402_jpg.rf.29b80fc16cb9bbab7100ab92c3cdfee3_night.txt,rf100,roboflow-100/excavators-czvg9,ya,-,1
train,rf100_image_403_jpg.rf.67a8dc2a1c1821a5d404da7fbec54048.txt,rf100,roboflow-100/excavators-czvg9,tidak,-,1
train,rf100_image_404_jpg.rf.08ee79b82c52d05815efb46079fa52bf.txt,rf100,roboflow-100/excavators-czvg9,tidak,-,1
train,rf100_image_404_jpg.rf.08ee79b82c52d05815efb46079fa52bf_night.txt,rf100,roboflow-100/excavators-czvg9,ya,-,1
train,rf100_image_405_jpg.rf.4715fedd6f3d9a837b7020035835ac74.txt,rf100,roboflow-100/excavators-czvg9,tidak,-,2
train,rf100_image_406_jpg.rf.d3f071ac469547ddcff3c4d84fb386ed.txt,rf100,roboflow-100/excavators-czvg9,tidak,-,1
train,rf100_image_407_jpg.rf.079dbe07738b7b30422b5c8c0321b72a.txt,rf100,roboflow-100/excavators-czvg9,tidak,-,1
train,rf100_image_408_jpg.rf.dd74fff38ac18edbca1c29f41981c554.txt,rf100,roboflow-100/excavators-czvg9,tidak,-,1
train,rf100_image_408_jpg.rf.dd74fff38ac18edbca1c29f41981c554_night.txt,rf100,roboflow-100/excavators-czvg9,ya,-,1
train,rf100_image_409_jpg.rf.5cbb74b174345383e6c9eb1094dc0451.txt,rf100,roboflow-100/excavators-czvg9,tidak,-,1
train,rf100_image_40_jpg.rf.a920d76bd41ab6468dc1a3ff9b0a94af.txt,rf100,roboflow-100/excavators-czvg9,tidak,-,1
train,rf100_image_410_jpg.rf.f52b6315a4e55ec3051b7f0d943a23ce.txt,rf100,roboflow-100/excavators-czvg9,tidak,-,2
train,rf100_image_410_jpg.rf.f52b6315a4e55ec3051b7f0d943a23ce_night.txt,rf100,roboflow-100/excavators-czvg9,ya,-,2
train,rf100_image_411_jpg.rf.dbae8e644349c47e795dad6b93c27090.txt,rf100,roboflow-100/excavators-czvg9,tidak,-,1
train,rf100_image_412_jpg.rf.5a0fdd70eafa5356302707d1163ce3df.txt,rf100,roboflow-100/excavators-czvg9,tidak,-,3
train,rf100_image_412_jpg.rf.5a0fdd70eafa5356302707d1163ce3df_night.txt,rf100,roboflow-100/excavators-czvg9,ya,-,3
train,rf100_image_413_jpg.rf.5bfb8a9e1d1974f7b45672da133d1dfd.txt,rf100,roboflow-100/excavators-czvg9,tidak,-,1
train,rf100_image_414_jpg.rf.25637c644b15679708179199378d1022.txt,rf100,roboflow-100/excavators-czvg9,tidak,-,1
train,rf100_image_414_jpg.rf.25637c644b15679708179199378d1022_night.txt,rf100,roboflow-100/excavators-czvg9,ya,-,1
train,rf100_image_415_jpg.rf.e097e49c9fce57d82117fecad067b7c8.txt,rf100,roboflow-100/excavators-czvg9,tidak,-,1
train,rf100_image_416_jpg.rf.00666ab4363de734cd985e915e994369.txt,rf100,roboflow-100/excavators-czvg9,tidak,-,1
train,rf100_image_416_jpg.rf.00666ab4363de734cd985e915e994369_night.txt,rf100,roboflow-100/excavators-czvg9,ya,-,1
train,rf100_image_417_jpg.rf.b8a120d16e739023a7e1a4e478501701.txt,rf100,roboflow-100/excavators-czvg9,tidak,-,1
train,rf100_image_418_jpg.rf.801eaa85ed0288716d2959c2c498f62d.txt,rf100,roboflow-100/excavators-czvg9,tidak,-,1
train,rf100_image_418_jpg.rf.801eaa85ed0288716d2959c2c498f62d_night.txt,rf100,roboflow-100/excavators-czvg9,ya,-,1
train,rf100_image_419_jpg.rf.4a53d4e50a037cd5b9321578006e4494.txt,rf100,roboflow-100/excavators-czvg9,tidak,-,1
train,rf100_image_41_jpg.rf.f248d44df71594dd7144c1972aac6474.txt,rf100,roboflow-100/excavators-czvg9,tidak,-,1
train,rf100_image_41_jpg.rf.f248d44df71594dd7144c1972aac6474_night.txt,rf100,roboflow-100/excavators-czvg9,ya,-,1
train,rf100_image_420_jpg.rf.96a8e6fbf9a300ffd1f4fa89c2ef2236.txt,rf100,roboflow-100/excavators-czvg9,tidak,-,1
train,rf100_image_421_jpg.rf.2ca11e05ef4825ffc7110cbc57423d4e.txt,rf100,roboflow-100/excavators-czvg9,tidak,-,1
train,rf100_image_422_jpg.rf.7ac7778f697b9d8f3547e354796cc8e4.txt,rf100,roboflow-100/excavators-czvg9,tidak,-,1
train,rf100_image_423_jpg.rf.a7ba022b5a552de6f52a31bf44298887.txt,rf100,roboflow-100/excavators-czvg9,tidak,-,1
train,rf100_image_424_jpg.rf.9557ae37b7adb9a8c60f26ffe045821b.txt,rf100,roboflow-100/excavators-czvg9,tidak,-,1
train,rf100_image_425_jpg.rf.aafcbe02e24583bd3d356a827f7ef57e.txt,rf100,roboflow-100/excavators-czvg9,tidak,-,1
train,rf100_image_426_jpg.rf.e25518ec3284feeec2366afc693274d7.txt,rf100,roboflow-100/excavators-czvg9,tidak,-,1
train,rf100_image_427_jpg.rf.95454b80c9a4170b6c3ff85f749ac5b1.txt,rf100,roboflow-100/excavators-czvg9,tidak,-,1
train,rf100_image_428_jpg.rf.f5c573f6bec5cfbfd933030b2d19d60d.txt,rf100,roboflow-100/excavators-czvg9,tidak,-,1
train,rf100_image_428_jpg.rf.f5c573f6bec5cfbfd933030b2d19d60d_night.txt,rf100,roboflow-100/excavators-czvg9,ya,-,1
train,rf100_image_429_jpg.rf.fe5fd9609707dd0ef9485ca0bec5a31c.txt,rf100,roboflow-100/excavators-czvg9,tidak,-,1
train,rf100_image_429_jpg.rf.fe5fd9609707dd0ef9485ca0bec5a31c_night.txt,rf100,roboflow-100/excavators-czvg9,ya,-,1
train,rf100_image_42_jpg.rf.e79d658bf6bb004c6322593801bb1693.txt,rf100,roboflow-100/excavators-czvg9,tidak,-,1
train,rf100_image_430_jpg.rf.9cb9f379fa2f18c6bdb1fe128c430c4e.txt,rf100,roboflow-100/excavators-czvg9,tidak,-,1
train,rf100_image_431_jpg.rf.a2b86dc8238b9fa40981c6e6ab9288ad.txt,rf100,roboflow-100/excavators-czvg9,tidak,-,1
train,rf100_image_432_jpg.rf.80bfd8ca125b4c1ef9453d1c2ffdc3d9.txt,rf100,roboflow-100/excavators-czvg9,tidak,-,1
train,rf100_image_432_jpg.rf.80bfd8ca125b4c1ef9453d1c2ffdc3d9_night.txt,rf100,roboflow-100/excavators-czvg9,ya,-,1
train,rf100_image_433_jpg.rf.73134f6de88122ec6831e8d023ff7f33.txt,rf100,roboflow-100/excavators-czvg9,tidak,-,1
train,rf100_image_434_jpg.rf.66bf9245e018ddae25ac12acba5d9154.txt,rf100,roboflow-100/excavators-czvg9,tidak,-,1
train,rf100_image_435_jpg.rf.1d528b1c772f369d1317b32d0223dc74.txt,rf100,roboflow-100/excavators-czvg9,tidak,-,1
train,rf100_image_435_jpg.rf.1d528b1c772f369d1317b32d0223dc74_night.txt,rf100,roboflow-100/excavators-czvg9,ya,-,1
train,rf100_image_436_jpg.rf.b79f0dbcf4e22bf04572ed071c90ef00.txt,rf100,roboflow-100/excavators-czvg9,tidak,-,1
train,rf100_image_437_jpg.rf.036827d4cb958e30450fcf8b82a0421e.txt,rf100,roboflow-100/excavators-czvg9,tidak,-,1
train,rf100_image_438_jpg.rf.b2d7d8973243d651fec18ae637071d7e.txt,rf100,roboflow-100/excavators-czvg9,tidak,-,1
train,rf100_image_438_jpg.rf.b2d7d8973243d651fec18ae637071d7e_night.txt,rf100,roboflow-100/excavators-czvg9,ya,-,1
train,rf100_image_439_jpg.rf.76adfead60cbf0042c477130af69c75d.txt,rf100,roboflow-100/excavators-czvg9,tidak,-,1
train,rf100_image_439_jpg.rf.76adfead60cbf0042c477130af69c75d_night.txt,rf100,roboflow-100/excavators-czvg9,ya,-,1
train,rf100_image_43_jpg.rf.8fc52848f651041d1e22f3c909aa7d4a.txt,rf100,roboflow-100/excavators-czvg9,tidak,-,2
train,rf100_image_440_jpg.rf.28852954a91ae3bc08195ac18a0bc392.txt,rf100,roboflow-100/excavators-czvg9,tidak,-,1
train,rf100_image_441_jpg.rf.220890f0249acf9b7ae2beaafe95c6a0.txt,rf100,roboflow-100/excavators-czvg9,tidak,-,1
train,rf100_image_442_jpg.rf.f0b81e1cf1bf01441cf0ecdbf5e79589.txt,rf100,roboflow-100/excavators-czvg9,tidak,-,1
train,rf100_image_442_jpg.rf.f0b81e1cf1bf01441cf0ecdbf5e79589_night.txt,rf100,roboflow-100/excavators-czvg9,ya,-,1
train,rf100_image_443_jpg.rf.e994cdf23654f49783e031c424dbb34e.txt,rf100,roboflow-100/excavators-czvg9,tidak,-,1
train,rf100_image_444_jpg.rf.888a2d939247987123e110ec1ca2ade7.txt,rf100,roboflow-100/excavators-czvg9,tidak,-,1
train,rf100_image_445_jpg.rf.92a7aba2362cbed436a1d385c5de0964.txt,rf100,roboflow-100/excavators-czvg9,tidak,-,1
train,rf100_image_446_jpg.rf.d8997e97a00ee541fa990d3fb88a4389.txt,rf100,roboflow-100/excavators-czvg9,tidak,-,2
train,rf100_image_447_jpg.rf.ff7e4055df2966656162a4f5fe536af3.txt,rf100,roboflow-100/excavators-czvg9,tidak,-,3
train,rf100_image_448_jpg.rf.fe88120f8b5685db687db96c2851bb52.txt,rf100,roboflow-100/excavators-czvg9,tidak,-,1
train,rf100_image_449_jpg.rf.38ae1e1b973339023c5f12876876d979.txt,rf100,roboflow-100/excavators-czvg9,tidak,-,1
train,rf100_image_449_jpg.rf.38ae1e1b973339023c5f12876876d979_night.txt,rf100,roboflow-100/excavators-czvg9,ya,-,1
train,rf100_image_44_jpg.rf.7e8d0bf6418266f8f4dc2566f5b2c69a.txt,rf100,roboflow-100/excavators-czvg9,tidak,-,1
train,rf100_image_450_jpg.rf.63769289f8172659325a32414f0bd4b8.txt,rf100,roboflow-100/excavators-czvg9,tidak,-,1
train,rf100_image_451_jpg.rf.71a4cede973cb2b10e2ef1137dfb94c0.txt,rf100,roboflow-100/excavators-czvg9,tidak,-,1
train,rf100_image_452_jpg.rf.3de6f5613ac67dea1439bd20d4cbbe75.txt,rf100,roboflow-100/excavators-czvg9,tidak,-,1
train,rf100_image_453_jpg.rf.f312d128186d7f829ed6f51c067eb0ba.txt,rf100,roboflow-100/excavators-czvg9,tidak,-,1
train,rf100_image_454_jpg.rf.b7002dde5f4cad12fb914eb2cceb34cc.txt,rf100,roboflow-100/excavators-czvg9,tidak,-,1
train,rf100_image_455_jpg.rf.7c3847cb3a45d2ed73f31e1c2807e51b.txt,rf100,roboflow-100/excavators-czvg9,tidak,-,2
train,rf100_image_456_jpg.rf.370dc97159b3598ccf1d171b2d03e1c0.txt,rf100,roboflow-100/excavators-czvg9,tidak,-,1
train,rf100_image_457_jpg.rf.e2d60444903a8814c8a3d57ebe6ee983.txt,rf100,roboflow-100/excavators-czvg9,tidak,-,1
train,rf100_image_458_jpg.rf.c5df30152b6bf88a2ae79f14c2634e74.txt,rf100,roboflow-100/excavators-czvg9,tidak,-,1
train,rf100_image_459_jpg.rf.b0c1534bda7d5289e57db0647183cbe0.txt,rf100,roboflow-100/excavators-czvg9,tidak,-,1
train,rf100_image_45_jpg.rf.80fcf0f039c09cd811bdd4000ffcc0bb.txt,rf100,roboflow-100/excavators-czvg9,tidak,-,0
train,rf100_image_460_jpg.rf.4159e66f6990f3c6fbf0600b75b7ee99.txt,rf100,roboflow-100/excavators-czvg9,tidak,-,1
train,rf100_image_461_jpg.rf.cb2b3f3cfafb40cd5880699a9a69a07c.txt,rf100,roboflow-100/excavators-czvg9,tidak,-,2
train,rf100_image_462_jpg.rf.ef7416b8343216575868d012a282d671.txt,rf100,roboflow-100/excavators-czvg9,tidak,-,1
train,rf100_image_463_jpg.rf.ac5484a024ba0c51b9773b28a10341e3.txt,rf100,roboflow-100/excavators-czvg9,tidak,-,1
train,rf100_image_464_jpg.rf.374b739bc9fc570434f1efb263613a23.txt,rf100,roboflow-100/excavators-czvg9,tidak,-,1
train,rf100_image_465_jpg.rf.fbed9dc45f72078835b367e2b93b0651.txt,rf100,roboflow-100/excavators-czvg9,tidak,-,1
train,rf100_image_466_jpg.rf.1bdf8a6390baa8f458388ebe036881ae.txt,rf100,roboflow-100/excavators-czvg9,tidak,-,1
train,rf100_image_467_jpg.rf.cd3ff33f2c1d52f305293a245034b2b1.txt,rf100,roboflow-100/excavators-czvg9,tidak,-,2
train,rf100_image_468_jpg.rf.f7c6c0a40413d018061185c99969a7b2.txt,rf100,roboflow-100/excavators-czvg9,tidak,-,1
train,rf100_image_469_jpg.rf.4ef9ada3bcbea4ee0613481ca465796d.txt,rf100,roboflow-100/excavators-czvg9,tidak,-,1
train,rf100_image_46_jpg.rf.882138d92f9583e5d86b60a0bd6491ad.txt,rf100,roboflow-100/excavators-czvg9,tidak,-,2
train,rf100_image_470_jpg.rf.7bcb718c845e50f15e63aa8f10b57e74.txt,rf100,roboflow-100/excavators-czvg9,tidak,-,1
train,rf100_image_471_jpg.rf.0a730ca945a9327137c29cf15048c827.txt,rf100,roboflow-100/excavators-czvg9,tidak,-,0
train,rf100_image_472_jpg.rf.52580f7f25207933884f613d41a6627a.txt,rf100,roboflow-100/excavators-czvg9,tidak,-,1
train,rf100_image_473_jpg.rf.fc4492c0a341ed8bc5f3630a02e2729f.txt,rf100,roboflow-100/excavators-czvg9,tidak,-,2
train,rf100_image_474_jpg.rf.9e453bc327d19952d3ecf352af8695eb.txt,rf100,roboflow-100/excavators-czvg9,tidak,-,1
train,rf100_image_475_jpg.rf.d52cb7868f3e55c2bedf7533c277f5bb.txt,rf100,roboflow-100/excavators-czvg9,tidak,-,2
train,rf100_image_476_jpg.rf.fcfde5708f706872be2378da053e6988.txt,rf100,roboflow-100/excavators-czvg9,tidak,-,1
train,rf100_image_477_jpg.rf.fc1439a62a94c51c0019525d922f5515.txt,rf100,roboflow-100/excavators-czvg9,tidak,-,1
train,rf100_image_478_jpg.rf.37e9bef9d30170d9bc0fcd1383e8dd99.txt,rf100,roboflow-100/excavators-czvg9,tidak,-,2
train,rf100_image_479_jpg.rf.60e5e42c8e80e27a2e2eac31b7ff2b18.txt,rf100,roboflow-100/excavators-czvg9,tidak,-,1
train,rf100_image_47_jpg.rf.22f2901e35685108f38b28c4043cd703.txt,rf100,roboflow-100/excavators-czvg9,tidak,-,1
train,rf100_image_481_jpg.rf.a671d473fd4e4df104d7b3828dd40337.txt,rf100,roboflow-100/excavators-czvg9,tidak,-,1
train,rf100_image_482_jpg.rf.b5947474c596218315e521821f62e692.txt,rf100,roboflow-100/excavators-czvg9,tidak,-,1
train,rf100_image_483_jpg.rf.5543ec0ab15c1e6bc6ed104c6a616865.txt,rf100,roboflow-100/excavators-czvg9,tidak,-,1
train,rf100_image_484_jpg.rf.ae3b271013984824b1a48f2a2ed2d969.txt,rf100,roboflow-100/excavators-czvg9,tidak,-,2
train,rf100_image_485_jpg.rf.d048d3112ea9f58d49d286a6591ecc08.txt,rf100,roboflow-100/excavators-czvg9,tidak,-,1
train,rf100_image_486_jpg.rf.18d144909e620bf78167856b72049ad5.txt,rf100,roboflow-100/excavators-czvg9,tidak,-,1
train,rf100_image_487_jpg.rf.b320a679c039d9672761e784f4f2854f.txt,rf100,roboflow-100/excavators-czvg9,tidak,-,2
train,rf100_image_488_jpg.rf.dbde2f948e11c1aeaa2ba5226b2c9ca7.txt,rf100,roboflow-100/excavators-czvg9,tidak,-,1
train,rf100_image_489_jpg.rf.88be08f87e5ac8092ef6db1fc1b39d38.txt,rf100,roboflow-100/excavators-czvg9,tidak,-,1
train,rf100_image_48_jpg.rf.1a384e0a6fd9b4655ac13040391e7d83.txt,rf100,roboflow-100/excavators-czvg9,tidak,-,1
train,rf100_image_490_jpg.rf.7680dee4b521a10e1b2b5fa0d783eea9.txt,rf100,roboflow-100/excavators-czvg9,tidak,-,3
train,rf100_image_491_jpg.rf.06ff67caae306889066df76b6a374c47.txt,rf100,roboflow-100/excavators-czvg9,tidak,-,1
train,rf100_image_492_jpg.rf.c41784d402558b8d4703a1431d1b29be.txt,rf100,roboflow-100/excavators-czvg9,tidak,-,1
train,rf100_image_493_jpg.rf.02caea48b9a3bdb45da3e25c70f62b94.txt,rf100,roboflow-100/excavators-czvg9,tidak,-,2
train,rf100_image_494_jpg.rf.e0c08b2402b69529e8b5ef3657cd2869.txt,rf100,roboflow-100/excavators-czvg9,tidak,-,2
train,rf100_image_495_jpg.rf.b61548493c30da0a35b606291209a6b1.txt,rf100,roboflow-100/excavators-czvg9,tidak,-,1
train,rf100_image_496_jpg.rf.e8b619719a9f9d5d25c51f70ad699684.txt,rf100,roboflow-100/excavators-czvg9,tidak,-,1
train,rf100_image_497_jpg.rf.9d79f1975a8076b991e200205a887ced.txt,rf100,roboflow-100/excavators-czvg9,tidak,-,1
train,rf100_image_498_jpg.rf.cca3781e6749f9e0681b2be403b227a5.txt,rf100,roboflow-100/excavators-czvg9,tidak,-,1
train,rf100_image_499_jpg.rf.1c154a5b236075dd95b0a1fe9309e676.txt,rf100,roboflow-100/excavators-czvg9,tidak,-,1
train,rf100_image_49_jpg.rf.75207c264b19a4574fe412b6e1f53ea1.txt,rf100,roboflow-100/excavators-czvg9,tidak,-,2
train,rf100_image_4_jpg.rf.dd2d48e31b36298d5bbe02f96a2ee271.txt,rf100,roboflow-100/excavators-czvg9,tidak,-,1
train,rf100_image_500_jpg.rf.d991ff2e12f3043fefde15d712c9b8b2.txt,rf100,roboflow-100/excavators-czvg9,tidak,-,1
train,rf100_image_501_jpg.rf.eb7ae32489b521aa0963e20eb384fe01.txt,rf100,roboflow-100/excavators-czvg9,tidak,-,1
train,rf100_image_502_jpg.rf.33c7c14a4a6873ca358b98e643b03e67.txt,rf100,roboflow-100/excavators-czvg9,tidak,-,1
train,rf100_image_503_jpg.rf.da7b075b1db48948e2e299610901ae85.txt,rf100,roboflow-100/excavators-czvg9,tidak,-,1
train,rf100_image_504_jpg.rf.4227b366ea1132bd0a31c754ca90f144.txt,rf100,roboflow-100/excavators-czvg9,tidak,-,1
train,rf100_image_505_jpg.rf.59f0870e75fef7dfde0af548b2decd71.txt,rf100,roboflow-100/excavators-czvg9,tidak,-,2
train,rf100_image_50_jpg.rf.d17a1af228c5e88ee0f97530bbdf8ef8.txt,rf100,roboflow-100/excavators-czvg9,tidak,-,1
train,rf100_image_51_jpg.rf.6e6faf5aa254ab786f180d601028dffd.txt,rf100,roboflow-100/excavators-czvg9,tidak,-,1
train,rf100_image_520_jpg.rf.19fd7f17e276783a540f400ac15ebc67.txt,rf100,roboflow-100/excavators-czvg9,tidak,-,1
train,rf100_image_521_jpg.rf.b8b7127f7f6a910248abdb760514548e.txt,rf100,roboflow-100/excavators-czvg9,tidak,-,1
train,rf100_image_522_jpg.rf.3f723b3f3388c02cd447589b93ac9b92.txt,rf100,roboflow-100/excavators-czvg9,tidak,-,1
train,rf100_image_523_jpg.rf.52ca5efe7e83c76f47774f6be323776e.txt,rf100,roboflow-100/excavators-czvg9,tidak,-,3
train,rf100_image_524_jpg.rf.3c1411cf3f8d6516de4df02387709460.txt,rf100,roboflow-100/excavators-czvg9,tidak,-,1
train,rf100_image_525_jpg.rf.56cc5d685444d207c02eb5a1e93e9458.txt,rf100,roboflow-100/excavators-czvg9,tidak,-,1
train,rf100_image_526_jpg.rf.9a1b85c350a319ba2cba26cbc0ca715b.txt,rf100,roboflow-100/excavators-czvg9,tidak,-,1
train,rf100_image_527_jpg.rf.f496d95466a19dfe607823652fdcafdf.txt,rf100,roboflow-100/excavators-czvg9,tidak,-,1
train,rf100_image_528_jpg.rf.c47d858d67fc00020127f68dbfbd7f60.txt,rf100,roboflow-100/excavators-czvg9,tidak,-,1
train,rf100_image_529_jpg.rf.2d01920667ba975e1963f9a37f598185.txt,rf100,roboflow-100/excavators-czvg9,tidak,-,1
train,rf100_image_52_jpg.rf.00147eda0db89d3c9b67a048ce813d57.txt,rf100,roboflow-100/excavators-czvg9,tidak,-,1
train,rf100_image_530_jpg.rf.46470541b2ac2f9c7707e3b249b54b7d.txt,rf100,roboflow-100/excavators-czvg9,tidak,-,1
train,rf100_image_531_jpg.rf.a64d6903b59805851ed5a61e7f52c76d.txt,rf100,roboflow-100/excavators-czvg9,tidak,-,1
train,rf100_image_532_jpg.rf.f931d721f93486a8f076e7b0b2c7bd04.txt,rf100,roboflow-100/excavators-czvg9,tidak,-,2
train,rf100_image_533_jpg.rf.35efd6c25b6cf04b90412a4b2da3f862.txt,rf100,roboflow-100/excavators-czvg9,tidak,-,1
train,rf100_image_534_jpg.rf.be3378f91651ba58c655028bf7e92a16.txt,rf100,roboflow-100/excavators-czvg9,tidak,-,1
train,rf100_image_535_jpg.rf.4167a9b9939cf4a4b02bce922200a0cc.txt,rf100,roboflow-100/excavators-czvg9,tidak,-,1
train,rf100_image_536_jpg.rf.396e8917784fc2b5bc2472dc30808bdc.txt,rf100,roboflow-100/excavators-czvg9,tidak,-,2
train,rf100_image_537_jpg.rf.5bc5d69fe0f64055cc139d38993e9f3c.txt,rf100,roboflow-100/excavators-czvg9,tidak,-,1
train,rf100_image_538_jpg.rf.e1c00fa94ea4bf76f036ef69a41af44c.txt,rf100,roboflow-100/excavators-czvg9,tidak,-,1
train,rf100_image_539_jpg.rf.29e71f0825b756846eb713afde4d5fe2.txt,rf100,roboflow-100/excavators-czvg9,tidak,-,1
train,rf100_image_53_jpg.rf.0c511b53532c6acc247a8191a7bda936.txt,rf100,roboflow-100/excavators-czvg9,tidak,-,1
train,rf100_image_541_jpg.rf.d25a65656609983ac4b8cef7ddf6c114.txt,rf100,roboflow-100/excavators-czvg9,tidak,-,1
train,rf100_image_542_jpg.rf.8cd77ab51d183609646e8784b9ea81c6.txt,rf100,roboflow-100/excavators-czvg9,tidak,-,1
train,rf100_image_543_jpg.rf.43418f0038107a0539993c5514971448.txt,rf100,roboflow-100/excavators-czvg9,tidak,-,1
train,rf100_image_544_jpg.rf.c3076f70da0c8c52c927d6c46e88fa69.txt,rf100,roboflow-100/excavators-czvg9,tidak,-,1
train,rf100_image_545_jpg.rf.fef2e10289a981c5c18ec916676c9be0.txt,rf100,roboflow-100/excavators-czvg9,tidak,-,3
train,rf100_image_546_jpg.rf.9bc92fade7ceef6e326c2c946c398944.txt,rf100,roboflow-100/excavators-czvg9,tidak,-,1
train,rf100_image_548_jpg.rf.1fe871adab50415034f13a36f0f10cca.txt,rf100,roboflow-100/excavators-czvg9,tidak,-,1
train,rf100_image_549_jpg.rf.d5dd490bd88b785153f6abb80ec662c2.txt,rf100,roboflow-100/excavators-czvg9,tidak,-,1
train,rf100_image_54_jpg.rf.64292a72e4ba9a0a65bb85d29a1eaf36.txt,rf100,roboflow-100/excavators-czvg9,tidak,-,1
train,rf100_image_550_jpg.rf.c66b82daad51e01f35df890b21d1edf2.txt,rf100,roboflow-100/excavators-czvg9,tidak,-,1
train,rf100_image_551_jpg.rf.824af85fa504a5eeca418f007c08b899.txt,rf100,roboflow-100/excavators-czvg9,tidak,-,1
train,rf100_image_552_jpg.rf.78628b7957ccdd7043ccc34582078a2e.txt,rf100,roboflow-100/excavators-czvg9,tidak,-,1
train,rf100_image_553_jpg.rf.758170458c302566ed4f6b83f7b3bd6a.txt,rf100,roboflow-100/excavators-czvg9,tidak,-,1
train,rf100_image_555_jpg.rf.1cf20bc3913d7141798da336513c86e6.txt,rf100,roboflow-100/excavators-czvg9,tidak,-,1
train,rf100_image_556_jpg.rf.0637560f3507a29b9fddc827367c3c62.txt,rf100,roboflow-100/excavators-czvg9,tidak,-,1
train,rf100_image_557_jpg.rf.74eda53bafa4e1f8c4f7960ca134a065.txt,rf100,roboflow-100/excavators-czvg9,tidak,-,2
train,rf100_image_558_jpg.rf.0ad1db5417cfca6031e47564d08e0ebe.txt,rf100,roboflow-100/excavators-czvg9,tidak,-,2
train,rf100_image_559_jpg.rf.b8dde6a088f5c8bf1d05d877e1a001ea.txt,rf100,roboflow-100/excavators-czvg9,tidak,-,3
train,rf100_image_55_jpg.rf.59979d18c8e0e04115f80e02547ac4b5.txt,rf100,roboflow-100/excavators-czvg9,tidak,-,1
train,rf100_image_560_jpg.rf.f7424f0b1c0c61a9c69fd3ccd789d800.txt,rf100,roboflow-100/excavators-czvg9,tidak,-,1
train,rf100_image_561_jpg.rf.9fff3ef6e54ebf0970d5ea85fb16107c.txt,rf100,roboflow-100/excavators-czvg9,tidak,-,1
train,rf100_image_562_jpg.rf.c1070cd5efcbbe528af545051466fdac.txt,rf100,roboflow-100/excavators-czvg9,tidak,-,2
train,rf100_image_563_jpg.rf.9d9078d7c42eac6faf76f85a7a36e0ae.txt,rf100,roboflow-100/excavators-czvg9,tidak,-,1
train,rf100_image_564_jpg.rf.030ecff495643fee0ce5b1c858d70cf9.txt,rf100,roboflow-100/excavators-czvg9,tidak,-,1
train,rf100_image_565_jpg.rf.78dc18fd0883229f73f0e07648ef1800.txt,rf100,roboflow-100/excavators-czvg9,tidak,-,1
train,rf100_image_566_jpg.rf.cef3a69cb09e4c72bf6627772d90dd44.txt,rf100,roboflow-100/excavators-czvg9,tidak,-,1
train,rf100_image_567_jpg.rf.bb79db0e3e3a523c31dc03febe7efd9f.txt,rf100,roboflow-100/excavators-czvg9,tidak,-,1
train,rf100_image_568_jpg.rf.5bfbbbe232eafd56994be448ef7ad936.txt,rf100,roboflow-100/excavators-czvg9,tidak,-,1
train,rf100_image_569_jpg.rf.e0598dc2bb7512dd61d5d0a5a61b26aa.txt,rf100,roboflow-100/excavators-czvg9,tidak,-,1
train,rf100_image_56_jpg.rf.f3be71f3d828148eee75a9d8f32db2ef.txt,rf100,roboflow-100/excavators-czvg9,tidak,-,1
train,rf100_image_570_jpg.rf.72d87f3f1c66d6cb2be1c5bb10800c3e.txt,rf100,roboflow-100/excavators-czvg9,tidak,-,1
train,rf100_image_571_jpg.rf.bfdce1a0c56d28503b227d9b8cf44175.txt,rf100,roboflow-100/excavators-czvg9,tidak,-,1
train,rf100_image_572_jpg.rf.d328c25cebfc727f6645b07cd95e630c.txt,rf100,roboflow-100/excavators-czvg9,tidak,-,1
train,rf100_image_573_jpg.rf.54d88344138696f783db20792b2f76f1.txt,rf100,roboflow-100/excavators-czvg9,tidak,-,1
train,rf100_image_574_jpg.rf.2b9b8ec210b63098dd6b396b2d28567e.txt,rf100,roboflow-100/excavators-czvg9,tidak,-,1
train,rf100_image_575_jpg.rf.fd32aa0bf5177d1c6f808339c4370b9d.txt,rf100,roboflow-100/excavators-czvg9,tidak,-,1
train,rf100_image_576_jpg.rf.4a21e9d688e5d06028e702eb6c4bf34a.txt,rf100,roboflow-100/excavators-czvg9,tidak,-,1
train,rf100_image_577_jpg.rf.8a49efb0d7a235a375902a944d5bd703.txt,rf100,roboflow-100/excavators-czvg9,tidak,-,1
train,rf100_image_578_jpg.rf.37a772844a49d4a62f18817a2937aac5.txt,rf100,roboflow-100/excavators-czvg9,tidak,-,1
train,rf100_image_579_jpg.rf.2542ed6d0f4c35158682eeb66d23736f.txt,rf100,roboflow-100/excavators-czvg9,tidak,-,1
train,rf100_image_57_jpg.rf.3316fe5c674b5443355483cf9aa91e17.txt,rf100,roboflow-100/excavators-czvg9,tidak,-,1
train,rf100_image_580_jpg.rf.2878c777149f7f66a5ef626f9bf585bb.txt,rf100,roboflow-100/excavators-czvg9,tidak,-,1
train,rf100_image_581_jpg.rf.861931fe17c3a85203ebe019fb221789.txt,rf100,roboflow-100/excavators-czvg9,tidak,-,2
train,rf100_image_582_jpg.rf.de684bd71d775d01d899e6e08cfed125.txt,rf100,roboflow-100/excavators-czvg9,tidak,-,1
train,rf100_image_583_jpg.rf.e15b854a23048f63f85af4820505018b.txt,rf100,roboflow-100/excavators-czvg9,tidak,-,1
train,rf100_image_584_jpg.rf.d419fe7030178ca342f1f386c98d031e.txt,rf100,roboflow-100/excavators-czvg9,tidak,-,1
train,rf100_image_585_jpg.rf.cf5450c99b48457b4a5ac80b6f34e4d7.txt,rf100,roboflow-100/excavators-czvg9,tidak,-,4
train,rf100_image_586_jpg.rf.322bccb72024d793bcdfc6ecd4714556.txt,rf100,roboflow-100/excavators-czvg9,tidak,-,1
train,rf100_image_588_jpg.rf.7ee0c5415093a26b75b3ba26f384a7c9.txt,rf100,roboflow-100/excavators-czvg9,tidak,-,1
train,rf100_image_589_jpg.rf.f9962aea45c10d08dcbd46ec0bebfeae.txt,rf100,roboflow-100/excavators-czvg9,tidak,-,2
train,rf100_image_58_jpg.rf.5eedea66ed3a3ebeafa626159bff32bd.txt,rf100,roboflow-100/excavators-czvg9,tidak,-,1
train,rf100_image_590_jpg.rf.a43d4c46abce13cc89f1952b06754cb2.txt,rf100,roboflow-100/excavators-czvg9,tidak,-,1
train,rf100_image_591_jpg.rf.765c82c34f19cae6e556f0c301f929b4.txt,rf100,roboflow-100/excavators-czvg9,tidak,-,1
train,rf100_image_592_jpg.rf.a4b9a6f01ae154f8208c153feb7a7cec.txt,rf100,roboflow-100/excavators-czvg9,tidak,-,1
train,rf100_image_593_jpg.rf.dd54c03a94a0ff13ce08a5230aa0f221.txt,rf100,roboflow-100/excavators-czvg9,tidak,-,1
train,rf100_image_594_jpg.rf.7500070031bde19533efa47982214218.txt,rf100,roboflow-100/excavators-czvg9,tidak,-,1
train,rf100_image_595_jpg.rf.aaf1ffe3ddd1a87c2b324eb9110fd331.txt,rf100,roboflow-100/excavators-czvg9,tidak,-,1
train,rf100_image_596_jpg.rf.83a065176e08fc66f49411d8a3f7834f.txt,rf100,roboflow-100/excavators-czvg9,tidak,-,1
train,rf100_image_597_jpg.rf.8b301662ab3aab75d162d679c5010b8e.txt,rf100,roboflow-100/excavators-czvg9,tidak,-,2
train,rf100_image_598_jpg.rf.e40c057bf457cb0c357d547b647e3342.txt,rf100,roboflow-100/excavators-czvg9,tidak,-,3
train,rf100_image_599_jpg.rf.2891683d2b483d6e84055445a9019a24.txt,rf100,roboflow-100/excavators-czvg9,tidak,-,1
train,rf100_image_59_jpg.rf.2cde74bca484340c49ad7e0d5d5e142f.txt,rf100,roboflow-100/excavators-czvg9,tidak,-,2
train,rf100_image_5_jpg.rf.c5301df8df651cbf251445fa4ff77153.txt,rf100,roboflow-100/excavators-czvg9,tidak,-,1
train,rf100_image_600_jpg.rf.1da7f09d619ff9e9908e74a3b5a2ed5b.txt,rf100,roboflow-100/excavators-czvg9,tidak,-,1
train,rf100_image_601_jpg.rf.6de0c126db6dd11c1b74c4206f9ddcd3.txt,rf100,roboflow-100/excavators-czvg9,tidak,-,1
train,rf100_image_602_jpg.rf.7f825afc7e11b0cb6cd336bc5070667c.txt,rf100,roboflow-100/excavators-czvg9,tidak,-,1
train,rf100_image_603_jpg.rf.664acd8503151eb2651ddda1582c0c27.txt,rf100,roboflow-100/excavators-czvg9,tidak,-,1
train,rf100_image_604_jpg.rf.436d815ae6831525c5b81b818e944f8e.txt,rf100,roboflow-100/excavators-czvg9,tidak,-,2
train,rf100_image_606_jpg.rf.aaf3209becbb5b2e9282b48cf76cceb7.txt,rf100,roboflow-100/excavators-czvg9,tidak,-,1
train,rf100_image_607_jpg.rf.d60e3fb1b0126bac68263f4f0cff6cdd.txt,rf100,roboflow-100/excavators-czvg9,tidak,-,1
train,rf100_image_608_jpg.rf.765caf13b59620d983715cf95571a6ed.txt,rf100,roboflow-100/excavators-czvg9,tidak,-,2
train,rf100_image_609_jpg.rf.78fe093b3ecb67aaeaf81a8add118b98.txt,rf100,roboflow-100/excavators-czvg9,tidak,-,2
train,rf100_image_60_jpg.rf.7e98cf2e82cd53affae12f9096435293.txt,rf100,roboflow-100/excavators-czvg9,tidak,-,1
train,rf100_image_610_jpg.rf.fbb8a6b0a49acef98ee63f3783ead7cc.txt,rf100,roboflow-100/excavators-czvg9,tidak,-,1
train,rf100_image_611_jpg.rf.19ec5b0e8941811b22bcf3974408d42f.txt,rf100,roboflow-100/excavators-czvg9,tidak,-,1
train,rf100_image_612_jpg.rf.97d2ead300244c6d61b77ef2feb4db7e.txt,rf100,roboflow-100/excavators-czvg9,tidak,-,2
train,rf100_image_613_jpg.rf.14fd0824bf31157bb2278710c360de05.txt,rf100,roboflow-100/excavators-czvg9,tidak,-,2
train,rf100_image_614_jpg.rf.caa0f21226d6dd1b4295f4b2bd2dfa4b.txt,rf100,roboflow-100/excavators-czvg9,tidak,-,1
train,rf100_image_615_jpg.rf.b2da13e163d113b7dd1faf8a2854ec3b.txt,rf100,roboflow-100/excavators-czvg9,tidak,-,1
train,rf100_image_616_jpg.rf.95e78b8b97f6597c3781018e5c307306.txt,rf100,roboflow-100/excavators-czvg9,tidak,-,1
train,rf100_image_617_jpg.rf.cd1bb04fc9a39d796d97ff6564c4780c.txt,rf100,roboflow-100/excavators-czvg9,tidak,-,1
train,rf100_image_618_jpg.rf.16c3a0890bddae7b3533ee9766e62d86.txt,rf100,roboflow-100/excavators-czvg9,tidak,-,1
train,rf100_image_619_jpg.rf.22390299406dd5a3dca771307b3465db.txt,rf100,roboflow-100/excavators-czvg9,tidak,-,1
train,rf100_image_61_jpg.rf.56d444a7021def41a9fe841f645f4b52.txt,rf100,roboflow-100/excavators-czvg9,tidak,-,0
train,rf100_image_620_jpg.rf.40b680e752dc22d033abe5d65e801f9e.txt,rf100,roboflow-100/excavators-czvg9,tidak,-,1
train,rf100_image_621_jpg.rf.87d8d576b0682dc1aba0a9c1e7561b04.txt,rf100,roboflow-100/excavators-czvg9,tidak,-,1
train,rf100_image_622_jpg.rf.67379f42a10a63a4c9b28a9095409f0e.txt,rf100,roboflow-100/excavators-czvg9,tidak,-,2
train,rf100_image_623_jpg.rf.c0091ca6b15bcd972be5fa5899b92fc8.txt,rf100,roboflow-100/excavators-czvg9,tidak,-,1
train,rf100_image_624_jpg.rf.724c7251aaa77bba09d6de64435a99a8.txt,rf100,roboflow-100/excavators-czvg9,tidak,-,4
train,rf100_image_625_jpg.rf.f31660cd8e99df465b2466ab96e2ba60.txt,rf100,roboflow-100/excavators-czvg9,tidak,-,1
train,rf100_image_626_jpg.rf.9623ff148ed1d44b6ffe328c227b8983.txt,rf100,roboflow-100/excavators-czvg9,tidak,-,1
train,rf100_image_627_jpg.rf.81163e7848625d5eceebc2d4b059b8cd.txt,rf100,roboflow-100/excavators-czvg9,tidak,-,1
train,rf100_image_628_jpg.rf.7671ab788669ac0b90df783231b37ee7.txt,rf100,roboflow-100/excavators-czvg9,tidak,-,1
train,rf100_image_629_jpg.rf.c77bf23e4d9de7684bd0c0941b70ad72.txt,rf100,roboflow-100/excavators-czvg9,tidak,-,2
train,rf100_image_62_jpg.rf.c5fdbacca7fcd315323d1c1b93534c21.txt,rf100,roboflow-100/excavators-czvg9,tidak,-,0
train,rf100_image_630_jpg.rf.5066049bf79f50c99fb74c9c6284fd1e.txt,rf100,roboflow-100/excavators-czvg9,tidak,-,2
train,rf100_image_631_jpg.rf.ed390613d9f5f2b06a8b04cc3fed72f7.txt,rf100,roboflow-100/excavators-czvg9,tidak,-,1
train,rf100_image_632_jpg.rf.cd117876a63ab0bfbc7f0a3544c26cca.txt,rf100,roboflow-100/excavators-czvg9,tidak,-,1
train,rf100_image_633_jpg.rf.49e8a612ccce78b5b6b095c63b4035d9.txt,rf100,roboflow-100/excavators-czvg9,tidak,-,1
train,rf100_image_634_jpg.rf.c908fd08aeef48fc738d56bc2b53ec9f.txt,rf100,roboflow-100/excavators-czvg9,tidak,-,1
train,rf100_image_635_jpg.rf.4f74a68f28dde6e6e7bbc5f002dfe9b6.txt,rf100,roboflow-100/excavators-czvg9,tidak,-,2
train,rf100_image_636_jpg.rf.c92a625fdf3f8f791b63843bea9e2d59.txt,rf100,roboflow-100/excavators-czvg9,tidak,-,2
train,rf100_image_637_jpg.rf.b4bb9a85d4429195bbcb1f1d62bf0a39.txt,rf100,roboflow-100/excavators-czvg9,tidak,-,1
train,rf100_image_639_jpg.rf.29fc880ce13b604ef4d5a06572ff10f5.txt,rf100,roboflow-100/excavators-czvg9,tidak,-,1
train,rf100_image_63_jpg.rf.86555c126ee523d11ec1014656c3ca9f.txt,rf100,roboflow-100/excavators-czvg9,tidak,-,0
train,rf100_image_640_jpg.rf.cc9ca417215998c84eb877fc89fe2104.txt,rf100,roboflow-100/excavators-czvg9,tidak,-,1
train,rf100_image_641_jpg.rf.159aa21aba345d405bab3d74853d0da5.txt,rf100,roboflow-100/excavators-czvg9,tidak,-,1
train,rf100_image_642_jpg.rf.7ddc890d080d2f0e06b1ac3cb3f2a240.txt,rf100,roboflow-100/excavators-czvg9,tidak,-,1
train,rf100_image_643_jpg.rf.eeccdd5b2b0097068a21bfada19eb61b.txt,rf100,roboflow-100/excavators-czvg9,tidak,-,1
train,rf100_image_644_jpg.rf.d233205f80415feb42c46bd6abc39a39.txt,rf100,roboflow-100/excavators-czvg9,tidak,-,4
train,rf100_image_645_jpg.rf.d4fdc035ecbff6d21ad7bd1d3add63aa.txt,rf100,roboflow-100/excavators-czvg9,tidak,-,1
train,rf100_image_646_jpg.rf.81256ce459ce0741608303208b050699.txt,rf100,roboflow-100/excavators-czvg9,tidak,-,1
train,rf100_image_647_jpg.rf.712dc7930ce2e8cb04195d9f1946e84f.txt,rf100,roboflow-100/excavators-czvg9,tidak,-,1
train,rf100_image_648_jpg.rf.9f214ab661bf19962d2c545aca4630ad.txt,rf100,roboflow-100/excavators-czvg9,tidak,-,1
train,rf100_image_649_jpg.rf.d245ef8b18a3c4dcdd4a6607a4f0894c.txt,rf100,roboflow-100/excavators-czvg9,tidak,-,2
train,rf100_image_64_jpg.rf.51d02ddc7fa5e8c4a8fff1562e194f18.txt,rf100,roboflow-100/excavators-czvg9,tidak,-,1
train,rf100_image_650_jpg.rf.e619b79febb2d8e5eeb305c586d086f9.txt,rf100,roboflow-100/excavators-czvg9,tidak,-,2
train,rf100_image_651_jpg.rf.7fdbc253a7898c8e6d51900a92db9e9c.txt,rf100,roboflow-100/excavators-czvg9,tidak,-,1
train,rf100_image_652_jpg.rf.713ed48fce651daa097a953f38e1a26a.txt,rf100,roboflow-100/excavators-czvg9,tidak,-,1
train,rf100_image_653_jpg.rf.0ed1c15e97a2a09eb683465f24498a6a.txt,rf100,roboflow-100/excavators-czvg9,tidak,-,1
train,rf100_image_654_jpg.rf.67446e80866bee71d89478645532fe99.txt,rf100,roboflow-100/excavators-czvg9,tidak,-,1
train,rf100_image_655_jpg.rf.361a5d8d3da4ff299dced81a70887e00.txt,rf100,roboflow-100/excavators-czvg9,tidak,-,1
train,rf100_image_656_jpg.rf.187768eee918bf9835648ab67daaadde.txt,rf100,roboflow-100/excavators-czvg9,tidak,-,1
train,rf100_image_657_jpg.rf.558a745c04e0c7f9082ff3efb3ca4e64.txt,rf100,roboflow-100/excavators-czvg9,tidak,-,2
train,rf100_image_658_jpg.rf.b6c165cac997540f68feddec3469f80f.txt,rf100,roboflow-100/excavators-czvg9,tidak,-,2
train,rf100_image_659_jpg.rf.319480361f0201e7296d09c3a154029f.txt,rf100,roboflow-100/excavators-czvg9,tidak,-,2
train,rf100_image_65_jpg.rf.54155374073862cc4b9abb922fca6e4a.txt,rf100,roboflow-100/excavators-czvg9,tidak,-,0
train,rf100_image_660_jpg.rf.5961febc415178acff8d3b9ea7ccfe41.txt,rf100,roboflow-100/excavators-czvg9,tidak,-,1
train,rf100_image_661_jpg.rf.8c8bd9415a9ccd3dc14894c72213a39f.txt,rf100,roboflow-100/excavators-czvg9,tidak,-,1
train,rf100_image_662_jpg.rf.2698599fb749c2594e45d1462ccf91ea.txt,rf100,roboflow-100/excavators-czvg9,tidak,-,1
train,rf100_image_663_jpg.rf.f8b5dba6d0f548ee74f9068cf336eff4.txt,rf100,roboflow-100/excavators-czvg9,tidak,-,1
train,rf100_image_664_jpg.rf.8a67c58e1b235557217e2609084f92ed.txt,rf100,roboflow-100/excavators-czvg9,tidak,-,1
train,rf100_image_665_jpg.rf.b8936421aab25c5a68d442b96208eec7.txt,rf100,roboflow-100/excavators-czvg9,tidak,-,1
train,rf100_image_666_jpg.rf.ec1bd8c30759af4ffb6753070622a215.txt,rf100,roboflow-100/excavators-czvg9,tidak,-,1
train,rf100_image_667_jpg.rf.9e5830157fa696f5733e12ac194bfece.txt,rf100,roboflow-100/excavators-czvg9,tidak,-,1
train,rf100_image_668_jpg.rf.bcdaac0f392904ff2639d47c535a8d4f.txt,rf100,roboflow-100/excavators-czvg9,tidak,-,1
train,rf100_image_669_jpg.rf.f0886f137c1839dd12850d71ab836055.txt,rf100,roboflow-100/excavators-czvg9,tidak,-,1
train,rf100_image_66_jpg.rf.ca93d10607fcd40b7c2256b290a0aae2.txt,rf100,roboflow-100/excavators-czvg9,tidak,-,1
train,rf100_image_670_jpg.rf.7f586a6904d379a752869c775ec2ce5d.txt,rf100,roboflow-100/excavators-czvg9,tidak,-,1
train,rf100_image_671_jpg.rf.48e255a7842707e6425fa2dde9bfcef0.txt,rf100,roboflow-100/excavators-czvg9,tidak,-,1
train,rf100_image_672_jpg.rf.f7b167b7e182df90dd8f2a56de2add4f.txt,rf100,roboflow-100/excavators-czvg9,tidak,-,1
train,rf100_image_673_jpg.rf.532ec05ac9ba3710a61a9d7ce1333ccd.txt,rf100,roboflow-100/excavators-czvg9,tidak,-,1
train,rf100_image_674_jpg.rf.09ebaf94e911522a303a8f2cfab29d9c.txt,rf100,roboflow-100/excavators-czvg9,tidak,-,6
train,rf100_image_675_jpg.rf.4a6c30768045cf5a424948d9de0b3a88.txt,rf100,roboflow-100/excavators-czvg9,tidak,-,1
train,rf100_image_676_jpg.rf.41d9e9a017f79cebf9e5b506842589c3.txt,rf100,roboflow-100/excavators-czvg9,tidak,-,2
train,rf100_image_677_jpg.rf.bd519b316e270fe13bc6cbda7f63e17c.txt,rf100,roboflow-100/excavators-czvg9,tidak,-,1
train,rf100_image_678_jpg.rf.fe52ed6305205249e41be14f8f5fea26.txt,rf100,roboflow-100/excavators-czvg9,tidak,-,1
train,rf100_image_679_jpg.rf.4584d44c0449185f0893e2ee042f033f.txt,rf100,roboflow-100/excavators-czvg9,tidak,-,1
train,rf100_image_67_jpg.rf.f8523f01460bb82be347fe979b46575c.txt,rf100,roboflow-100/excavators-czvg9,tidak,-,1
train,rf100_image_680_jpg.rf.d6b3de96314a908aa498908a347ccf5e.txt,rf100,roboflow-100/excavators-czvg9,tidak,-,3
train,rf100_image_681_jpg.rf.51a7e8b4c29bdd482bc44b7533066780.txt,rf100,roboflow-100/excavators-czvg9,tidak,-,3
train,rf100_image_682_jpg.rf.1f97d5235a35e07ad6a72819af8459df.txt,rf100,roboflow-100/excavators-czvg9,tidak,-,1
train,rf100_image_683_jpg.rf.7fa01d4dca9896170a39b0538300ae77.txt,rf100,roboflow-100/excavators-czvg9,tidak,-,1
train,rf100_image_684_jpg.rf.459f5698afa9c4b3046c8b67fe514c71.txt,rf100,roboflow-100/excavators-czvg9,tidak,-,2
train,rf100_image_685_jpg.rf.77da902a433f061400a61ff7fc0e86d9.txt,rf100,roboflow-100/excavators-czvg9,tidak,-,1
train,rf100_image_686_jpg.rf.ad9c72e0d9759f3dacf0f60cb832df1c.txt,rf100,roboflow-100/excavators-czvg9,tidak,-,1
train,rf100_image_687_jpg.rf.a86d730b5168a4410a93ad834d99c945.txt,rf100,roboflow-100/excavators-czvg9,tidak,-,1
train,rf100_image_688_jpg.rf.a2ee680f39bd137b0dcbe79acb71bbe5.txt,rf100,roboflow-100/excavators-czvg9,tidak,-,1
train,rf100_image_689_jpg.rf.f3f6c7ed7388f186fdb353566379226d.txt,rf100,roboflow-100/excavators-czvg9,tidak,-,1
train,rf100_image_68_jpg.rf.7637531f5df48585d999f1ae66c54c99.txt,rf100,roboflow-100/excavators-czvg9,tidak,-,1
train,rf100_image_690_jpg.rf.58bf9888abbeb7afcb8de0b92229d584.txt,rf100,roboflow-100/excavators-czvg9,tidak,-,1
train,rf100_image_691_jpg.rf.0f3227c2dc9423e458a1fe471cdc17ed.txt,rf100,roboflow-100/excavators-czvg9,tidak,-,1
train,rf100_image_692_jpg.rf.cce4fa62e3b327b6e759371a20db1bec.txt,rf100,roboflow-100/excavators-czvg9,tidak,-,1
train,rf100_image_693_jpg.rf.7d7d290533148d5726cc59f54274ce21.txt,rf100,roboflow-100/excavators-czvg9,tidak,-,1
train,rf100_image_694_jpg.rf.48abc51c01e8c2e8121c445357f3c340.txt,rf100,roboflow-100/excavators-czvg9,tidak,-,1
train,rf100_image_695_jpg.rf.afd244284923c580e67699e7c7911fd8.txt,rf100,roboflow-100/excavators-czvg9,tidak,-,1
train,rf100_image_696_jpg.rf.4f0122c8b5be8b42ecdbd2ce3f09d8a6.txt,rf100,roboflow-100/excavators-czvg9,tidak,-,1
train,rf100_image_697_jpg.rf.792d3cdc1c70bf337032bbfe08816dc1.txt,rf100,roboflow-100/excavators-czvg9,tidak,-,1
train,rf100_image_698_jpg.rf.c9edf48d149ec7b72c3cb888993df4d3.txt,rf100,roboflow-100/excavators-czvg9,tidak,-,1
train,rf100_image_699_jpg.rf.e9838be06d1121c53feeefb75612c394.txt,rf100,roboflow-100/excavators-czvg9,tidak,-,1
train,rf100_image_69_jpg.rf.b757564ee6d8001f6590c0cc76ef03aa.txt,rf100,roboflow-100/excavators-czvg9,tidak,-,1
train,rf100_image_6_jpg.rf.8ca5d8ca64e281a1c1ff910f0643ec77.txt,rf100,roboflow-100/excavators-czvg9,tidak,-,1
train,rf100_image_700_jpg.rf.2d0f6fb90e82cfd49ee6626d24e61830.txt,rf100,roboflow-100/excavators-czvg9,tidak,-,1
train,rf100_image_701_jpg.rf.4d4c8b9f5af637140b95e3fe5037a6d7.txt,rf100,roboflow-100/excavators-czvg9,tidak,-,1
train,rf100_image_702_jpg.rf.05e503d89e40c7379c84cf8b4ae51e3a.txt,rf100,roboflow-100/excavators-czvg9,tidak,-,1
train,rf100_image_703_jpg.rf.8c425a137bb3a25e7923a7a1e1265e4f.txt,rf100,roboflow-100/excavators-czvg9,tidak,-,2
train,rf100_image_704_jpg.rf.86ec3988eeaf7110bf66c544897890d2.txt,rf100,roboflow-100/excavators-czvg9,tidak,-,2
train,rf100_image_705_jpg.rf.decd53986238b5165e5b8b1b525abd05.txt,rf100,roboflow-100/excavators-czvg9,tidak,-,2
train,rf100_image_706_jpg.rf.b6055e7bd6c85555983987db5ce141de.txt,rf100,roboflow-100/excavators-czvg9,tidak,-,1
train,rf100_image_707_jpg.rf.7e8cda7afb92b864cd807ed58d08646e.txt,rf100,roboflow-100/excavators-czvg9,tidak,-,1
train,rf100_image_708_jpg.rf.f0de674829e6af7fc43371ea884f73e6.txt,rf100,roboflow-100/excavators-czvg9,tidak,-,1
train,rf100_image_709_jpg.rf.b16c7d2372e31d2d1f6b1695c9ea7a37.txt,rf100,roboflow-100/excavators-czvg9,tidak,-,1
train,rf100_image_70_jpg.rf.024e96f565c8926ed35d81f66336227d.txt,rf100,roboflow-100/excavators-czvg9,tidak,-,1
train,rf100_image_710_jpg.rf.391c41fa1d7905e5de7d8bb740d0bf9f.txt,rf100,roboflow-100/excavators-czvg9,tidak,-,1
train,rf100_image_711_jpg.rf.0cd84a042fafc54ea9992dc5d379a7fc.txt,rf100,roboflow-100/excavators-czvg9,tidak,-,1
train,rf100_image_712_jpg.rf.91ef690ea8ef6215a215f0828e7eefc0.txt,rf100,roboflow-100/excavators-czvg9,tidak,-,1
train,rf100_image_713_jpg.rf.299d8f4ff1e73c89334706d1d7492c07.txt,rf100,roboflow-100/excavators-czvg9,tidak,-,2
train,rf100_image_714_jpg.rf.bf32fea5c452372c3b1e3799a228e1fd.txt,rf100,roboflow-100/excavators-czvg9,tidak,-,1
train,rf100_image_715_jpg.rf.79b169edbcecfed6766ca0efc838f150.txt,rf100,roboflow-100/excavators-czvg9,tidak,-,1
train,rf100_image_716_jpg.rf.a2b81205fdfcbce7cd6e36df4c1c7d47.txt,rf100,roboflow-100/excavators-czvg9,tidak,-,1
train,rf100_image_717_jpg.rf.5e4e820b45bfea06705b8796eb94d496.txt,rf100,roboflow-100/excavators-czvg9,tidak,-,1
train,rf100_image_718_jpg.rf.b55630cb30ddb5fd035077fa1a251502.txt,rf100,roboflow-100/excavators-czvg9,tidak,-,1
train,rf100_image_719_jpg.rf.e99b8d09974c3120afecda573774ce85.txt,rf100,roboflow-100/excavators-czvg9,tidak,-,1
train,rf100_image_71_jpg.rf.6ece8147b119009d7d5f9dfb44776459.txt,rf100,roboflow-100/excavators-czvg9,tidak,-,1
train,rf100_image_720_jpg.rf.92fbb6607ece84bf0b1e659c10adea59.txt,rf100,roboflow-100/excavators-czvg9,tidak,-,1
train,rf100_image_721_jpg.rf.54b256af1e0bedd62a22dd42db509408.txt,rf100,roboflow-100/excavators-czvg9,tidak,-,1
train,rf100_image_722_jpg.rf.028cce71215f4aee422c1745ed7cfe1f.txt,rf100,roboflow-100/excavators-czvg9,tidak,-,1
train,rf100_image_723_jpg.rf.e0bb3534db6302b9295bcd286bb1f9b0.txt,rf100,roboflow-100/excavators-czvg9,tidak,-,1
train,rf100_image_724_jpg.rf.8ba74bd11c642c51010a6c0e4306ec72.txt,rf100,roboflow-100/excavators-czvg9,tidak,-,1
train,rf100_image_725_jpg.rf.fd5f6e90f8ec83b92f4561b987d6cdbb.txt,rf100,roboflow-100/excavators-czvg9,tidak,-,1
train,rf100_image_726_jpg.rf.de788ed016a550a03f5d7e761fafb1f8.txt,rf100,roboflow-100/excavators-czvg9,tidak,-,1
train,rf100_image_727_jpg.rf.1ad5257737ca7f7f1f9ffb65f9cc095b.txt,rf100,roboflow-100/excavators-czvg9,tidak,-,1
train,rf100_image_729_jpg.rf.87b6a7935e6899fdb5f38c07db443063.txt,rf100,roboflow-100/excavators-czvg9,tidak,-,1
train,rf100_image_72_jpg.rf.337358776068e818fe64bcdd9f229e31.txt,rf100,roboflow-100/excavators-czvg9,tidak,-,1
train,rf100_image_730_jpg.rf.d374a3f28f03188fee03e9d89d4e3b06.txt,rf100,roboflow-100/excavators-czvg9,tidak,-,1
train,rf100_image_731_jpg.rf.9d0b1e336ccae18ef605e8bb36a4de4e.txt,rf100,roboflow-100/excavators-czvg9,tidak,-,1
train,rf100_image_732_jpg.rf.85091be0f7987ec05e3d7733801a5f13.txt,rf100,roboflow-100/excavators-czvg9,tidak,-,1
train,rf100_image_733_jpg.rf.cb4d51b25dad2585604b73fdafeab950.txt,rf100,roboflow-100/excavators-czvg9,tidak,-,1
train,rf100_image_734_jpg.rf.cf2e3a4c8fdee5bc771281e5efc501ec.txt,rf100,roboflow-100/excavators-czvg9,tidak,-,2
train,rf100_image_735_jpg.rf.70fc35d7ac35c53ef9a6101e63540ff7.txt,rf100,roboflow-100/excavators-czvg9,tidak,-,1
train,rf100_image_736_jpg.rf.66221d24d892ae91a8cc2d8f194acff2.txt,rf100,roboflow-100/excavators-czvg9,tidak,-,2
train,rf100_image_737_jpg.rf.4cd623d268d5895e2759079073db9abb.txt,rf100,roboflow-100/excavators-czvg9,tidak,-,1
train,rf100_image_738_jpg.rf.827b6d1d87aec7ba911e159d5ef89650.txt,rf100,roboflow-100/excavators-czvg9,tidak,-,1
train,rf100_image_739_jpg.rf.f94a1d1ceec54436ed3e2e07bba54a77.txt,rf100,roboflow-100/excavators-czvg9,tidak,-,3
train,rf100_image_73_jpg.rf.bb929016e32aa592a49ef6d4557e202e.txt,rf100,roboflow-100/excavators-czvg9,tidak,-,1
train,rf100_image_740_jpg.rf.a0f866b2b1eb711e2a8227a55ff26088.txt,rf100,roboflow-100/excavators-czvg9,tidak,-,1
train,rf100_image_741_jpg.rf.bc534ece2df35789a3a1db35a3660ddb.txt,rf100,roboflow-100/excavators-czvg9,tidak,-,1
train,rf100_image_742_jpg.rf.615d91a1ba10c4ee6f9f312e54e515cb.txt,rf100,roboflow-100/excavators-czvg9,tidak,-,1
train,rf100_image_743_jpg.rf.017e141e38f6c64d44c0b235802c908b.txt,rf100,roboflow-100/excavators-czvg9,tidak,-,1
train,rf100_image_744_jpg.rf.7ce87089df18b3e55d34bffab5862a43.txt,rf100,roboflow-100/excavators-czvg9,tidak,-,1
train,rf100_image_745_jpg.rf.1677f96871155bbce4e2f791d9dd0b60.txt,rf100,roboflow-100/excavators-czvg9,tidak,-,1
train,rf100_image_746_jpg.rf.a87884ae820627e028cc3d7b8c90f8cb.txt,rf100,roboflow-100/excavators-czvg9,tidak,-,1
train,rf100_image_748_jpg.rf.ecd2c37e4ff6fe8deff0140d3874b593.txt,rf100,roboflow-100/excavators-czvg9,tidak,-,2
train,rf100_image_749_jpg.rf.63f2651c4489ecd77e7e9c3b15e9f712.txt,rf100,roboflow-100/excavators-czvg9,tidak,-,1
train,rf100_image_74_jpg.rf.d175677d5c65f64f63343ad90cdaf185.txt,rf100,roboflow-100/excavators-czvg9,tidak,-,1
train,rf100_image_750_jpg.rf.60b0701293a26dc2d547754de1202eeb.txt,rf100,roboflow-100/excavators-czvg9,tidak,-,1
train,rf100_image_751_jpg.rf.bf6069c2e3228ea8c26e5dea7507a52d.txt,rf100,roboflow-100/excavators-czvg9,tidak,-,1
train,rf100_image_752_jpg.rf.97d379abfd111c472d6ea6a8ed749c99.txt,rf100,roboflow-100/excavators-czvg9,tidak,-,1
train,rf100_image_753_jpg.rf.95a2e31a3aba9ab3b56f20a84519179b.txt,rf100,roboflow-100/excavators-czvg9,tidak,-,1
train,rf100_image_754_jpg.rf.900688c4c1046d42c322248d12ca5488.txt,rf100,roboflow-100/excavators-czvg9,tidak,-,1
train,rf100_image_755_jpg.rf.1ebde0ce1d9ac6c9fe5ff3bb8ddd46a1.txt,rf100,roboflow-100/excavators-czvg9,tidak,-,2
train,rf100_image_756_jpg.rf.2c9652eb64ccff88c53d40d781a6f046.txt,rf100,roboflow-100/excavators-czvg9,tidak,-,1
train,rf100_image_757_jpg.rf.b28cc27428d423cb9b8b8120e1c5888e.txt,rf100,roboflow-100/excavators-czvg9,tidak,-,1
train,rf100_image_758_jpg.rf.b4dd9168e4fbfd36164c4d99967d31bd.txt,rf100,roboflow-100/excavators-czvg9,tidak,-,1
train,rf100_image_759_jpg.rf.ef531c7ae192b9c931f249985e9042cd.txt,rf100,roboflow-100/excavators-czvg9,tidak,-,1
train,rf100_image_75_jpg.rf.6232b5c2d65569cb953c3868bc4280d2.txt,rf100,roboflow-100/excavators-czvg9,tidak,-,1
train,rf100_image_760_jpg.rf.63c2b65c79dc777bc57219b4467239e6.txt,rf100,roboflow-100/excavators-czvg9,tidak,-,1
train,rf100_image_761_jpg.rf.5011f91bf28b1ea53d2e5d8e0663ef92.txt,rf100,roboflow-100/excavators-czvg9,tidak,-,1
train,rf100_image_763_jpg.rf.93816069d5f3d0049b86a706c655ab88.txt,rf100,roboflow-100/excavators-czvg9,tidak,-,2
train,rf100_image_764_jpg.rf.099bc13ea97cceb8029c60fd08ef0cd7.txt,rf100,roboflow-100/excavators-czvg9,tidak,-,2
train,rf100_image_765_jpg.rf.0dae74de0c97a2b22980297c6f6c9b11.txt,rf100,roboflow-100/excavators-czvg9,tidak,-,2
train,rf100_image_766_jpg.rf.efa588cea0bde9849460dea0543f39bd.txt,rf100,roboflow-100/excavators-czvg9,tidak,-,1
train,rf100_image_767_jpg.rf.3b62e96a4747b40fa17ad6f019231b2a.txt,rf100,roboflow-100/excavators-czvg9,tidak,-,1
train,rf100_image_768_jpg.rf.45fa4b9cb1313b63ba33f9a13f8d56e1.txt,rf100,roboflow-100/excavators-czvg9,tidak,-,1
train,rf100_image_769_jpg.rf.f3ebb169a2fd2498aebc0f59143f5386.txt,rf100,roboflow-100/excavators-czvg9,tidak,-,2
train,rf100_image_76_jpg.rf.dabcf6a323932d68cb615f06696e37df.txt,rf100,roboflow-100/excavators-czvg9,tidak,-,1
train,rf100_image_770_jpg.rf.c83dd3ccb297847dc2a00781d0200c09.txt,rf100,roboflow-100/excavators-czvg9,tidak,-,2
train,rf100_image_771_jpg.rf.7168ab0400413f7831daf801b4396f73.txt,rf100,roboflow-100/excavators-czvg9,tidak,-,1
train,rf100_image_772_jpg.rf.07d1636381ad46e1404bab4552ecc338.txt,rf100,roboflow-100/excavators-czvg9,tidak,-,2
train,rf100_image_773_jpg.rf.35968002ed1a7531ac1959a48cc3519b.txt,rf100,roboflow-100/excavators-czvg9,tidak,-,1
train,rf100_image_774_jpg.rf.b7f865539cd4f76867151ef7e31cc89d.txt,rf100,roboflow-100/excavators-czvg9,tidak,-,2
train,rf100_image_775_jpg.rf.2f3ca25bbfd1c398e88b01b7feea724d.txt,rf100,roboflow-100/excavators-czvg9,tidak,-,1
train,rf100_image_776_jpg.rf.4729a07b569a5a50b571e4f9a1fd37cb.txt,rf100,roboflow-100/excavators-czvg9,tidak,-,1
train,rf100_image_777_jpg.rf.16f745e85987c7c090c77ee2e2f23201.txt,rf100,roboflow-100/excavators-czvg9,tidak,-,1
train,rf100_image_778_jpg.rf.94838568c909da46165e850d86005ba6.txt,rf100,roboflow-100/excavators-czvg9,tidak,-,1
train,rf100_image_779_jpg.rf.a0253f7beed490ee04ee36f98566665f.txt,rf100,roboflow-100/excavators-czvg9,tidak,-,1
train,rf100_image_77_jpg.rf.12d3746d5d345bdbc4d184c092beb605.txt,rf100,roboflow-100/excavators-czvg9,tidak,-,1
train,rf100_image_780_jpg.rf.9c1ace59f924c4affad9c49fedda427c.txt,rf100,roboflow-100/excavators-czvg9,tidak,-,1
train,rf100_image_781_jpg.rf.6b574bb75aaef03d93ab60fdd061c065.txt,rf100,roboflow-100/excavators-czvg9,tidak,-,1
train,rf100_image_782_jpg.rf.29409d1f10d9fe269c3bdf5a93c8ef6d.txt,rf100,roboflow-100/excavators-czvg9,tidak,-,2
train,rf100_image_783_jpg.rf.ae2acc6e6a86aa6a6824c07bb2f0508d.txt,rf100,roboflow-100/excavators-czvg9,tidak,-,1
train,rf100_image_784_jpg.rf.8db83a9c9f67328fa90da6c7ed256124.txt,rf100,roboflow-100/excavators-czvg9,tidak,-,1
train,rf100_image_785_jpg.rf.64e65f4872a5dda4e6f03131a0be539e.txt,rf100,roboflow-100/excavators-czvg9,tidak,-,1
train,rf100_image_786_jpg.rf.62b297e22e6f9ed6e980cf59ee3c6028.txt,rf100,roboflow-100/excavators-czvg9,tidak,-,1
train,rf100_image_787_jpg.rf.97505c7073b36f96aa831c33fc65c6c6.txt,rf100,roboflow-100/excavators-czvg9,tidak,-,1
train,rf100_image_788_jpg.rf.ad0ebb313abdbed148d8d09d3c1f9f2a.txt,rf100,roboflow-100/excavators-czvg9,tidak,-,2
train,rf100_image_789_jpg.rf.848b6dd87caabdc56f7f8a485e275ca1.txt,rf100,roboflow-100/excavators-czvg9,tidak,-,1
train,rf100_image_78_jpg.rf.085ad7a5e59462d4ba1563ec93884fef.txt,rf100,roboflow-100/excavators-czvg9,tidak,-,1
train,rf100_image_790_jpg.rf.fa7050abe1414519065ad1220ec16313.txt,rf100,roboflow-100/excavators-czvg9,tidak,-,1
train,rf100_image_791_jpg.rf.e2efe0bd2cfe2dddb36b7698d7093b19.txt,rf100,roboflow-100/excavators-czvg9,tidak,-,1
train,rf100_image_792_jpg.rf.b9016734dc1ee846d64b4b83a3138c91.txt,rf100,roboflow-100/excavators-czvg9,tidak,-,1
train,rf100_image_793_jpg.rf.8da73edcab5b14c3f9f4774923fc1ab7.txt,rf100,roboflow-100/excavators-czvg9,tidak,-,1
train,rf100_image_794_jpg.rf.e40d1ad58a87d514a714d037698ea67b.txt,rf100,roboflow-100/excavators-czvg9,tidak,-,1
train,rf100_image_795_jpg.rf.f12fac15199f6b7266f9cabb4ba714dc.txt,rf100,roboflow-100/excavators-czvg9,tidak,-,1
train,rf100_image_796_jpg.rf.b369d6cc01d6794f867355871e19cfdc.txt,rf100,roboflow-100/excavators-czvg9,tidak,-,1
train,rf100_image_797_jpg.rf.2bf2cb94ebe2fd90080ee27187d9264a.txt,rf100,roboflow-100/excavators-czvg9,tidak,-,1
train,rf100_image_798_jpg.rf.312837db1d1416e1538edda5b169f2b1.txt,rf100,roboflow-100/excavators-czvg9,tidak,-,1
train,rf100_image_799_jpg.rf.08ef56f5ce925fb29a41b20ced66c1a0.txt,rf100,roboflow-100/excavators-czvg9,tidak,-,1
train,rf100_image_79_jpg.rf.31a08b6bc4a7d7e895b23ca0a40a6536.txt,rf100,roboflow-100/excavators-czvg9,tidak,-,1
train,rf100_image_7_jpg.rf.b53b497f8e8fcbc2e500380b9b9625b7.txt,rf100,roboflow-100/excavators-czvg9,tidak,-,1
train,rf100_image_801_jpg.rf.f411d43327990eecbece44f8a0e96a52.txt,rf100,roboflow-100/excavators-czvg9,tidak,-,1
train,rf100_image_802_jpg.rf.9d8b352fc93804b4a9ae384822a50cc6.txt,rf100,roboflow-100/excavators-czvg9,tidak,-,1
train,rf100_image_803_jpg.rf.4e210b1c09ac026cd3d6b21254cd0d63.txt,rf100,roboflow-100/excavators-czvg9,tidak,-,1
train,rf100_image_804_jpg.rf.7418258678ee8c73484b7bf5830b0dd9.txt,rf100,roboflow-100/excavators-czvg9,tidak,-,1
train,rf100_image_805_jpg.rf.068d9d1f9c7ef3919c716909489b2f6e.txt,rf100,roboflow-100/excavators-czvg9,tidak,-,0
train,rf100_image_806_jpg.rf.5c7c01421246a529dfd74007e1620dd1.txt,rf100,roboflow-100/excavators-czvg9,tidak,-,3
train,rf100_image_807_jpg.rf.107bd0e3f4277b8e538d8d347ac0d853.txt,rf100,roboflow-100/excavators-czvg9,tidak,-,1
train,rf100_image_808_jpg.rf.9707a7bf010f262059b23e5066a56d23.txt,rf100,roboflow-100/excavators-czvg9,tidak,-,1
train,rf100_image_809_jpg.rf.2f33802c7a751e4b7d7e38484e735c28.txt,rf100,roboflow-100/excavators-czvg9,tidak,-,1
train,rf100_image_80_jpg.rf.86587ad0b22623bdf00a84c6ac2d179a.txt,rf100,roboflow-100/excavators-czvg9,tidak,-,1
train,rf100_image_810_jpg.rf.1d34a86906efb9c7d029d84fc5c1b196.txt,rf100,roboflow-100/excavators-czvg9,tidak,-,2
train,rf100_image_811_jpg.rf.fddccbd52d4da6f46ebc3256caba9305.txt,rf100,roboflow-100/excavators-czvg9,tidak,-,1
train,rf100_image_812_jpg.rf.6e2a672a6cda276db696f3fe66764a0b.txt,rf100,roboflow-100/excavators-czvg9,tidak,-,1
train,rf100_image_813_jpg.rf.c2797dcfc75489ef4ff9e35e135e1fae.txt,rf100,roboflow-100/excavators-czvg9,tidak,-,1
train,rf100_image_814_jpg.rf.0aaa08f5370c6c907551345d49feae1e.txt,rf100,roboflow-100/excavators-czvg9,tidak,-,1
train,rf100_image_815_jpg.rf.08097c5a1c533d7755354e8c4df0b4d3.txt,rf100,roboflow-100/excavators-czvg9,tidak,-,1
train,rf100_image_816_jpg.rf.d96f9b5bbc866a238774e3e98560032e.txt,rf100,roboflow-100/excavators-czvg9,tidak,-,1
train,rf100_image_817_jpg.rf.0d89c57da893d3a8184540f60a82eb8f.txt,rf100,roboflow-100/excavators-czvg9,tidak,-,1
train,rf100_image_818_jpg.rf.07736eed9981c8b1008d325439be27a9.txt,rf100,roboflow-100/excavators-czvg9,tidak,-,1
train,rf100_image_819_jpg.rf.3cde9703c045ca933f7fc24e35e8ea0c.txt,rf100,roboflow-100/excavators-czvg9,tidak,-,2
train,rf100_image_81_jpg.rf.2521c6bac9afec8d38b8964b9f9183c2.txt,rf100,roboflow-100/excavators-czvg9,tidak,-,1
train,rf100_image_821_jpg.rf.7c0b97526530519fbbdc5a37316343a7.txt,rf100,roboflow-100/excavators-czvg9,tidak,-,1
train,rf100_image_822_jpg.rf.982557879884cf0f52085cc202c748f8.txt,rf100,roboflow-100/excavators-czvg9,tidak,-,2
train,rf100_image_823_jpg.rf.0667e9853a0d30b2926db6c12abb4307.txt,rf100,roboflow-100/excavators-czvg9,tidak,-,1
train,rf100_image_824_jpg.rf.988622b8f2a5128e85a96a1900d2c183.txt,rf100,roboflow-100/excavators-czvg9,tidak,-,1
train,rf100_image_825_jpg.rf.bb155aa03495acdbd0da56750476953d.txt,rf100,roboflow-100/excavators-czvg9,tidak,-,1
train,rf100_image_826_jpg.rf.f4b3a0343bd23883528913c887917c20.txt,rf100,roboflow-100/excavators-czvg9,tidak,-,2
train,rf100_image_827_jpg.rf.19c08fec5313613645122e81a3e8aad7.txt,rf100,roboflow-100/excavators-czvg9,tidak,-,2
train,rf100_image_828_jpg.rf.44e6af942460f05749c0106ea5ec0603.txt,rf100,roboflow-100/excavators-czvg9,tidak,-,1
train,rf100_image_829_jpg.rf.95b34794557ab28456d22699d8409132.txt,rf100,roboflow-100/excavators-czvg9,tidak,-,1
train,rf100_image_830_jpg.rf.246065cfce1b69bc0c8bcaaff4c7b203.txt,rf100,roboflow-100/excavators-czvg9,tidak,-,1
train,rf100_image_831_jpg.rf.9d6c9eaf34f98d389bbc1734785cf455.txt,rf100,roboflow-100/excavators-czvg9,tidak,-,1
train,rf100_image_832_jpg.rf.ce435db336677f4abc8b1752830a5922.txt,rf100,roboflow-100/excavators-czvg9,tidak,-,1
train,rf100_image_833_jpg.rf.38fec134626c7b3ad93529b31e37351d.txt,rf100,roboflow-100/excavators-czvg9,tidak,-,1
train,rf100_image_834_jpg.rf.89cfda4fdd5cfa681f7fa60f5e627b15.txt,rf100,roboflow-100/excavators-czvg9,tidak,-,3
train,rf100_image_835_jpg.rf.78820859ec28fa9221397dbfba3996be.txt,rf100,roboflow-100/excavators-czvg9,tidak,-,1
train,rf100_image_836_jpg.rf.fdfcaa9fc79adeefbc7f7cda6f18a978.txt,rf100,roboflow-100/excavators-czvg9,tidak,-,4
train,rf100_image_837_jpg.rf.140d3c103bbf7ef46bca17df15b49189.txt,rf100,roboflow-100/excavators-czvg9,tidak,-,1
train,rf100_image_838_jpg.rf.37ba745084b98bea01c1d360da50caba.txt,rf100,roboflow-100/excavators-czvg9,tidak,-,1
train,rf100_image_839_jpg.rf.69e661ae943ee7d9eca51fe313af42c4.txt,rf100,roboflow-100/excavators-czvg9,tidak,-,1
train,rf100_image_83_jpg.rf.9e2469006318f9f5c5992dc1a73b9a56.txt,rf100,roboflow-100/excavators-czvg9,tidak,-,2
train,rf100_image_840_jpg.rf.58277926c1f906d2d22a4bd88422bedd.txt,rf100,roboflow-100/excavators-czvg9,tidak,-,1
train,rf100_image_841_jpg.rf.7bade3a2604b0d4cb6bd1b7bc9cee11c.txt,rf100,roboflow-100/excavators-czvg9,tidak,-,1
train,rf100_image_842_jpg.rf.0c467b10bdd241beb12765888af26149.txt,rf100,roboflow-100/excavators-czvg9,tidak,-,1
train,rf100_image_843_jpg.rf.a8f017360b484cd53e02d2eb12fbdcff.txt,rf100,roboflow-100/excavators-czvg9,tidak,-,1
train,rf100_image_844_jpg.rf.69206513c0aab5b884c7614eadb3bab0.txt,rf100,roboflow-100/excavators-czvg9,tidak,-,6
train,rf100_image_845_jpg.rf.dc8192912c9a3f199dcad3da18d74fd0.txt,rf100,roboflow-100/excavators-czvg9,tidak,-,2
train,rf100_image_846_jpg.rf.4b2f1989d5ee5e3483ccc8d784244275.txt,rf100,roboflow-100/excavators-czvg9,tidak,-,1
train,rf100_image_847_jpg.rf.833e161e40a274fd174fd1a8d7e91c78.txt,rf100,roboflow-100/excavators-czvg9,tidak,-,1
train,rf100_image_848_jpg.rf.68ef1c12d5b743dcf97dfe06d8832727.txt,rf100,roboflow-100/excavators-czvg9,tidak,-,1
train,rf100_image_849_jpg.rf.9df5e6bdf29889de38a325895076053f.txt,rf100,roboflow-100/excavators-czvg9,tidak,-,1
train,rf100_image_84_jpg.rf.db7a73087e6b3a3c574effe6eba20035.txt,rf100,roboflow-100/excavators-czvg9,tidak,-,2
train,rf100_image_850_jpg.rf.26ea5664613cbaf72e14cd89d7ce76a9.txt,rf100,roboflow-100/excavators-czvg9,tidak,-,2
train,rf100_image_851_jpg.rf.cdaa9eadefbd973be80134baf8254b57.txt,rf100,roboflow-100/excavators-czvg9,tidak,-,1
train,rf100_image_852_jpg.rf.dd422a8197bd516087861c86992af5b3.txt,rf100,roboflow-100/excavators-czvg9,tidak,-,1
train,rf100_image_853_jpg.rf.38362982eb7690861b4e1543ad4999d6.txt,rf100,roboflow-100/excavators-czvg9,tidak,-,2
train,rf100_image_854_jpg.rf.21f62e22fcac95edf41f17196e93e950.txt,rf100,roboflow-100/excavators-czvg9,tidak,-,2
train,rf100_image_855_jpg.rf.e4b041ed5a080107e1d6f13d6582496c.txt,rf100,roboflow-100/excavators-czvg9,tidak,-,1
train,rf100_image_856_jpg.rf.5ec086b0d99260db1c85f7d199f121ed.txt,rf100,roboflow-100/excavators-czvg9,tidak,-,1
train,rf100_image_857_jpg.rf.c14956ed826571015c599fcc2c7d2655.txt,rf100,roboflow-100/excavators-czvg9,tidak,-,1
train,rf100_image_858_jpg.rf.bec9b4528cf775b51f41f897737db19e.txt,rf100,roboflow-100/excavators-czvg9,tidak,-,1
train,rf100_image_859_jpg.rf.280a8e63e3ab7c4689ac134f2a7a9f17.txt,rf100,roboflow-100/excavators-czvg9,tidak,-,1
train,rf100_image_85_jpg.rf.796c10a696b979122706258f63c08125.txt,rf100,roboflow-100/excavators-czvg9,tidak,-,2
train,rf100_image_860_jpg.rf.dd5dffff8a8632c27882ee7a970e933f.txt,rf100,roboflow-100/excavators-czvg9,tidak,-,1
train,rf100_image_861_jpg.rf.38149bb49ff02d98539308a049dfd4df.txt,rf100,roboflow-100/excavators-czvg9,tidak,-,1
train,rf100_image_862_jpg.rf.de4ecf43130e9a603407567ab0c81830.txt,rf100,roboflow-100/excavators-czvg9,tidak,-,1
train,rf100_image_863_jpg.rf.5ab3f796a82f1edc7b96e6eb9155be23.txt,rf100,roboflow-100/excavators-czvg9,tidak,-,1
train,rf100_image_864_jpg.rf.0f77c95e8b2a6914eb64ef1168e564d6.txt,rf100,roboflow-100/excavators-czvg9,tidak,-,1
train,rf100_image_865_jpg.rf.7ba67c276233030c5602ef668dc5cf93.txt,rf100,roboflow-100/excavators-czvg9,tidak,-,1
train,rf100_image_866_jpg.rf.93dd30fbbddae6911089486cbfb0288b.txt,rf100,roboflow-100/excavators-czvg9,tidak,-,1
train,rf100_image_867_jpg.rf.be1b191997de5dbe4c6f05ab65e10c16.txt,rf100,roboflow-100/excavators-czvg9,tidak,-,1
train,rf100_image_868_jpg.rf.a2503d327149c5682a195a76be25c24a.txt,rf100,roboflow-100/excavators-czvg9,tidak,-,1
train,rf100_image_86_jpg.rf.e93671ab73881ab8056fca908f227727.txt,rf100,roboflow-100/excavators-czvg9,tidak,-,2
train,rf100_image_870_jpg.rf.bb33dd39ee31ba1bd822e2021c706abe.txt,rf100,roboflow-100/excavators-czvg9,tidak,-,1
train,rf100_image_873_jpg.rf.bffd35c556afabc75b37c8ae5bb45d76.txt,rf100,roboflow-100/excavators-czvg9,tidak,-,1
train,rf100_image_874_jpg.rf.a7b953f12936253712dc19c2a63d043a.txt,rf100,roboflow-100/excavators-czvg9,tidak,-,1
train,rf100_image_875_jpg.rf.86ef2de6d7e53a66b5d1931647e4e74e.txt,rf100,roboflow-100/excavators-czvg9,tidak,-,1
train,rf100_image_876_jpg.rf.fccb74da686dbf83611e4bc563ceb690.txt,rf100,roboflow-100/excavators-czvg9,tidak,-,1
train,rf100_image_877_jpg.rf.80b6e13a9f5d0571ca30bebe65579807.txt,rf100,roboflow-100/excavators-czvg9,tidak,-,1
train,rf100_image_878_jpg.rf.fae7890d86422f09065a8a71d72cf634.txt,rf100,roboflow-100/excavators-czvg9,tidak,-,1
train,rf100_image_879_jpg.rf.42821c68c5869c511743ba26373e6eaf.txt,rf100,roboflow-100/excavators-czvg9,tidak,-,1
train,rf100_image_87_jpg.rf.011673a28a1733d4a25658badc5bb9c0.txt,rf100,roboflow-100/excavators-czvg9,tidak,-,1
train,rf100_image_880_jpg.rf.753362c0a20216f052d68442fb1bf53e.txt,rf100,roboflow-100/excavators-czvg9,tidak,-,2
train,rf100_image_881_jpg.rf.23f363a36624c8ecd2f6c348a5df6717.txt,rf100,roboflow-100/excavators-czvg9,tidak,-,1
train,rf100_image_884_jpg.rf.3670f85564afc1df0ed3c7ea86c63523.txt,rf100,roboflow-100/excavators-czvg9,tidak,-,1
train,rf100_image_885_jpg.rf.5cb504c26b07798ecae4298f3cfa3815.txt,rf100,roboflow-100/excavators-czvg9,tidak,-,3
train,rf100_image_886_jpg.rf.142fc796a392fdf941b8d6b7ea5f5343.txt,rf100,roboflow-100/excavators-czvg9,tidak,-,1
train,rf100_image_887_jpg.rf.ca50ae0771dd2889417761e7cce5deb2.txt,rf100,roboflow-100/excavators-czvg9,tidak,-,1
train,rf100_image_888_jpg.rf.d38e48340fd9f36beeed7d09bdefdd5b.txt,rf100,roboflow-100/excavators-czvg9,tidak,-,1
train,rf100_image_889_jpg.rf.c360d542a70712ba4b4cde07368849b5.txt,rf100,roboflow-100/excavators-czvg9,tidak,-,3
train,rf100_image_88_jpg.rf.f01dcebcb0a9bb97be413421ead68218.txt,rf100,roboflow-100/excavators-czvg9,tidak,-,1
train,rf100_image_890_jpg.rf.53422001fb513ba738cd4c984072790e.txt,rf100,roboflow-100/excavators-czvg9,tidak,-,1
train,rf100_image_891_jpg.rf.aa1504349b20111837346aedce29f698.txt,rf100,roboflow-100/excavators-czvg9,tidak,-,1
train,rf100_image_892_jpg.rf.8ec71d98a10eb8d58defbc9b771131cd.txt,rf100,roboflow-100/excavators-czvg9,tidak,-,1
train,rf100_image_893_jpg.rf.b0864b6763a614953292ad4210e30722.txt,rf100,roboflow-100/excavators-czvg9,tidak,-,1
train,rf100_image_894_jpg.rf.c2062a6f03497a5317f8cef8501ffa21.txt,rf100,roboflow-100/excavators-czvg9,tidak,-,1
train,rf100_image_895_jpg.rf.a521a3d71bf05533688d0ab5adf7b4cc.txt,rf100,roboflow-100/excavators-czvg9,tidak,-,3
train,rf100_image_896_jpg.rf.1564e48ef0d71d4ff727b959195f77e7.txt,rf100,roboflow-100/excavators-czvg9,tidak,-,1
train,rf100_image_897_jpg.rf.5989806ced57950138c52b63b72f6c5e.txt,rf100,roboflow-100/excavators-czvg9,tidak,-,1
train,rf100_image_898_jpg.rf.8ed5e084c1a33606b674f1b274f39b1d.txt,rf100,roboflow-100/excavators-czvg9,tidak,-,2
train,rf100_image_899_jpg.rf.bb4b7a6dd44f911f356c2bbc80be0b32.txt,rf100,roboflow-100/excavators-czvg9,tidak,-,3
train,rf100_image_89_jpg.rf.f3882f8d80054f5fbdfeb2dd8fdd594f.txt,rf100,roboflow-100/excavators-czvg9,tidak,-,1
train,rf100_image_8_jpg.rf.cac168498a4fe3b4f5da1af1d0b14369.txt,rf100,roboflow-100/excavators-czvg9,tidak,-,1
train,rf100_image_900_jpg.rf.4a046c2e6a36b95fd66b4395b97b2587.txt,rf100,roboflow-100/excavators-czvg9,tidak,-,3
train,rf100_image_901_jpg.rf.aa6f1c110b9dcba9fc3e2138a846f72a.txt,rf100,roboflow-100/excavators-czvg9,tidak,-,3
train,rf100_image_902_jpg.rf.d58b5af3efdab466a36437a271b8992d.txt,rf100,roboflow-100/excavators-czvg9,tidak,-,1
train,rf100_image_903_jpg.rf.eccd995bc8aaaab6e234fef9460c1e5b.txt,rf100,roboflow-100/excavators-czvg9,tidak,-,1
train,rf100_image_904_jpg.rf.58286e840a31b26777e39184001e8b9f.txt,rf100,roboflow-100/excavators-czvg9,tidak,-,2
train,rf100_image_905_jpg.rf.b55de38476d5eabaa820e9c47f1f8eee.txt,rf100,roboflow-100/excavators-czvg9,tidak,-,1
train,rf100_image_907_jpg.rf.b901117a352dbc9095fec83a86a8d3c1.txt,rf100,roboflow-100/excavators-czvg9,tidak,-,1
train,rf100_image_908_jpg.rf.72da128df5259ce246cfe517c46fd748.txt,rf100,roboflow-100/excavators-czvg9,tidak,-,1
train,rf100_image_909_jpg.rf.0f5a49dc4dcbeb55e97f083228fe1328.txt,rf100,roboflow-100/excavators-czvg9,tidak,-,1
train,rf100_image_90_jpg.rf.632f43275250c04a1bd0deb546921872.txt,rf100,roboflow-100/excavators-czvg9,tidak,-,1
train,rf100_image_910_jpg.rf.e3ad02356c6f31660df7a7c3d335b910.txt,rf100,roboflow-100/excavators-czvg9,tidak,-,1
train,rf100_image_911_jpg.rf.430b24fa5806d5faf457356642edbee3.txt,rf100,roboflow-100/excavators-czvg9,tidak,-,1
train,rf100_image_912_jpg.rf.6d50465b7b284527de18853bf1ab649a.txt,rf100,roboflow-100/excavators-czvg9,tidak,-,1
train,rf100_image_913_jpg.rf.805a05c965514423503065d77dd12828.txt,rf100,roboflow-100/excavators-czvg9,tidak,-,1
train,rf100_image_914_jpg.rf.746f38a5912a06c6831f0f290ed98099.txt,rf100,roboflow-100/excavators-czvg9,tidak,-,2
train,rf100_image_915_jpg.rf.d0719188f43a53eced4b2e60d31a1773.txt,rf100,roboflow-100/excavators-czvg9,tidak,-,1
train,rf100_image_916_jpg.rf.908352f028519c1ebcc39dc200f514f8.txt,rf100,roboflow-100/excavators-czvg9,tidak,-,2
train,rf100_image_917_jpg.rf.fab2ebef19e064261fd51c1dad30a9a2.txt,rf100,roboflow-100/excavators-czvg9,tidak,-,1
train,rf100_image_918_jpg.rf.4bac5bb41adc2e6240c07ef0ac372025.txt,rf100,roboflow-100/excavators-czvg9,tidak,-,1
train,rf100_image_919_jpg.rf.2e4492560c7dbf634d76c76048f251ad.txt,rf100,roboflow-100/excavators-czvg9,tidak,-,1
train,rf100_image_91_jpg.rf.88b0f788c28a279fc9c621bed0081c16.txt,rf100,roboflow-100/excavators-czvg9,tidak,-,1
train,rf100_image_920_jpg.rf.abf6093796eb583790b459092b13582f.txt,rf100,roboflow-100/excavators-czvg9,tidak,-,1
train,rf100_image_921_jpg.rf.d2b614e3fe9f624685d4ee2d13b7e8f7.txt,rf100,roboflow-100/excavators-czvg9,tidak,-,1
train,rf100_image_922_jpg.rf.434c7f4346437a739e89d44d0f0d2c82.txt,rf100,roboflow-100/excavators-czvg9,tidak,-,1
train,rf100_image_923_jpg.rf.2f4db485b92e4b6cdbda9c1bbedaf671.txt,rf100,roboflow-100/excavators-czvg9,tidak,-,5
train,rf100_image_924_jpg.rf.0c4fbb25401074f732b0d81bc4cc9ac8.txt,rf100,roboflow-100/excavators-czvg9,tidak,-,5
train,rf100_image_925_jpg.rf.03d3a7988240dbdbd39cf06c37c2e448.txt,rf100,roboflow-100/excavators-czvg9,tidak,-,1
train,rf100_image_926_jpg.rf.d5a15ddc7399c0b06641a3272913c353.txt,rf100,roboflow-100/excavators-czvg9,tidak,-,1
train,rf100_image_927_jpg.rf.aff78ddcf53f275d60f2d319323a7670.txt,rf100,roboflow-100/excavators-czvg9,tidak,-,1
train,rf100_image_928_jpg.rf.7d18c91c6e7055e864d30d113dcf624a.txt,rf100,roboflow-100/excavators-czvg9,tidak,-,1
train,rf100_image_929_jpg.rf.5406023d94e488b6f858811abde2fab3.txt,rf100,roboflow-100/excavators-czvg9,tidak,-,1
train,rf100_image_92_jpg.rf.8a111d0e091ccd86ee20ae90e040c968.txt,rf100,roboflow-100/excavators-czvg9,tidak,-,2
train,rf100_image_930_jpg.rf.222d8823c9f110a74739e8752d57398c.txt,rf100,roboflow-100/excavators-czvg9,tidak,-,1
train,rf100_image_931_jpg.rf.0c9f79b7dbae992eb0cf1f55d072a416.txt,rf100,roboflow-100/excavators-czvg9,tidak,-,3
train,rf100_image_933_jpg.rf.80586e0c1e85a04e7134dffc14e1baed.txt,rf100,roboflow-100/excavators-czvg9,tidak,-,1
train,rf100_image_934_jpg.rf.a6ac39b277d21efc84fd7037eba196f8.txt,rf100,roboflow-100/excavators-czvg9,tidak,-,1
train,rf100_image_935_jpg.rf.c3d24e2fc78b63e87f22518a3baab80b.txt,rf100,roboflow-100/excavators-czvg9,tidak,-,1
train,rf100_image_936_jpg.rf.240c47b06f6dbb9594ea08980e86bdc0.txt,rf100,roboflow-100/excavators-czvg9,tidak,-,1
train,rf100_image_937_jpg.rf.f78aecce5486bcebee105e6c8a262853.txt,rf100,roboflow-100/excavators-czvg9,tidak,-,2
train,rf100_image_938_jpg.rf.4808b3f6d8bc33851f42059428b38700.txt,rf100,roboflow-100/excavators-czvg9,tidak,-,0
train,rf100_image_939_jpg.rf.9134d5cf896cdd1898e5159a44ae8d5e.txt,rf100,roboflow-100/excavators-czvg9,tidak,-,2
train,rf100_image_93_jpg.rf.84a484668e51b35249245fc3c25e84b8.txt,rf100,roboflow-100/excavators-czvg9,tidak,-,2
train,rf100_image_940_jpg.rf.aa7f58525e8375f905be0a3279eff02a.txt,rf100,roboflow-100/excavators-czvg9,tidak,-,1
train,rf100_image_941_jpg.rf.58a5f3e42af842ff722143639648953b.txt,rf100,roboflow-100/excavators-czvg9,tidak,-,1
train,rf100_image_942_jpg.rf.6b68bb3498bca57cbd4bb622b428287c.txt,rf100,roboflow-100/excavators-czvg9,tidak,-,1
train,rf100_image_943_jpg.rf.9de300f883e8d2d15f9547cf4d8a9316.txt,rf100,roboflow-100/excavators-czvg9,tidak,-,2
train,rf100_image_944_jpg.rf.22021f29756a01405a9e1db4bddf0813.txt,rf100,roboflow-100/excavators-czvg9,tidak,-,1
train,rf100_image_945_jpg.rf.1b58aa00818edc91b107a8e5356b3e7f.txt,rf100,roboflow-100/excavators-czvg9,tidak,-,1
train,rf100_image_946_jpg.rf.9ee5b214ba7170e57be8ff348e92d660.txt,rf100,roboflow-100/excavators-czvg9,tidak,-,1
train,rf100_image_947_jpg.rf.1c03d7de503c0bd0d4ac7fe683cbe01a.txt,rf100,roboflow-100/excavators-czvg9,tidak,-,1
train,rf100_image_948_jpg.rf.ebec10771267426170956f7bab1b7fbb.txt,rf100,roboflow-100/excavators-czvg9,tidak,-,1
train,rf100_image_949_jpg.rf.9c2c93159c6b221c413499edc8c6d75f.txt,rf100,roboflow-100/excavators-czvg9,tidak,-,2
train,rf100_image_94_jpg.rf.1b1676d3fa60e34508a1a0d64f14bf08.txt,rf100,roboflow-100/excavators-czvg9,tidak,-,1
train,rf100_image_950_jpg.rf.bc0c45efdc7aba5f3661cdec4ced113d.txt,rf100,roboflow-100/excavators-czvg9,tidak,-,1
train,rf100_image_951_jpg.rf.874fecd780668898fffb98d5a58e861a.txt,rf100,roboflow-100/excavators-czvg9,tidak,-,1
train,rf100_image_952_jpg.rf.8321a91aa9680d3abdeeeca690e4f60d.txt,rf100,roboflow-100/excavators-czvg9,tidak,-,1
train,rf100_image_953_jpg.rf.371509f78ef713fbc83eac3fba306e32.txt,rf100,roboflow-100/excavators-czvg9,tidak,-,2
train,rf100_image_954_jpg.rf.22c4cdc8fe873e81e460f89e2403f3ae.txt,rf100,roboflow-100/excavators-czvg9,tidak,-,2
train,rf100_image_955_jpg.rf.2dab7c067bbea139a7b57cc428dfc668.txt,rf100,roboflow-100/excavators-czvg9,tidak,-,1
train,rf100_image_956_jpg.rf.f715cd521f3f77e441f901e9389b94f6.txt,rf100,roboflow-100/excavators-czvg9,tidak,-,1
train,rf100_image_957_jpg.rf.7a95896b660cb0b5ce1cac3ab0e66afe.txt,rf100,roboflow-100/excavators-czvg9,tidak,-,1
train,rf100_image_958_jpg.rf.a0e5ae775339284ed299d7d6492142c6.txt,rf100,roboflow-100/excavators-czvg9,tidak,-,1
train,rf100_image_959_jpg.rf.8b55533ea0f9f6eb0842625685f39e43.txt,rf100,roboflow-100/excavators-czvg9,tidak,-,3
train,rf100_image_95_jpg.rf.7d4a4094a04e66d7f7b1ec97c1bf3645.txt,rf100,roboflow-100/excavators-czvg9,tidak,-,2
train,rf100_image_960_jpg.rf.dfbf8534aeca862b552da04108fa738d.txt,rf100,roboflow-100/excavators-czvg9,tidak,-,1
train,rf100_image_961_jpg.rf.5adff88add8d7230832b183fdfdb6447.txt,rf100,roboflow-100/excavators-czvg9,tidak,-,3
train,rf100_image_962_jpg.rf.3e4117a6f89fa7e0cb5a516c9bf0ee3d.txt,rf100,roboflow-100/excavators-czvg9,tidak,-,1
train,rf100_image_963_jpg.rf.1e40b9da241438e25c7538f3c392d846.txt,rf100,roboflow-100/excavators-czvg9,tidak,-,2
train,rf100_image_964_jpg.rf.f1a4450ef6a9a10ceed976a509c5c0d8.txt,rf100,roboflow-100/excavators-czvg9,tidak,-,2
train,rf100_image_965_jpg.rf.6a3c407e2b06114e0db5d4142e18a59c.txt,rf100,roboflow-100/excavators-czvg9,tidak,-,1
train,rf100_image_966_jpg.rf.fdc35b0536a1d8bb26f5dd9c7c93a017.txt,rf100,roboflow-100/excavators-czvg9,tidak,-,2
train,rf100_image_967_jpg.rf.f6dd5ab8b93722ecc44cd035bd317382.txt,rf100,roboflow-100/excavators-czvg9,tidak,-,1
train,rf100_image_968_jpg.rf.2749c7922337c47ec27485a599c2b1fb.txt,rf100,roboflow-100/excavators-czvg9,tidak,-,1
train,rf100_image_969_jpg.rf.83c95eca11d17ab680a40539f0108ba2.txt,rf100,roboflow-100/excavators-czvg9,tidak,-,1
train,rf100_image_96_jpg.rf.a6c6f94353d41f3220147cbf9efbb3ee.txt,rf100,roboflow-100/excavators-czvg9,tidak,-,1
train,rf100_image_970_jpg.rf.7bce25942b46be7d4756db8dae021c7e.txt,rf100,roboflow-100/excavators-czvg9,tidak,-,1
train,rf100_image_972_jpg.rf.53d11652257fa2a534a92c14a672a3a6.txt,rf100,roboflow-100/excavators-czvg9,tidak,-,1
train,rf100_image_973_jpg.rf.a3c0213909ab319b0ae4ded4677d6c01.txt,rf100,roboflow-100/excavators-czvg9,tidak,-,1
train,rf100_image_974_jpg.rf.46869ccbca1ee315f90842128d2f1de3.txt,rf100,roboflow-100/excavators-czvg9,tidak,-,1
train,rf100_image_975_jpg.rf.41b57414de78f238af353aa124303804.txt,rf100,roboflow-100/excavators-czvg9,tidak,-,1
train,rf100_image_976_jpg.rf.07067b9ef6a7e63fd77059db8547c4aa.txt,rf100,roboflow-100/excavators-czvg9,tidak,-,1
train,rf100_image_977_jpg.rf.af854064b44d0b94df8a3d7c85ec5af0.txt,rf100,roboflow-100/excavators-czvg9,tidak,-,4
train,rf100_image_978_jpg.rf.ccf84c23af8a5ca60ad418674ab5012c.txt,rf100,roboflow-100/excavators-czvg9,tidak,-,1
train,rf100_image_979_jpg.rf.2b8cb4c24efea08c31bd544bf9f1dac7.txt,rf100,roboflow-100/excavators-czvg9,tidak,-,1
train,rf100_image_97_jpg.rf.05250c89f1f1f729ede2736eea5cb192.txt,rf100,roboflow-100/excavators-czvg9,tidak,-,2
train,rf100_image_980_jpg.rf.8e441d50e3a18ed3efd8519cecd71842.txt,rf100,roboflow-100/excavators-czvg9,tidak,-,1
train,rf100_image_981_jpg.rf.499b25fc85b8e6a1730c998f7ee29317.txt,rf100,roboflow-100/excavators-czvg9,tidak,-,1
train,rf100_image_982_jpg.rf.03897907a68584467c1cee9cd80a988b.txt,rf100,roboflow-100/excavators-czvg9,tidak,-,1
train,rf100_image_984_jpg.rf.1ef733079a9a6afacea7224fbc42a4dd.txt,rf100,roboflow-100/excavators-czvg9,tidak,-,1
train,rf100_image_985_jpg.rf.14dda85d622fd1e990d45d234c24df4f.txt,rf100,roboflow-100/excavators-czvg9,tidak,-,2
train,rf100_image_986_jpg.rf.e826e5992dacf4f90b6d055756a7f28b.txt,rf100,roboflow-100/excavators-czvg9,tidak,-,2
train,rf100_image_989_jpg.rf.cf1b6344d010f019951612fd6224dcb4.txt,rf100,roboflow-100/excavators-czvg9,tidak,-,1
train,rf100_image_98_jpg.rf.c8e54a3852d30bfd8caca4a36d2fff14.txt,rf100,roboflow-100/excavators-czvg9,tidak,-,1
train,rf100_image_990_jpg.rf.f4b0b6350caf339e5eca06caaffa7918.txt,rf100,roboflow-100/excavators-czvg9,tidak,-,1
train,rf100_image_991_jpg.rf.aac2b508e6a2ee418b4efb8e60572986.txt,rf100,roboflow-100/excavators-czvg9,tidak,-,2
train,rf100_image_992_jpg.rf.a1823b6a82c44b5890bf2fd209cdfa55.txt,rf100,roboflow-100/excavators-czvg9,tidak,-,1
train,rf100_image_993_jpg.rf.d83d69bc70c03a4c91efecbebeb2bb20.txt,rf100,roboflow-100/excavators-czvg9,tidak,-,2
train,rf100_image_994_jpg.rf.5289f1e0d3a73f1e64f79d13690e46ca.txt,rf100,roboflow-100/excavators-czvg9,tidak,-,1
train,rf100_image_995_jpg.rf.207dbbab9ec046616e2fd027e20edc85.txt,rf100,roboflow-100/excavators-czvg9,tidak,-,2
train,rf100_image_996_jpg.rf.94a435e4b4a96a8ea89c2599e31f79fc.txt,rf100,roboflow-100/excavators-czvg9,tidak,-,2
train,rf100_image_998_jpg.rf.952527eeb7fb52566ce5c14722cada99.txt,rf100,roboflow-100/excavators-czvg9,tidak,-,1
train,rf100_image_999_jpg.rf.2a39df94be1d79fd889c584e90d502d7.txt,rf100,roboflow-100/excavators-czvg9,tidak,-,2
train,rf100_image_9_jpg.rf.7053d7a09bf1ffe18c06ed979818a613.txt,rf100,roboflow-100/excavators-czvg9,tidak,-,1
train,yt_92din2kUd4Y_0018.0_night.txt,youtube,92din2kUd4Y_0018.0,ya,-,2
train,yt_92din2kUd4Y_0018.0_r1.txt,youtube,92din2kUd4Y_0018.0,tidak,r1,2
train,yt_92din2kUd4Y_0018.0_r2.txt,youtube,92din2kUd4Y_0018.0,tidak,r2,2
train,yt_92din2kUd4Y_0018.0_r3.txt,youtube,92din2kUd4Y_0018.0,tidak,r3,2
train,yt_92din2kUd4Y_0019.5_night.txt,youtube,92din2kUd4Y_0019.5,ya,-,2
train,yt_92din2kUd4Y_0019.5_r1.txt,youtube,92din2kUd4Y_0019.5,tidak,r1,2
train,yt_92din2kUd4Y_0019.5_r2.txt,youtube,92din2kUd4Y_0019.5,tidak,r2,2
train,yt_92din2kUd4Y_0019.5_r3.txt,youtube,92din2kUd4Y_0019.5,tidak,r3,2
train,yt_92din2kUd4Y_0042.0_night.txt,youtube,92din2kUd4Y_0042.0,ya,-,2
train,yt_92din2kUd4Y_0042.0_r1.txt,youtube,92din2kUd4Y_0042.0,tidak,r1,2
train,yt_92din2kUd4Y_0042.0_r2.txt,youtube,92din2kUd4Y_0042.0,tidak,r2,2
train,yt_92din2kUd4Y_0042.0_r3.txt,youtube,92din2kUd4Y_0042.0,tidak,r3,2
train,yt_E9Twh20nseo_0000.0_night.txt,youtube,E9Twh20nseo_0000.0,ya,-,1
train,yt_E9Twh20nseo_0000.0_r1.txt,youtube,E9Twh20nseo_0000.0,tidak,r1,1
train,yt_E9Twh20nseo_0000.0_r2.txt,youtube,E9Twh20nseo_0000.0,tidak,r2,1
train,yt_E9Twh20nseo_0000.0_r3.txt,youtube,E9Twh20nseo_0000.0,tidak,r3,1
train,yt_E9Twh20nseo_0004.5_night.txt,youtube,E9Twh20nseo_0004.5,ya,-,1
train,yt_E9Twh20nseo_0004.5_r1.txt,youtube,E9Twh20nseo_0004.5,tidak,r1,1
train,yt_E9Twh20nseo_0004.5_r2.txt,youtube,E9Twh20nseo_0004.5,tidak,r2,1
train,yt_E9Twh20nseo_0004.5_r3.txt,youtube,E9Twh20nseo_0004.5,tidak,r3,1
train,yt_E9Twh20nseo_0054.0_night.txt,youtube,E9Twh20nseo_0054.0,ya,-,2
train,yt_E9Twh20nseo_0054.0_r1.txt,youtube,E9Twh20nseo_0054.0,tidak,r1,2
train,yt_E9Twh20nseo_0054.0_r2.txt,youtube,E9Twh20nseo_0054.0,tidak,r2,2
train,yt_E9Twh20nseo_0054.0_r3.txt,youtube,E9Twh20nseo_0054.0,tidak,r3,2
train,yt_E9Twh20nseo_0081.0_night.txt,youtube,E9Twh20nseo_0081.0,ya,-,2
train,yt_E9Twh20nseo_0081.0_r1.txt,youtube,E9Twh20nseo_0081.0,tidak,r1,2
train,yt_E9Twh20nseo_0081.0_r2.txt,youtube,E9Twh20nseo_0081.0,tidak,r2,2
train,yt_E9Twh20nseo_0081.0_r3.txt,youtube,E9Twh20nseo_0081.0,tidak,r3,2
train,yt_E9Twh20nseo_0090.0_night.txt,youtube,E9Twh20nseo_0090.0,ya,-,2
train,yt_E9Twh20nseo_0090.0_r1.txt,youtube,E9Twh20nseo_0090.0,tidak,r1,2
train,yt_E9Twh20nseo_0090.0_r2.txt,youtube,E9Twh20nseo_0090.0,tidak,r2,2
train,yt_E9Twh20nseo_0090.0_r3.txt,youtube,E9Twh20nseo_0090.0,tidak,r3,2
train,yt_E9Twh20nseo_0094.5_night.txt,youtube,E9Twh20nseo_0094.5,ya,-,2
train,yt_E9Twh20nseo_0094.5_r1.txt,youtube,E9Twh20nseo_0094.5,tidak,r1,2
train,yt_E9Twh20nseo_0094.5_r2.txt,youtube,E9Twh20nseo_0094.5,tidak,r2,2
train,yt_E9Twh20nseo_0094.5_r3.txt,youtube,E9Twh20nseo_0094.5,tidak,r3,2
train,yt_E9Twh20nseo_0121.5_night.txt,youtube,E9Twh20nseo_0121.5,ya,-,2
train,yt_E9Twh20nseo_0121.5_r1.txt,youtube,E9Twh20nseo_0121.5,tidak,r1,2
train,yt_E9Twh20nseo_0121.5_r2.txt,youtube,E9Twh20nseo_0121.5,tidak,r2,2
train,yt_E9Twh20nseo_0121.5_r3.txt,youtube,E9Twh20nseo_0121.5,tidak,r3,2
train,yt_E9Twh20nseo_0126.0_night.txt,youtube,E9Twh20nseo_0126.0,ya,-,2
train,yt_E9Twh20nseo_0126.0_r1.txt,youtube,E9Twh20nseo_0126.0,tidak,r1,2
train,yt_E9Twh20nseo_0126.0_r2.txt,youtube,E9Twh20nseo_0126.0,tidak,r2,2
train,yt_E9Twh20nseo_0126.0_r3.txt,youtube,E9Twh20nseo_0126.0,tidak,r3,2
train,yt_E9Twh20nseo_0130.5_night.txt,youtube,E9Twh20nseo_0130.5,ya,-,2
train,yt_E9Twh20nseo_0130.5_r1.txt,youtube,E9Twh20nseo_0130.5,tidak,r1,2
train,yt_E9Twh20nseo_0130.5_r2.txt,youtube,E9Twh20nseo_0130.5,tidak,r2,2
train,yt_E9Twh20nseo_0130.5_r3.txt,youtube,E9Twh20nseo_0130.5,tidak,r3,2
train,yt_E9Twh20nseo_0135.0_night.txt,youtube,E9Twh20nseo_0135.0,ya,-,2
train,yt_E9Twh20nseo_0135.0_r1.txt,youtube,E9Twh20nseo_0135.0,tidak,r1,2
train,yt_E9Twh20nseo_0135.0_r2.txt,youtube,E9Twh20nseo_0135.0,tidak,r2,2
train,yt_E9Twh20nseo_0135.0_r3.txt,youtube,E9Twh20nseo_0135.0,tidak,r3,2
train,yt_E9Twh20nseo_0139.5_night.txt,youtube,E9Twh20nseo_0139.5,ya,-,2
train,yt_E9Twh20nseo_0139.5_r1.txt,youtube,E9Twh20nseo_0139.5,tidak,r1,2
train,yt_E9Twh20nseo_0139.5_r2.txt,youtube,E9Twh20nseo_0139.5,tidak,r2,2
train,yt_E9Twh20nseo_0139.5_r3.txt,youtube,E9Twh20nseo_0139.5,tidak,r3,2
train,yt_E9Twh20nseo_0148.5_night.txt,youtube,E9Twh20nseo_0148.5,ya,-,2
train,yt_E9Twh20nseo_0148.5_r1.txt,youtube,E9Twh20nseo_0148.5,tidak,r1,2
train,yt_E9Twh20nseo_0148.5_r2.txt,youtube,E9Twh20nseo_0148.5,tidak,r2,2
train,yt_E9Twh20nseo_0148.5_r3.txt,youtube,E9Twh20nseo_0148.5,tidak,r3,2
train,yt_E9Twh20nseo_0171.0_night.txt,youtube,E9Twh20nseo_0171.0,ya,-,2
train,yt_E9Twh20nseo_0171.0_r1.txt,youtube,E9Twh20nseo_0171.0,tidak,r1,2
train,yt_E9Twh20nseo_0171.0_r2.txt,youtube,E9Twh20nseo_0171.0,tidak,r2,2
train,yt_E9Twh20nseo_0171.0_r3.txt,youtube,E9Twh20nseo_0171.0,tidak,r3,2
train,yt_E9Twh20nseo_0175.5_night.txt,youtube,E9Twh20nseo_0175.5,ya,-,2
train,yt_E9Twh20nseo_0175.5_r1.txt,youtube,E9Twh20nseo_0175.5,tidak,r1,2
train,yt_E9Twh20nseo_0175.5_r2.txt,youtube,E9Twh20nseo_0175.5,tidak,r2,2
train,yt_E9Twh20nseo_0175.5_r3.txt,youtube,E9Twh20nseo_0175.5,tidak,r3,2
train,yt_E9Twh20nseo_0181.5_night.txt,youtube,E9Twh20nseo_0181.5,ya,-,2
train,yt_E9Twh20nseo_0181.5_r1.txt,youtube,E9Twh20nseo_0181.5,tidak,r1,2
train,yt_E9Twh20nseo_0181.5_r2.txt,youtube,E9Twh20nseo_0181.5,tidak,r2,2
train,yt_E9Twh20nseo_0181.5_r3.txt,youtube,E9Twh20nseo_0181.5,tidak,r3,2
train,yt_E9Twh20nseo_0226.5_night.txt,youtube,E9Twh20nseo_0226.5,ya,-,1
train,yt_E9Twh20nseo_0226.5_r1.txt,youtube,E9Twh20nseo_0226.5,tidak,r1,1
train,yt_E9Twh20nseo_0226.5_r2.txt,youtube,E9Twh20nseo_0226.5,tidak,r2,1
train,yt_E9Twh20nseo_0226.5_r3.txt,youtube,E9Twh20nseo_0226.5,tidak,r3,1
train,yt_E9Twh20nseo_0231.0_night.txt,youtube,E9Twh20nseo_0231.0,ya,-,1
train,yt_E9Twh20nseo_0231.0_r1.txt,youtube,E9Twh20nseo_0231.0,tidak,r1,1
train,yt_E9Twh20nseo_0231.0_r2.txt,youtube,E9Twh20nseo_0231.0,tidak,r2,1
train,yt_E9Twh20nseo_0231.0_r3.txt,youtube,E9Twh20nseo_0231.0,tidak,r3,1
train,yt_K6zCCLLKbKk_0033.0_night.txt,youtube,K6zCCLLKbKk_0033.0,ya,-,2
train,yt_K6zCCLLKbKk_0033.0_r1.txt,youtube,K6zCCLLKbKk_0033.0,tidak,r1,2
train,yt_K6zCCLLKbKk_0033.0_r2.txt,youtube,K6zCCLLKbKk_0033.0,tidak,r2,2
train,yt_K6zCCLLKbKk_0033.0_r3.txt,youtube,K6zCCLLKbKk_0033.0,tidak,r3,2
train,yt_K6zCCLLKbKk_0034.5_night.txt,youtube,K6zCCLLKbKk_0034.5,ya,-,2
train,yt_K6zCCLLKbKk_0034.5_r1.txt,youtube,K6zCCLLKbKk_0034.5,tidak,r1,2
train,yt_K6zCCLLKbKk_0034.5_r2.txt,youtube,K6zCCLLKbKk_0034.5,tidak,r2,2
train,yt_K6zCCLLKbKk_0034.5_r3.txt,youtube,K6zCCLLKbKk_0034.5,tidak,r3,2
train,yt_K6zCCLLKbKk_0036.0_night.txt,youtube,K6zCCLLKbKk_0036.0,ya,-,2
train,yt_K6zCCLLKbKk_0036.0_r1.txt,youtube,K6zCCLLKbKk_0036.0,tidak,r1,2
train,yt_K6zCCLLKbKk_0036.0_r2.txt,youtube,K6zCCLLKbKk_0036.0,tidak,r2,2
train,yt_K6zCCLLKbKk_0036.0_r3.txt,youtube,K6zCCLLKbKk_0036.0,tidak,r3,2
train,yt_K6zCCLLKbKk_0042.0_night.txt,youtube,K6zCCLLKbKk_0042.0,ya,-,1
train,yt_K6zCCLLKbKk_0042.0_r1.txt,youtube,K6zCCLLKbKk_0042.0,tidak,r1,1
train,yt_K6zCCLLKbKk_0042.0_r2.txt,youtube,K6zCCLLKbKk_0042.0,tidak,r2,1
train,yt_K6zCCLLKbKk_0042.0_r3.txt,youtube,K6zCCLLKbKk_0042.0,tidak,r3,1
train,yt_K6zCCLLKbKk_0054.1_night.txt,youtube,K6zCCLLKbKk_0054.1,ya,-,2
train,yt_K6zCCLLKbKk_0054.1_r1.txt,youtube,K6zCCLLKbKk_0054.1,tidak,r1,2
train,yt_K6zCCLLKbKk_0054.1_r2.txt,youtube,K6zCCLLKbKk_0054.1,tidak,r2,2
train,yt_K6zCCLLKbKk_0054.1_r3.txt,youtube,K6zCCLLKbKk_0054.1,tidak,r3,2
train,yt_K6zCCLLKbKk_0055.6_night.txt,youtube,K6zCCLLKbKk_0055.6,ya,-,2
train,yt_K6zCCLLKbKk_0055.6_r1.txt,youtube,K6zCCLLKbKk_0055.6,tidak,r1,2
train,yt_K6zCCLLKbKk_0055.6_r2.txt,youtube,K6zCCLLKbKk_0055.6,tidak,r2,2
train,yt_K6zCCLLKbKk_0055.6_r3.txt,youtube,K6zCCLLKbKk_0055.6,tidak,r3,2
train,yt_K6zCCLLKbKk_0057.1_night.txt,youtube,K6zCCLLKbKk_0057.1,ya,-,2
train,yt_K6zCCLLKbKk_0057.1_r1.txt,youtube,K6zCCLLKbKk_0057.1,tidak,r1,2
train,yt_K6zCCLLKbKk_0057.1_r2.txt,youtube,K6zCCLLKbKk_0057.1,tidak,r2,2
train,yt_K6zCCLLKbKk_0057.1_r3.txt,youtube,K6zCCLLKbKk_0057.1,tidak,r3,2
train,yt_K6zCCLLKbKk_0058.6_night.txt,youtube,K6zCCLLKbKk_0058.6,ya,-,2
train,yt_K6zCCLLKbKk_0058.6_r1.txt,youtube,K6zCCLLKbKk_0058.6,tidak,r1,2
train,yt_K6zCCLLKbKk_0058.6_r2.txt,youtube,K6zCCLLKbKk_0058.6,tidak,r2,2
train,yt_K6zCCLLKbKk_0058.6_r3.txt,youtube,K6zCCLLKbKk_0058.6,tidak,r3,2
train,yt_K6zCCLLKbKk_0060.1_night.txt,youtube,K6zCCLLKbKk_0060.1,ya,-,2
train,yt_K6zCCLLKbKk_0060.1_r1.txt,youtube,K6zCCLLKbKk_0060.1,tidak,r1,2
train,yt_K6zCCLLKbKk_0060.1_r2.txt,youtube,K6zCCLLKbKk_0060.1,tidak,r2,2
train,yt_K6zCCLLKbKk_0060.1_r3.txt,youtube,K6zCCLLKbKk_0060.1,tidak,r3,2
train,yt_K6zCCLLKbKk_0061.6_night.txt,youtube,K6zCCLLKbKk_0061.6,ya,-,2
train,yt_K6zCCLLKbKk_0061.6_r1.txt,youtube,K6zCCLLKbKk_0061.6,tidak,r1,2
train,yt_K6zCCLLKbKk_0061.6_r2.txt,youtube,K6zCCLLKbKk_0061.6,tidak,r2,2
train,yt_K6zCCLLKbKk_0061.6_r3.txt,youtube,K6zCCLLKbKk_0061.6,tidak,r3,2
train,yt_K6zCCLLKbKk_0064.6_night.txt,youtube,K6zCCLLKbKk_0064.6,ya,-,2
train,yt_K6zCCLLKbKk_0064.6_r1.txt,youtube,K6zCCLLKbKk_0064.6,tidak,r1,2
train,yt_K6zCCLLKbKk_0064.6_r2.txt,youtube,K6zCCLLKbKk_0064.6,tidak,r2,2
train,yt_K6zCCLLKbKk_0064.6_r3.txt,youtube,K6zCCLLKbKk_0064.6,tidak,r3,2
train,yt_K6zCCLLKbKk_0066.1_night.txt,youtube,K6zCCLLKbKk_0066.1,ya,-,2
train,yt_K6zCCLLKbKk_0066.1_r1.txt,youtube,K6zCCLLKbKk_0066.1,tidak,r1,2
train,yt_K6zCCLLKbKk_0066.1_r2.txt,youtube,K6zCCLLKbKk_0066.1,tidak,r2,2
train,yt_K6zCCLLKbKk_0066.1_r3.txt,youtube,K6zCCLLKbKk_0066.1,tidak,r3,2
train,yt_K6zCCLLKbKk_0067.6_night.txt,youtube,K6zCCLLKbKk_0067.6,ya,-,2
train,yt_K6zCCLLKbKk_0067.6_r1.txt,youtube,K6zCCLLKbKk_0067.6,tidak,r1,2
train,yt_K6zCCLLKbKk_0067.6_r2.txt,youtube,K6zCCLLKbKk_0067.6,tidak,r2,2
train,yt_K6zCCLLKbKk_0067.6_r3.txt,youtube,K6zCCLLKbKk_0067.6,tidak,r3,2
train,yt_K6zCCLLKbKk_0070.6_night.txt,youtube,K6zCCLLKbKk_0070.6,ya,-,2
train,yt_K6zCCLLKbKk_0070.6_r1.txt,youtube,K6zCCLLKbKk_0070.6,tidak,r1,2
train,yt_K6zCCLLKbKk_0070.6_r2.txt,youtube,K6zCCLLKbKk_0070.6,tidak,r2,2
train,yt_K6zCCLLKbKk_0070.6_r3.txt,youtube,K6zCCLLKbKk_0070.6,tidak,r3,2
train,yt_K6zCCLLKbKk_0076.6_night.txt,youtube,K6zCCLLKbKk_0076.6,ya,-,2
train,yt_K6zCCLLKbKk_0076.6_r1.txt,youtube,K6zCCLLKbKk_0076.6,tidak,r1,2
train,yt_K6zCCLLKbKk_0076.6_r2.txt,youtube,K6zCCLLKbKk_0076.6,tidak,r2,2
train,yt_K6zCCLLKbKk_0076.6_r3.txt,youtube,K6zCCLLKbKk_0076.6,tidak,r3,2
train,yt_K6zCCLLKbKk_0079.6_night.txt,youtube,K6zCCLLKbKk_0079.6,ya,-,2
train,yt_K6zCCLLKbKk_0079.6_r1.txt,youtube,K6zCCLLKbKk_0079.6,tidak,r1,2
train,yt_K6zCCLLKbKk_0079.6_r2.txt,youtube,K6zCCLLKbKk_0079.6,tidak,r2,2
train,yt_K6zCCLLKbKk_0079.6_r3.txt,youtube,K6zCCLLKbKk_0079.6,tidak,r3,2
train,yt_K6zCCLLKbKk_0082.6_night.txt,youtube,K6zCCLLKbKk_0082.6,ya,-,2
train,yt_K6zCCLLKbKk_0082.6_r1.txt,youtube,K6zCCLLKbKk_0082.6,tidak,r1,2
train,yt_K6zCCLLKbKk_0082.6_r2.txt,youtube,K6zCCLLKbKk_0082.6,tidak,r2,2
train,yt_K6zCCLLKbKk_0082.6_r3.txt,youtube,K6zCCLLKbKk_0082.6,tidak,r3,2
train,yt_K6zCCLLKbKk_0084.1_night.txt,youtube,K6zCCLLKbKk_0084.1,ya,-,2
train,yt_K6zCCLLKbKk_0084.1_r1.txt,youtube,K6zCCLLKbKk_0084.1,tidak,r1,2
train,yt_K6zCCLLKbKk_0084.1_r2.txt,youtube,K6zCCLLKbKk_0084.1,tidak,r2,2
train,yt_K6zCCLLKbKk_0084.1_r3.txt,youtube,K6zCCLLKbKk_0084.1,tidak,r3,2
train,yt_K6zCCLLKbKk_0085.6_night.txt,youtube,K6zCCLLKbKk_0085.6,ya,-,2
train,yt_K6zCCLLKbKk_0085.6_r1.txt,youtube,K6zCCLLKbKk_0085.6,tidak,r1,2
train,yt_K6zCCLLKbKk_0085.6_r2.txt,youtube,K6zCCLLKbKk_0085.6,tidak,r2,2
train,yt_K6zCCLLKbKk_0085.6_r3.txt,youtube,K6zCCLLKbKk_0085.6,tidak,r3,2
train,yt_K6zCCLLKbKk_0102.1_night.txt,youtube,K6zCCLLKbKk_0102.1,ya,-,1
train,yt_K6zCCLLKbKk_0102.1_r1.txt,youtube,K6zCCLLKbKk_0102.1,tidak,r1,1
train,yt_K6zCCLLKbKk_0102.1_r2.txt,youtube,K6zCCLLKbKk_0102.1,tidak,r2,1
train,yt_K6zCCLLKbKk_0102.1_r3.txt,youtube,K6zCCLLKbKk_0102.1,tidak,r3,1
train,yt_K6zCCLLKbKk_0103.6_night.txt,youtube,K6zCCLLKbKk_0103.6,ya,-,1
train,yt_K6zCCLLKbKk_0103.6_r1.txt,youtube,K6zCCLLKbKk_0103.6,tidak,r1,1
train,yt_K6zCCLLKbKk_0103.6_r2.txt,youtube,K6zCCLLKbKk_0103.6,tidak,r2,1
train,yt_K6zCCLLKbKk_0103.6_r3.txt,youtube,K6zCCLLKbKk_0103.6,tidak,r3,1
train,yt_K6zCCLLKbKk_0105.1_night.txt,youtube,K6zCCLLKbKk_0105.1,ya,-,1
train,yt_K6zCCLLKbKk_0105.1_r1.txt,youtube,K6zCCLLKbKk_0105.1,tidak,r1,1
train,yt_K6zCCLLKbKk_0105.1_r2.txt,youtube,K6zCCLLKbKk_0105.1,tidak,r2,1
train,yt_K6zCCLLKbKk_0105.1_r3.txt,youtube,K6zCCLLKbKk_0105.1,tidak,r3,1
train,yt_K6zCCLLKbKk_0108.1_night.txt,youtube,K6zCCLLKbKk_0108.1,ya,-,1
train,yt_K6zCCLLKbKk_0108.1_r1.txt,youtube,K6zCCLLKbKk_0108.1,tidak,r1,1
train,yt_K6zCCLLKbKk_0108.1_r2.txt,youtube,K6zCCLLKbKk_0108.1,tidak,r2,1
train,yt_K6zCCLLKbKk_0108.1_r3.txt,youtube,K6zCCLLKbKk_0108.1,tidak,r3,1
train,yt_K6zCCLLKbKk_0109.6_night.txt,youtube,K6zCCLLKbKk_0109.6,ya,-,1
train,yt_K6zCCLLKbKk_0109.6_r1.txt,youtube,K6zCCLLKbKk_0109.6,tidak,r1,1
train,yt_K6zCCLLKbKk_0109.6_r2.txt,youtube,K6zCCLLKbKk_0109.6,tidak,r2,1
train,yt_K6zCCLLKbKk_0109.6_r3.txt,youtube,K6zCCLLKbKk_0109.6,tidak,r3,1
train,yt_K6zCCLLKbKk_0111.1_night.txt,youtube,K6zCCLLKbKk_0111.1,ya,-,1
train,yt_K6zCCLLKbKk_0111.1_r1.txt,youtube,K6zCCLLKbKk_0111.1,tidak,r1,1
train,yt_K6zCCLLKbKk_0111.1_r2.txt,youtube,K6zCCLLKbKk_0111.1,tidak,r2,1
train,yt_K6zCCLLKbKk_0111.1_r3.txt,youtube,K6zCCLLKbKk_0111.1,tidak,r3,1
train,yt_RSNn6em4WNA_0121.6_night.txt,youtube,RSNn6em4WNA_0121.6,ya,-,1
train,yt_RSNn6em4WNA_0121.6_r1.txt,youtube,RSNn6em4WNA_0121.6,tidak,r1,1
train,yt_RSNn6em4WNA_0121.6_r2.txt,youtube,RSNn6em4WNA_0121.6,tidak,r2,1
train,yt_RSNn6em4WNA_0121.6_r3.txt,youtube,RSNn6em4WNA_0121.6,tidak,r3,1
train,yt_RSNn6em4WNA_0123.1_night.txt,youtube,RSNn6em4WNA_0123.1,ya,-,1
train,yt_RSNn6em4WNA_0123.1_r1.txt,youtube,RSNn6em4WNA_0123.1,tidak,r1,1
train,yt_RSNn6em4WNA_0123.1_r2.txt,youtube,RSNn6em4WNA_0123.1,tidak,r2,1
train,yt_RSNn6em4WNA_0123.1_r3.txt,youtube,RSNn6em4WNA_0123.1,tidak,r3,1
train,yt_VVDvgY-H1Ck_0001.5_night.txt,youtube,VVDvgY-H1Ck_0001.5,ya,-,1
train,yt_VVDvgY-H1Ck_0001.5_r1.txt,youtube,VVDvgY-H1Ck_0001.5,tidak,r1,1
train,yt_VVDvgY-H1Ck_0001.5_r2.txt,youtube,VVDvgY-H1Ck_0001.5,tidak,r2,1
train,yt_VVDvgY-H1Ck_0001.5_r3.txt,youtube,VVDvgY-H1Ck_0001.5,tidak,r3,1
train,yt_VVDvgY-H1Ck_0004.6_night.txt,youtube,VVDvgY-H1Ck_0004.6,ya,-,1
train,yt_VVDvgY-H1Ck_0004.6_r1.txt,youtube,VVDvgY-H1Ck_0004.6,tidak,r1,1
train,yt_VVDvgY-H1Ck_0004.6_r2.txt,youtube,VVDvgY-H1Ck_0004.6,tidak,r2,1
train,yt_VVDvgY-H1Ck_0004.6_r3.txt,youtube,VVDvgY-H1Ck_0004.6,tidak,r3,1
train,yt_VVDvgY-H1Ck_0009.1_night.txt,youtube,VVDvgY-H1Ck_0009.1,ya,-,1
train,yt_VVDvgY-H1Ck_0009.1_r1.txt,youtube,VVDvgY-H1Ck_0009.1,tidak,r1,1
train,yt_VVDvgY-H1Ck_0009.1_r2.txt,youtube,VVDvgY-H1Ck_0009.1,tidak,r2,1
train,yt_VVDvgY-H1Ck_0009.1_r3.txt,youtube,VVDvgY-H1Ck_0009.1,tidak,r3,1
train,yt_VVDvgY-H1Ck_0012.2_night.txt,youtube,VVDvgY-H1Ck_0012.2,ya,-,1
train,yt_VVDvgY-H1Ck_0012.2_r1.txt,youtube,VVDvgY-H1Ck_0012.2,tidak,r1,1
train,yt_VVDvgY-H1Ck_0012.2_r2.txt,youtube,VVDvgY-H1Ck_0012.2,tidak,r2,1
train,yt_VVDvgY-H1Ck_0012.2_r3.txt,youtube,VVDvgY-H1Ck_0012.2,tidak,r3,1
train,yt_VVDvgY-H1Ck_0016.7_night.txt,youtube,VVDvgY-H1Ck_0016.7,ya,-,1
train,yt_VVDvgY-H1Ck_0016.7_r1.txt,youtube,VVDvgY-H1Ck_0016.7,tidak,r1,1
train,yt_VVDvgY-H1Ck_0016.7_r2.txt,youtube,VVDvgY-H1Ck_0016.7,tidak,r2,1
train,yt_VVDvgY-H1Ck_0016.7_r3.txt,youtube,VVDvgY-H1Ck_0016.7,tidak,r3,1
train,yt_VVDvgY-H1Ck_0021.3_night.txt,youtube,VVDvgY-H1Ck_0021.3,ya,-,1
train,yt_VVDvgY-H1Ck_0021.3_r1.txt,youtube,VVDvgY-H1Ck_0021.3,tidak,r1,1
train,yt_VVDvgY-H1Ck_0021.3_r2.txt,youtube,VVDvgY-H1Ck_0021.3,tidak,r2,1
train,yt_VVDvgY-H1Ck_0021.3_r3.txt,youtube,VVDvgY-H1Ck_0021.3,tidak,r3,1
train,yt_VVDvgY-H1Ck_0028.9_night.txt,youtube,VVDvgY-H1Ck_0028.9,ya,-,1
train,yt_VVDvgY-H1Ck_0028.9_r1.txt,youtube,VVDvgY-H1Ck_0028.9,tidak,r1,1
train,yt_VVDvgY-H1Ck_0028.9_r2.txt,youtube,VVDvgY-H1Ck_0028.9,tidak,r2,1
train,yt_VVDvgY-H1Ck_0028.9_r3.txt,youtube,VVDvgY-H1Ck_0028.9,tidak,r3,1
train,yt_VVDvgY-H1Ck_0033.4_night.txt,youtube,VVDvgY-H1Ck_0033.4,ya,-,1
train,yt_VVDvgY-H1Ck_0033.4_r1.txt,youtube,VVDvgY-H1Ck_0033.4,tidak,r1,1
train,yt_VVDvgY-H1Ck_0033.4_r2.txt,youtube,VVDvgY-H1Ck_0033.4,tidak,r2,1
train,yt_VVDvgY-H1Ck_0033.4_r3.txt,youtube,VVDvgY-H1Ck_0033.4,tidak,r3,1
train,yt_VVDvgY-H1Ck_0036.5_night.txt,youtube,VVDvgY-H1Ck_0036.5,ya,-,1
train,yt_VVDvgY-H1Ck_0036.5_r1.txt,youtube,VVDvgY-H1Ck_0036.5,tidak,r1,1
train,yt_VVDvgY-H1Ck_0036.5_r2.txt,youtube,VVDvgY-H1Ck_0036.5,tidak,r2,1
train,yt_VVDvgY-H1Ck_0036.5_r3.txt,youtube,VVDvgY-H1Ck_0036.5,tidak,r3,1
train,yt_VVDvgY-H1Ck_0041.0_night.txt,youtube,VVDvgY-H1Ck_0041.0,ya,-,1
train,yt_VVDvgY-H1Ck_0041.0_r1.txt,youtube,VVDvgY-H1Ck_0041.0,tidak,r1,1
train,yt_VVDvgY-H1Ck_0041.0_r2.txt,youtube,VVDvgY-H1Ck_0041.0,tidak,r2,1
train,yt_VVDvgY-H1Ck_0041.0_r3.txt,youtube,VVDvgY-H1Ck_0041.0,tidak,r3,1
train,yt_VVDvgY-H1Ck_0045.6_night.txt,youtube,VVDvgY-H1Ck_0045.6,ya,-,1
train,yt_VVDvgY-H1Ck_0045.6_r1.txt,youtube,VVDvgY-H1Ck_0045.6,tidak,r1,1
train,yt_VVDvgY-H1Ck_0045.6_r2.txt,youtube,VVDvgY-H1Ck_0045.6,tidak,r2,1
train,yt_VVDvgY-H1Ck_0045.6_r3.txt,youtube,VVDvgY-H1Ck_0045.6,tidak,r3,1
train,yt_VVDvgY-H1Ck_0048.6_night.txt,youtube,VVDvgY-H1Ck_0048.6,ya,-,1
train,yt_VVDvgY-H1Ck_0048.6_r1.txt,youtube,VVDvgY-H1Ck_0048.6,tidak,r1,1
train,yt_VVDvgY-H1Ck_0048.6_r2.txt,youtube,VVDvgY-H1Ck_0048.6,tidak,r2,1
train,yt_VVDvgY-H1Ck_0048.6_r3.txt,youtube,VVDvgY-H1Ck_0048.6,tidak,r3,1
train,yt_VVDvgY-H1Ck_0057.8_night.txt,youtube,VVDvgY-H1Ck_0057.8,ya,-,1
train,yt_VVDvgY-H1Ck_0057.8_r1.txt,youtube,VVDvgY-H1Ck_0057.8,tidak,r1,1
train,yt_VVDvgY-H1Ck_0057.8_r2.txt,youtube,VVDvgY-H1Ck_0057.8,tidak,r2,1
train,yt_VVDvgY-H1Ck_0057.8_r3.txt,youtube,VVDvgY-H1Ck_0057.8,tidak,r3,1
train,yt_VVDvgY-H1Ck_0060.8_night.txt,youtube,VVDvgY-H1Ck_0060.8,ya,-,1
train,yt_VVDvgY-H1Ck_0060.8_r1.txt,youtube,VVDvgY-H1Ck_0060.8,tidak,r1,1
train,yt_VVDvgY-H1Ck_0060.8_r2.txt,youtube,VVDvgY-H1Ck_0060.8,tidak,r2,1
train,yt_VVDvgY-H1Ck_0060.8_r3.txt,youtube,VVDvgY-H1Ck_0060.8,tidak,r3,1
train,yt_VVDvgY-H1Ck_0085.1_night.txt,youtube,VVDvgY-H1Ck_0085.1,ya,-,1
train,yt_VVDvgY-H1Ck_0085.1_r1.txt,youtube,VVDvgY-H1Ck_0085.1,tidak,r1,1
train,yt_VVDvgY-H1Ck_0085.1_r2.txt,youtube,VVDvgY-H1Ck_0085.1,tidak,r2,1
train,yt_VVDvgY-H1Ck_0085.1_r3.txt,youtube,VVDvgY-H1Ck_0085.1,tidak,r3,1
train,yt_VVDvgY-H1Ck_0089.7_night.txt,youtube,VVDvgY-H1Ck_0089.7,ya,-,1
train,yt_VVDvgY-H1Ck_0089.7_r1.txt,youtube,VVDvgY-H1Ck_0089.7,tidak,r1,1
train,yt_VVDvgY-H1Ck_0089.7_r2.txt,youtube,VVDvgY-H1Ck_0089.7,tidak,r2,1
train,yt_VVDvgY-H1Ck_0089.7_r3.txt,youtube,VVDvgY-H1Ck_0089.7,tidak,r3,1
train,yt_VVDvgY-H1Ck_0092.7_night.txt,youtube,VVDvgY-H1Ck_0092.7,ya,-,1
train,yt_VVDvgY-H1Ck_0092.7_r1.txt,youtube,VVDvgY-H1Ck_0092.7,tidak,r1,1
train,yt_VVDvgY-H1Ck_0092.7_r2.txt,youtube,VVDvgY-H1Ck_0092.7,tidak,r2,1
train,yt_VVDvgY-H1Ck_0092.7_r3.txt,youtube,VVDvgY-H1Ck_0092.7,tidak,r3,1
train,yt_VVDvgY-H1Ck_0097.3_night.txt,youtube,VVDvgY-H1Ck_0097.3,ya,-,1
train,yt_VVDvgY-H1Ck_0097.3_r1.txt,youtube,VVDvgY-H1Ck_0097.3,tidak,r1,1
train,yt_VVDvgY-H1Ck_0097.3_r2.txt,youtube,VVDvgY-H1Ck_0097.3,tidak,r2,1
train,yt_VVDvgY-H1Ck_0097.3_r3.txt,youtube,VVDvgY-H1Ck_0097.3,tidak,r3,1
train,yt_VVDvgY-H1Ck_0109.4_night.txt,youtube,VVDvgY-H1Ck_0109.4,ya,-,1
train,yt_VVDvgY-H1Ck_0109.4_r1.txt,youtube,VVDvgY-H1Ck_0109.4,tidak,r1,1
train,yt_VVDvgY-H1Ck_0109.4_r2.txt,youtube,VVDvgY-H1Ck_0109.4,tidak,r2,1
train,yt_VVDvgY-H1Ck_0109.4_r3.txt,youtube,VVDvgY-H1Ck_0109.4,tidak,r3,1
train,yt_VVDvgY-H1Ck_0114.0_night.txt,youtube,VVDvgY-H1Ck_0114.0,ya,-,1
train,yt_VVDvgY-H1Ck_0114.0_r1.txt,youtube,VVDvgY-H1Ck_0114.0,tidak,r1,1
train,yt_VVDvgY-H1Ck_0114.0_r2.txt,youtube,VVDvgY-H1Ck_0114.0,tidak,r2,1
train,yt_VVDvgY-H1Ck_0114.0_r3.txt,youtube,VVDvgY-H1Ck_0114.0,tidak,r3,1
train,yt_VVDvgY-H1Ck_0133.8_night.txt,youtube,VVDvgY-H1Ck_0133.8,ya,-,1
train,yt_VVDvgY-H1Ck_0133.8_r1.txt,youtube,VVDvgY-H1Ck_0133.8,tidak,r1,1
train,yt_VVDvgY-H1Ck_0133.8_r2.txt,youtube,VVDvgY-H1Ck_0133.8,tidak,r2,1
train,yt_VVDvgY-H1Ck_0133.8_r3.txt,youtube,VVDvgY-H1Ck_0133.8,tidak,r3,1
train,yt_VVDvgY-H1Ck_0136.8_night.txt,youtube,VVDvgY-H1Ck_0136.8,ya,-,1
train,yt_VVDvgY-H1Ck_0136.8_r1.txt,youtube,VVDvgY-H1Ck_0136.8,tidak,r1,1
train,yt_VVDvgY-H1Ck_0136.8_r2.txt,youtube,VVDvgY-H1Ck_0136.8,tidak,r2,1
train,yt_VVDvgY-H1Ck_0136.8_r3.txt,youtube,VVDvgY-H1Ck_0136.8,tidak,r3,1
train,yt_VVDvgY-H1Ck_0141.4_night.txt,youtube,VVDvgY-H1Ck_0141.4,ya,-,1
train,yt_VVDvgY-H1Ck_0141.4_r1.txt,youtube,VVDvgY-H1Ck_0141.4,tidak,r1,1
train,yt_VVDvgY-H1Ck_0141.4_r2.txt,youtube,VVDvgY-H1Ck_0141.4,tidak,r2,1
train,yt_VVDvgY-H1Ck_0141.4_r3.txt,youtube,VVDvgY-H1Ck_0141.4,tidak,r3,1
train,yt_VVDvgY-H1Ck_0145.9_night.txt,youtube,VVDvgY-H1Ck_0145.9,ya,-,1
train,yt_VVDvgY-H1Ck_0145.9_r1.txt,youtube,VVDvgY-H1Ck_0145.9,tidak,r1,1
train,yt_VVDvgY-H1Ck_0145.9_r2.txt,youtube,VVDvgY-H1Ck_0145.9,tidak,r2,1
train,yt_VVDvgY-H1Ck_0145.9_r3.txt,youtube,VVDvgY-H1Ck_0145.9,tidak,r3,1
train,yt_VVDvgY-H1Ck_0153.5_night.txt,youtube,VVDvgY-H1Ck_0153.5,ya,-,1
train,yt_VVDvgY-H1Ck_0153.5_r1.txt,youtube,VVDvgY-H1Ck_0153.5,tidak,r1,1
train,yt_VVDvgY-H1Ck_0153.5_r2.txt,youtube,VVDvgY-H1Ck_0153.5,tidak,r2,1
train,yt_VVDvgY-H1Ck_0153.5_r3.txt,youtube,VVDvgY-H1Ck_0153.5,tidak,r3,1
train,yt_VVDvgY-H1Ck_0185.4_night.txt,youtube,VVDvgY-H1Ck_0185.4,ya,-,1
train,yt_VVDvgY-H1Ck_0185.4_r1.txt,youtube,VVDvgY-H1Ck_0185.4,tidak,r1,1
train,yt_VVDvgY-H1Ck_0185.4_r2.txt,youtube,VVDvgY-H1Ck_0185.4,tidak,r2,1
train,yt_VVDvgY-H1Ck_0185.4_r3.txt,youtube,VVDvgY-H1Ck_0185.4,tidak,r3,1
train,yt_VVDvgY-H1Ck_0190.0_night.txt,youtube,VVDvgY-H1Ck_0190.0,ya,-,1
train,yt_VVDvgY-H1Ck_0190.0_r1.txt,youtube,VVDvgY-H1Ck_0190.0,tidak,r1,1
train,yt_VVDvgY-H1Ck_0190.0_r2.txt,youtube,VVDvgY-H1Ck_0190.0,tidak,r2,1
train,yt_VVDvgY-H1Ck_0190.0_r3.txt,youtube,VVDvgY-H1Ck_0190.0,tidak,r3,1
train,yt_VVDvgY-H1Ck_0193.0_night.txt,youtube,VVDvgY-H1Ck_0193.0,ya,-,1
train,yt_VVDvgY-H1Ck_0193.0_r1.txt,youtube,VVDvgY-H1Ck_0193.0,tidak,r1,1
train,yt_VVDvgY-H1Ck_0193.0_r2.txt,youtube,VVDvgY-H1Ck_0193.0,tidak,r2,1
train,yt_VVDvgY-H1Ck_0193.0_r3.txt,youtube,VVDvgY-H1Ck_0193.0,tidak,r3,1
train,yt_VVDvgY-H1Ck_0197.6_night.txt,youtube,VVDvgY-H1Ck_0197.6,ya,-,1
train,yt_VVDvgY-H1Ck_0197.6_r1.txt,youtube,VVDvgY-H1Ck_0197.6,tidak,r1,1
train,yt_VVDvgY-H1Ck_0197.6_r2.txt,youtube,VVDvgY-H1Ck_0197.6,tidak,r2,1
train,yt_VVDvgY-H1Ck_0197.6_r3.txt,youtube,VVDvgY-H1Ck_0197.6,tidak,r3,1
train,yt_VVDvgY-H1Ck_0202.2_night.txt,youtube,VVDvgY-H1Ck_0202.2,ya,-,1
train,yt_VVDvgY-H1Ck_0202.2_r1.txt,youtube,VVDvgY-H1Ck_0202.2,tidak,r1,1
train,yt_VVDvgY-H1Ck_0202.2_r2.txt,youtube,VVDvgY-H1Ck_0202.2,tidak,r2,1
train,yt_VVDvgY-H1Ck_0202.2_r3.txt,youtube,VVDvgY-H1Ck_0202.2,tidak,r3,1
train,yt_VVDvgY-H1Ck_0209.8_night.txt,youtube,VVDvgY-H1Ck_0209.8,ya,-,1
train,yt_VVDvgY-H1Ck_0209.8_r1.txt,youtube,VVDvgY-H1Ck_0209.8,tidak,r1,1
train,yt_VVDvgY-H1Ck_0209.8_r2.txt,youtube,VVDvgY-H1Ck_0209.8,tidak,r2,1
train,yt_VVDvgY-H1Ck_0209.8_r3.txt,youtube,VVDvgY-H1Ck_0209.8,tidak,r3,1
train,yt_VVDvgY-H1Ck_0214.3_night.txt,youtube,VVDvgY-H1Ck_0214.3,ya,-,1
train,yt_VVDvgY-H1Ck_0214.3_r1.txt,youtube,VVDvgY-H1Ck_0214.3,tidak,r1,1
train,yt_VVDvgY-H1Ck_0214.3_r2.txt,youtube,VVDvgY-H1Ck_0214.3,tidak,r2,1
train,yt_VVDvgY-H1Ck_0214.3_r3.txt,youtube,VVDvgY-H1Ck_0214.3,tidak,r3,1
train,yt_VVDvgY-H1Ck_0217.4_night.txt,youtube,VVDvgY-H1Ck_0217.4,ya,-,1
train,yt_VVDvgY-H1Ck_0217.4_r1.txt,youtube,VVDvgY-H1Ck_0217.4,tidak,r1,1
train,yt_VVDvgY-H1Ck_0217.4_r2.txt,youtube,VVDvgY-H1Ck_0217.4,tidak,r2,1
train,yt_VVDvgY-H1Ck_0217.4_r3.txt,youtube,VVDvgY-H1Ck_0217.4,tidak,r3,1
train,yt_VVDvgY-H1Ck_0221.9_night.txt,youtube,VVDvgY-H1Ck_0221.9,ya,-,1
train,yt_VVDvgY-H1Ck_0221.9_r1.txt,youtube,VVDvgY-H1Ck_0221.9,tidak,r1,1
train,yt_VVDvgY-H1Ck_0221.9_r2.txt,youtube,VVDvgY-H1Ck_0221.9,tidak,r2,1
train,yt_VVDvgY-H1Ck_0221.9_r3.txt,youtube,VVDvgY-H1Ck_0221.9,tidak,r3,1
train,yt_VVDvgY-H1Ck_0226.5_night.txt,youtube,VVDvgY-H1Ck_0226.5,ya,-,1
train,yt_VVDvgY-H1Ck_0226.5_r1.txt,youtube,VVDvgY-H1Ck_0226.5,tidak,r1,1
train,yt_VVDvgY-H1Ck_0226.5_r2.txt,youtube,VVDvgY-H1Ck_0226.5,tidak,r2,1
train,yt_VVDvgY-H1Ck_0226.5_r3.txt,youtube,VVDvgY-H1Ck_0226.5,tidak,r3,1
train,yt_VVDvgY-H1Ck_0229.5_night.txt,youtube,VVDvgY-H1Ck_0229.5,ya,-,1
train,yt_VVDvgY-H1Ck_0229.5_r1.txt,youtube,VVDvgY-H1Ck_0229.5,tidak,r1,1
train,yt_VVDvgY-H1Ck_0229.5_r2.txt,youtube,VVDvgY-H1Ck_0229.5,tidak,r2,1
train,yt_VVDvgY-H1Ck_0229.5_r3.txt,youtube,VVDvgY-H1Ck_0229.5,tidak,r3,1
train,yt_VVDvgY-H1Ck_0241.7_night.txt,youtube,VVDvgY-H1Ck_0241.7,ya,-,1
train,yt_VVDvgY-H1Ck_0241.7_r1.txt,youtube,VVDvgY-H1Ck_0241.7,tidak,r1,1
train,yt_VVDvgY-H1Ck_0241.7_r2.txt,youtube,VVDvgY-H1Ck_0241.7,tidak,r2,1
train,yt_VVDvgY-H1Ck_0241.7_r3.txt,youtube,VVDvgY-H1Ck_0241.7,tidak,r3,1
train,yt_VVDvgY-H1Ck_0246.2_night.txt,youtube,VVDvgY-H1Ck_0246.2,ya,-,1
train,yt_VVDvgY-H1Ck_0246.2_r1.txt,youtube,VVDvgY-H1Ck_0246.2,tidak,r1,1
train,yt_VVDvgY-H1Ck_0246.2_r2.txt,youtube,VVDvgY-H1Ck_0246.2,tidak,r2,1
train,yt_VVDvgY-H1Ck_0246.2_r3.txt,youtube,VVDvgY-H1Ck_0246.2,tidak,r3,1
train,yt_VVDvgY-H1Ck_0250.8_night.txt,youtube,VVDvgY-H1Ck_0250.8,ya,-,1
train,yt_VVDvgY-H1Ck_0250.8_r1.txt,youtube,VVDvgY-H1Ck_0250.8,tidak,r1,1
train,yt_VVDvgY-H1Ck_0250.8_r2.txt,youtube,VVDvgY-H1Ck_0250.8,tidak,r2,1
train,yt_VVDvgY-H1Ck_0250.8_r3.txt,youtube,VVDvgY-H1Ck_0250.8,tidak,r3,1
train,yt_VVDvgY-H1Ck_0258.4_night.txt,youtube,VVDvgY-H1Ck_0258.4,ya,-,2
train,yt_VVDvgY-H1Ck_0258.4_r1.txt,youtube,VVDvgY-H1Ck_0258.4,tidak,r1,2
train,yt_VVDvgY-H1Ck_0258.4_r2.txt,youtube,VVDvgY-H1Ck_0258.4,tidak,r2,2
train,yt_VVDvgY-H1Ck_0258.4_r3.txt,youtube,VVDvgY-H1Ck_0258.4,tidak,r3,2
train,yt_VVDvgY-H1Ck_0261.4_night.txt,youtube,VVDvgY-H1Ck_0261.4,ya,-,2
train,yt_VVDvgY-H1Ck_0261.4_r1.txt,youtube,VVDvgY-H1Ck_0261.4,tidak,r1,2
train,yt_VVDvgY-H1Ck_0261.4_r2.txt,youtube,VVDvgY-H1Ck_0261.4,tidak,r2,2
train,yt_VVDvgY-H1Ck_0261.4_r3.txt,youtube,VVDvgY-H1Ck_0261.4,tidak,r3,2
train,yt_VVDvgY-H1Ck_0266.0_night.txt,youtube,VVDvgY-H1Ck_0266.0,ya,-,2
train,yt_VVDvgY-H1Ck_0266.0_r1.txt,youtube,VVDvgY-H1Ck_0266.0,tidak,r1,2
train,yt_VVDvgY-H1Ck_0266.0_r2.txt,youtube,VVDvgY-H1Ck_0266.0,tidak,r2,2
train,yt_VVDvgY-H1Ck_0266.0_r3.txt,youtube,VVDvgY-H1Ck_0266.0,tidak,r3,2
train,yt__N5oR7H-qRI_0000.0_night.txt,youtube,_N5oR7H-qRI_0000.0,ya,-,3
train,yt__N5oR7H-qRI_0000.0_r1.txt,youtube,_N5oR7H-qRI_0000.0,tidak,r1,3
train,yt__N5oR7H-qRI_0000.0_r2.txt,youtube,_N5oR7H-qRI_0000.0,tidak,r2,3
train,yt__N5oR7H-qRI_0000.0_r3.txt,youtube,_N5oR7H-qRI_0000.0,tidak,r3,3
train,yt__N5oR7H-qRI_0001.5_night.txt,youtube,_N5oR7H-qRI_0001.5,ya,-,3
train,yt__N5oR7H-qRI_0001.5_r1.txt,youtube,_N5oR7H-qRI_0001.5,tidak,r1,3
train,yt__N5oR7H-qRI_0001.5_r2.txt,youtube,_N5oR7H-qRI_0001.5,tidak,r2,3
train,yt__N5oR7H-qRI_0001.5_r3.txt,youtube,_N5oR7H-qRI_0001.5,tidak,r3,3
train,yt__N5oR7H-qRI_0004.5_night.txt,youtube,_N5oR7H-qRI_0004.5,ya,-,3
train,yt__N5oR7H-qRI_0004.5_r1.txt,youtube,_N5oR7H-qRI_0004.5,tidak,r1,3
train,yt__N5oR7H-qRI_0004.5_r2.txt,youtube,_N5oR7H-qRI_0004.5,tidak,r2,3
train,yt__N5oR7H-qRI_0004.5_r3.txt,youtube,_N5oR7H-qRI_0004.5,tidak,r3,3
train,yt__N5oR7H-qRI_0006.0_night.txt,youtube,_N5oR7H-qRI_0006.0,ya,-,3
train,yt__N5oR7H-qRI_0006.0_r1.txt,youtube,_N5oR7H-qRI_0006.0,tidak,r1,3
train,yt__N5oR7H-qRI_0006.0_r2.txt,youtube,_N5oR7H-qRI_0006.0,tidak,r2,3
train,yt__N5oR7H-qRI_0006.0_r3.txt,youtube,_N5oR7H-qRI_0006.0,tidak,r3,3
train,yt__N5oR7H-qRI_0019.5_night.txt,youtube,_N5oR7H-qRI_0019.5,ya,-,2
train,yt__N5oR7H-qRI_0019.5_r1.txt,youtube,_N5oR7H-qRI_0019.5,tidak,r1,2
train,yt__N5oR7H-qRI_0019.5_r2.txt,youtube,_N5oR7H-qRI_0019.5,tidak,r2,2
train,yt__N5oR7H-qRI_0019.5_r3.txt,youtube,_N5oR7H-qRI_0019.5,tidak,r3,2
train,yt__N5oR7H-qRI_0022.5_night.txt,youtube,_N5oR7H-qRI_0022.5,ya,-,3
train,yt__N5oR7H-qRI_0022.5_r1.txt,youtube,_N5oR7H-qRI_0022.5,tidak,r1,3
train,yt__N5oR7H-qRI_0022.5_r2.txt,youtube,_N5oR7H-qRI_0022.5,tidak,r2,3
train,yt__N5oR7H-qRI_0022.5_r3.txt,youtube,_N5oR7H-qRI_0022.5,tidak,r3,3
train,yt__N5oR7H-qRI_0024.0_night.txt,youtube,_N5oR7H-qRI_0024.0,ya,-,2
train,yt__N5oR7H-qRI_0024.0_r1.txt,youtube,_N5oR7H-qRI_0024.0,tidak,r1,2
train,yt__N5oR7H-qRI_0024.0_r2.txt,youtube,_N5oR7H-qRI_0024.0,tidak,r2,2
train,yt__N5oR7H-qRI_0024.0_r3.txt,youtube,_N5oR7H-qRI_0024.0,tidak,r3,2
train,yt__N5oR7H-qRI_0031.5_night.txt,youtube,_N5oR7H-qRI_0031.5,ya,-,3
train,yt__N5oR7H-qRI_0031.5_r1.txt,youtube,_N5oR7H-qRI_0031.5,tidak,r1,3
train,yt__N5oR7H-qRI_0031.5_r2.txt,youtube,_N5oR7H-qRI_0031.5,tidak,r2,3
train,yt__N5oR7H-qRI_0031.5_r3.txt,youtube,_N5oR7H-qRI_0031.5,tidak,r3,3
train,yt__N5oR7H-qRI_0033.0_night.txt,youtube,_N5oR7H-qRI_0033.0,ya,-,3
train,yt__N5oR7H-qRI_0033.0_r1.txt,youtube,_N5oR7H-qRI_0033.0,tidak,r1,3
train,yt__N5oR7H-qRI_0033.0_r2.txt,youtube,_N5oR7H-qRI_0033.0,tidak,r2,3
train,yt__N5oR7H-qRI_0033.0_r3.txt,youtube,_N5oR7H-qRI_0033.0,tidak,r3,3
train,yt__N5oR7H-qRI_0036.0_night.txt,youtube,_N5oR7H-qRI_0036.0,ya,-,2
train,yt__N5oR7H-qRI_0036.0_r1.txt,youtube,_N5oR7H-qRI_0036.0,tidak,r1,2
train,yt__N5oR7H-qRI_0036.0_r2.txt,youtube,_N5oR7H-qRI_0036.0,tidak,r2,2
train,yt__N5oR7H-qRI_0036.0_r3.txt,youtube,_N5oR7H-qRI_0036.0,tidak,r3,2
train,yt__N5oR7H-qRI_0037.5_night.txt,youtube,_N5oR7H-qRI_0037.5,ya,-,2
train,yt__N5oR7H-qRI_0037.5_r1.txt,youtube,_N5oR7H-qRI_0037.5,tidak,r1,2
train,yt__N5oR7H-qRI_0037.5_r2.txt,youtube,_N5oR7H-qRI_0037.5,tidak,r2,2
train,yt__N5oR7H-qRI_0037.5_r3.txt,youtube,_N5oR7H-qRI_0037.5,tidak,r3,2
train,yt__N5oR7H-qRI_0040.5_night.txt,youtube,_N5oR7H-qRI_0040.5,ya,-,3
train,yt__N5oR7H-qRI_0040.5_r1.txt,youtube,_N5oR7H-qRI_0040.5,tidak,r1,3
train,yt__N5oR7H-qRI_0040.5_r2.txt,youtube,_N5oR7H-qRI_0040.5,tidak,r2,3
train,yt__N5oR7H-qRI_0040.5_r3.txt,youtube,_N5oR7H-qRI_0040.5,tidak,r3,3
train,yt__N5oR7H-qRI_0042.0_night.txt,youtube,_N5oR7H-qRI_0042.0,ya,-,3
train,yt__N5oR7H-qRI_0042.0_r1.txt,youtube,_N5oR7H-qRI_0042.0,tidak,r1,3
train,yt__N5oR7H-qRI_0042.0_r2.txt,youtube,_N5oR7H-qRI_0042.0,tidak,r2,3
train,yt__N5oR7H-qRI_0042.0_r3.txt,youtube,_N5oR7H-qRI_0042.0,tidak,r3,3
train,yt__N5oR7H-qRI_0055.5_night.txt,youtube,_N5oR7H-qRI_0055.5,ya,-,2
train,yt__N5oR7H-qRI_0055.5_r1.txt,youtube,_N5oR7H-qRI_0055.5,tidak,r1,2
train,yt__N5oR7H-qRI_0055.5_r2.txt,youtube,_N5oR7H-qRI_0055.5,tidak,r2,2
train,yt__N5oR7H-qRI_0055.5_r3.txt,youtube,_N5oR7H-qRI_0055.5,tidak,r3,2
train,yt__N5oR7H-qRI_0058.5_night.txt,youtube,_N5oR7H-qRI_0058.5,ya,-,3
train,yt__N5oR7H-qRI_0058.5_r1.txt,youtube,_N5oR7H-qRI_0058.5,tidak,r1,3
train,yt__N5oR7H-qRI_0058.5_r2.txt,youtube,_N5oR7H-qRI_0058.5,tidak,r2,3
train,yt__N5oR7H-qRI_0058.5_r3.txt,youtube,_N5oR7H-qRI_0058.5,tidak,r3,3
train,yt__N5oR7H-qRI_0060.0_night.txt,youtube,_N5oR7H-qRI_0060.0,ya,-,3
train,yt__N5oR7H-qRI_0060.0_r1.txt,youtube,_N5oR7H-qRI_0060.0,tidak,r1,3
train,yt__N5oR7H-qRI_0060.0_r2.txt,youtube,_N5oR7H-qRI_0060.0,tidak,r2,3
train,yt__N5oR7H-qRI_0060.0_r3.txt,youtube,_N5oR7H-qRI_0060.0,tidak,r3,3
train,yt__N5oR7H-qRI_0063.0_night.txt,youtube,_N5oR7H-qRI_0063.0,ya,-,3
train,yt__N5oR7H-qRI_0063.0_r1.txt,youtube,_N5oR7H-qRI_0063.0,tidak,r1,3
train,yt__N5oR7H-qRI_0063.0_r2.txt,youtube,_N5oR7H-qRI_0063.0,tidak,r2,3
train,yt__N5oR7H-qRI_0063.0_r3.txt,youtube,_N5oR7H-qRI_0063.0,tidak,r3,3
train,yt__N5oR7H-qRI_0067.5_night.txt,youtube,_N5oR7H-qRI_0067.5,ya,-,3
train,yt__N5oR7H-qRI_0067.5_r1.txt,youtube,_N5oR7H-qRI_0067.5,tidak,r1,3
train,yt__N5oR7H-qRI_0067.5_r2.txt,youtube,_N5oR7H-qRI_0067.5,tidak,r2,3
train,yt__N5oR7H-qRI_0067.5_r3.txt,youtube,_N5oR7H-qRI_0067.5,tidak,r3,3
train,yt__N5oR7H-qRI_0069.0_night.txt,youtube,_N5oR7H-qRI_0069.0,ya,-,3
train,yt__N5oR7H-qRI_0069.0_r1.txt,youtube,_N5oR7H-qRI_0069.0,tidak,r1,3
train,yt__N5oR7H-qRI_0069.0_r2.txt,youtube,_N5oR7H-qRI_0069.0,tidak,r2,3
train,yt__N5oR7H-qRI_0069.0_r3.txt,youtube,_N5oR7H-qRI_0069.0,tidak,r3,3
train,yt__N5oR7H-qRI_0072.0_night.txt,youtube,_N5oR7H-qRI_0072.0,ya,-,3
train,yt__N5oR7H-qRI_0072.0_r1.txt,youtube,_N5oR7H-qRI_0072.0,tidak,r1,3
train,yt__N5oR7H-qRI_0072.0_r2.txt,youtube,_N5oR7H-qRI_0072.0,tidak,r2,3
train,yt__N5oR7H-qRI_0072.0_r3.txt,youtube,_N5oR7H-qRI_0072.0,tidak,r3,3
train,yt__N5oR7H-qRI_0073.5_night.txt,youtube,_N5oR7H-qRI_0073.5,ya,-,3
train,yt__N5oR7H-qRI_0073.5_r1.txt,youtube,_N5oR7H-qRI_0073.5,tidak,r1,3
train,yt__N5oR7H-qRI_0073.5_r2.txt,youtube,_N5oR7H-qRI_0073.5,tidak,r2,3
train,yt__N5oR7H-qRI_0073.5_r3.txt,youtube,_N5oR7H-qRI_0073.5,tidak,r3,3
train,yt__N5oR7H-qRI_0076.5_night.txt,youtube,_N5oR7H-qRI_0076.5,ya,-,3
train,yt__N5oR7H-qRI_0076.5_r1.txt,youtube,_N5oR7H-qRI_0076.5,tidak,r1,3
train,yt__N5oR7H-qRI_0076.5_r2.txt,youtube,_N5oR7H-qRI_0076.5,tidak,r2,3
train,yt__N5oR7H-qRI_0076.5_r3.txt,youtube,_N5oR7H-qRI_0076.5,tidak,r3,3
train,yt__N5oR7H-qRI_0078.0_night.txt,youtube,_N5oR7H-qRI_0078.0,ya,-,3
train,yt__N5oR7H-qRI_0078.0_r1.txt,youtube,_N5oR7H-qRI_0078.0,tidak,r1,3
train,yt__N5oR7H-qRI_0078.0_r2.txt,youtube,_N5oR7H-qRI_0078.0,tidak,r2,3
train,yt__N5oR7H-qRI_0078.0_r3.txt,youtube,_N5oR7H-qRI_0078.0,tidak,r3,3
train,yt__N5oR7H-qRI_0082.5_night.txt,youtube,_N5oR7H-qRI_0082.5,ya,-,3
train,yt__N5oR7H-qRI_0082.5_r1.txt,youtube,_N5oR7H-qRI_0082.5,tidak,r1,3
train,yt__N5oR7H-qRI_0082.5_r2.txt,youtube,_N5oR7H-qRI_0082.5,tidak,r2,3
train,yt__N5oR7H-qRI_0082.5_r3.txt,youtube,_N5oR7H-qRI_0082.5,tidak,r3,3
train,yt__N5oR7H-qRI_0085.5_night.txt,youtube,_N5oR7H-qRI_0085.5,ya,-,3
train,yt__N5oR7H-qRI_0085.5_r1.txt,youtube,_N5oR7H-qRI_0085.5,tidak,r1,3
train,yt__N5oR7H-qRI_0085.5_r2.txt,youtube,_N5oR7H-qRI_0085.5,tidak,r2,3
train,yt__N5oR7H-qRI_0085.5_r3.txt,youtube,_N5oR7H-qRI_0085.5,tidak,r3,3
train,yt__N5oR7H-qRI_0087.0_night.txt,youtube,_N5oR7H-qRI_0087.0,ya,-,3
train,yt__N5oR7H-qRI_0087.0_r1.txt,youtube,_N5oR7H-qRI_0087.0,tidak,r1,3
train,yt__N5oR7H-qRI_0087.0_r2.txt,youtube,_N5oR7H-qRI_0087.0,tidak,r2,3
train,yt__N5oR7H-qRI_0087.0_r3.txt,youtube,_N5oR7H-qRI_0087.0,tidak,r3,3
train,yt__N5oR7H-qRI_0090.0_night.txt,youtube,_N5oR7H-qRI_0090.0,ya,-,3
train,yt__N5oR7H-qRI_0090.0_r1.txt,youtube,_N5oR7H-qRI_0090.0,tidak,r1,3
train,yt__N5oR7H-qRI_0090.0_r2.txt,youtube,_N5oR7H-qRI_0090.0,tidak,r2,3
train,yt__N5oR7H-qRI_0090.0_r3.txt,youtube,_N5oR7H-qRI_0090.0,tidak,r3,3
train,yt__N5oR7H-qRI_0091.5_night.txt,youtube,_N5oR7H-qRI_0091.5,ya,-,2
train,yt__N5oR7H-qRI_0091.5_r1.txt,youtube,_N5oR7H-qRI_0091.5,tidak,r1,2
train,yt__N5oR7H-qRI_0091.5_r2.txt,youtube,_N5oR7H-qRI_0091.5,tidak,r2,2
train,yt__N5oR7H-qRI_0091.5_r3.txt,youtube,_N5oR7H-qRI_0091.5,tidak,r3,2
train,yt_bYZW7DvZvY8_0004.6_night.txt,youtube,bYZW7DvZvY8_0004.6,ya,-,2
train,yt_bYZW7DvZvY8_0004.6_r1.txt,youtube,bYZW7DvZvY8_0004.6,tidak,r1,2
train,yt_bYZW7DvZvY8_0004.6_r2.txt,youtube,bYZW7DvZvY8_0004.6,tidak,r2,2
train,yt_bYZW7DvZvY8_0004.6_r3.txt,youtube,bYZW7DvZvY8_0004.6,tidak,r3,2
train,yt_bYZW7DvZvY8_0006.1_night.txt,youtube,bYZW7DvZvY8_0006.1,ya,-,2
train,yt_bYZW7DvZvY8_0006.1_r1.txt,youtube,bYZW7DvZvY8_0006.1,tidak,r1,2
train,yt_bYZW7DvZvY8_0006.1_r2.txt,youtube,bYZW7DvZvY8_0006.1,tidak,r2,2
train,yt_bYZW7DvZvY8_0006.1_r3.txt,youtube,bYZW7DvZvY8_0006.1,tidak,r3,2
train,yt_bYZW7DvZvY8_0007.6_night.txt,youtube,bYZW7DvZvY8_0007.6,ya,-,2
train,yt_bYZW7DvZvY8_0007.6_r1.txt,youtube,bYZW7DvZvY8_0007.6,tidak,r1,2
train,yt_bYZW7DvZvY8_0007.6_r2.txt,youtube,bYZW7DvZvY8_0007.6,tidak,r2,2
train,yt_bYZW7DvZvY8_0007.6_r3.txt,youtube,bYZW7DvZvY8_0007.6,tidak,r3,2
train,yt_bYZW7DvZvY8_0015.2_night.txt,youtube,bYZW7DvZvY8_0015.2,ya,-,3
train,yt_bYZW7DvZvY8_0015.2_r1.txt,youtube,bYZW7DvZvY8_0015.2,tidak,r1,3
train,yt_bYZW7DvZvY8_0015.2_r2.txt,youtube,bYZW7DvZvY8_0015.2,tidak,r2,3
train,yt_bYZW7DvZvY8_0015.2_r3.txt,youtube,bYZW7DvZvY8_0015.2,tidak,r3,3
train,yt_bYZW7DvZvY8_0016.7_night.txt,youtube,bYZW7DvZvY8_0016.7,ya,-,3
train,yt_bYZW7DvZvY8_0016.7_r1.txt,youtube,bYZW7DvZvY8_0016.7,tidak,r1,3
train,yt_bYZW7DvZvY8_0016.7_r2.txt,youtube,bYZW7DvZvY8_0016.7,tidak,r2,3
train,yt_bYZW7DvZvY8_0016.7_r3.txt,youtube,bYZW7DvZvY8_0016.7,tidak,r3,3
train,yt_bYZW7DvZvY8_0018.2_night.txt,youtube,bYZW7DvZvY8_0018.2,ya,-,3
train,yt_bYZW7DvZvY8_0018.2_r1.txt,youtube,bYZW7DvZvY8_0018.2,tidak,r1,3
train,yt_bYZW7DvZvY8_0018.2_r2.txt,youtube,bYZW7DvZvY8_0018.2,tidak,r2,3
train,yt_bYZW7DvZvY8_0018.2_r3.txt,youtube,bYZW7DvZvY8_0018.2,tidak,r3,3
train,yt_bYZW7DvZvY8_0025.8_night.txt,youtube,bYZW7DvZvY8_0025.8,ya,-,3
train,yt_bYZW7DvZvY8_0025.8_r1.txt,youtube,bYZW7DvZvY8_0025.8,tidak,r1,3
train,yt_bYZW7DvZvY8_0025.8_r2.txt,youtube,bYZW7DvZvY8_0025.8,tidak,r2,3
train,yt_bYZW7DvZvY8_0025.8_r3.txt,youtube,bYZW7DvZvY8_0025.8,tidak,r3,3
train,yt_bYZW7DvZvY8_0027.4_night.txt,youtube,bYZW7DvZvY8_0027.4,ya,-,3
train,yt_bYZW7DvZvY8_0027.4_r1.txt,youtube,bYZW7DvZvY8_0027.4,tidak,r1,3
train,yt_bYZW7DvZvY8_0027.4_r2.txt,youtube,bYZW7DvZvY8_0027.4,tidak,r2,3
train,yt_bYZW7DvZvY8_0027.4_r3.txt,youtube,bYZW7DvZvY8_0027.4,tidak,r3,3
train,yt_bYZW7DvZvY8_0028.9_night.txt,youtube,bYZW7DvZvY8_0028.9,ya,-,3
train,yt_bYZW7DvZvY8_0028.9_r1.txt,youtube,bYZW7DvZvY8_0028.9,tidak,r1,3
train,yt_bYZW7DvZvY8_0028.9_r2.txt,youtube,bYZW7DvZvY8_0028.9,tidak,r2,3
train,yt_bYZW7DvZvY8_0028.9_r3.txt,youtube,bYZW7DvZvY8_0028.9,tidak,r3,3
train,yt_bYZW7DvZvY8_0030.4_night.txt,youtube,bYZW7DvZvY8_0030.4,ya,-,3
train,yt_bYZW7DvZvY8_0030.4_r1.txt,youtube,bYZW7DvZvY8_0030.4,tidak,r1,3
train,yt_bYZW7DvZvY8_0030.4_r2.txt,youtube,bYZW7DvZvY8_0030.4,tidak,r2,3
train,yt_bYZW7DvZvY8_0030.4_r3.txt,youtube,bYZW7DvZvY8_0030.4,tidak,r3,3
train,yt_bYZW7DvZvY8_0031.9_night.txt,youtube,bYZW7DvZvY8_0031.9,ya,-,2
train,yt_bYZW7DvZvY8_0031.9_r1.txt,youtube,bYZW7DvZvY8_0031.9,tidak,r1,2
train,yt_bYZW7DvZvY8_0031.9_r2.txt,youtube,bYZW7DvZvY8_0031.9,tidak,r2,2
train,yt_bYZW7DvZvY8_0031.9_r3.txt,youtube,bYZW7DvZvY8_0031.9,tidak,r3,2
train,yt_bYZW7DvZvY8_0033.4_night.txt,youtube,bYZW7DvZvY8_0033.4,ya,-,2
train,yt_bYZW7DvZvY8_0033.4_r1.txt,youtube,bYZW7DvZvY8_0033.4,tidak,r1,2
train,yt_bYZW7DvZvY8_0033.4_r2.txt,youtube,bYZW7DvZvY8_0033.4,tidak,r2,2
train,yt_bYZW7DvZvY8_0033.4_r3.txt,youtube,bYZW7DvZvY8_0033.4,tidak,r3,2
train,yt_bYZW7DvZvY8_0036.5_night.txt,youtube,bYZW7DvZvY8_0036.5,ya,-,3
train,yt_bYZW7DvZvY8_0036.5_r1.txt,youtube,bYZW7DvZvY8_0036.5,tidak,r1,3
train,yt_bYZW7DvZvY8_0036.5_r2.txt,youtube,bYZW7DvZvY8_0036.5,tidak,r2,3
train,yt_bYZW7DvZvY8_0036.5_r3.txt,youtube,bYZW7DvZvY8_0036.5,tidak,r3,3
train,yt_bYZW7DvZvY8_0042.6_night.txt,youtube,bYZW7DvZvY8_0042.6,ya,-,3
train,yt_bYZW7DvZvY8_0042.6_r1.txt,youtube,bYZW7DvZvY8_0042.6,tidak,r1,3
train,yt_bYZW7DvZvY8_0042.6_r2.txt,youtube,bYZW7DvZvY8_0042.6,tidak,r2,3
train,yt_bYZW7DvZvY8_0042.6_r3.txt,youtube,bYZW7DvZvY8_0042.6,tidak,r3,3
train,yt_bYZW7DvZvY8_0044.1_night.txt,youtube,bYZW7DvZvY8_0044.1,ya,-,3
train,yt_bYZW7DvZvY8_0044.1_r1.txt,youtube,bYZW7DvZvY8_0044.1,tidak,r1,3
train,yt_bYZW7DvZvY8_0044.1_r2.txt,youtube,bYZW7DvZvY8_0044.1,tidak,r2,3
train,yt_bYZW7DvZvY8_0044.1_r3.txt,youtube,bYZW7DvZvY8_0044.1,tidak,r3,3
train,yt_bYZW7DvZvY8_0051.7_night.txt,youtube,bYZW7DvZvY8_0051.7,ya,-,2
train,yt_bYZW7DvZvY8_0051.7_r1.txt,youtube,bYZW7DvZvY8_0051.7,tidak,r1,2
train,yt_bYZW7DvZvY8_0051.7_r2.txt,youtube,bYZW7DvZvY8_0051.7,tidak,r2,2
train,yt_bYZW7DvZvY8_0051.7_r3.txt,youtube,bYZW7DvZvY8_0051.7,tidak,r3,2
train,yt_bYZW7DvZvY8_0053.2_night.txt,youtube,bYZW7DvZvY8_0053.2,ya,-,2
train,yt_bYZW7DvZvY8_0053.2_r1.txt,youtube,bYZW7DvZvY8_0053.2,tidak,r1,2
train,yt_bYZW7DvZvY8_0053.2_r2.txt,youtube,bYZW7DvZvY8_0053.2,tidak,r2,2
train,yt_bYZW7DvZvY8_0053.2_r3.txt,youtube,bYZW7DvZvY8_0053.2,tidak,r3,2
train,yt_bYZW7DvZvY8_0054.7_night.txt,youtube,bYZW7DvZvY8_0054.7,ya,-,2
train,yt_bYZW7DvZvY8_0054.7_r1.txt,youtube,bYZW7DvZvY8_0054.7,tidak,r1,2
train,yt_bYZW7DvZvY8_0054.7_r2.txt,youtube,bYZW7DvZvY8_0054.7,tidak,r2,2
train,yt_bYZW7DvZvY8_0054.7_r3.txt,youtube,bYZW7DvZvY8_0054.7,tidak,r3,2
train,yt_bYZW7DvZvY8_0056.2_night.txt,youtube,bYZW7DvZvY8_0056.2,ya,-,2
train,yt_bYZW7DvZvY8_0056.2_r1.txt,youtube,bYZW7DvZvY8_0056.2,tidak,r1,2
train,yt_bYZW7DvZvY8_0056.2_r2.txt,youtube,bYZW7DvZvY8_0056.2,tidak,r2,2
train,yt_bYZW7DvZvY8_0056.2_r3.txt,youtube,bYZW7DvZvY8_0056.2,tidak,r3,2
train,yt_bYZW7DvZvY8_0057.8_night.txt,youtube,bYZW7DvZvY8_0057.8,ya,-,2
train,yt_bYZW7DvZvY8_0057.8_r1.txt,youtube,bYZW7DvZvY8_0057.8,tidak,r1,2
train,yt_bYZW7DvZvY8_0057.8_r2.txt,youtube,bYZW7DvZvY8_0057.8,tidak,r2,2
train,yt_bYZW7DvZvY8_0057.8_r3.txt,youtube,bYZW7DvZvY8_0057.8,tidak,r3,2
train,yt_bYZW7DvZvY8_0060.8_night.txt,youtube,bYZW7DvZvY8_0060.8,ya,-,3
train,yt_bYZW7DvZvY8_0060.8_r1.txt,youtube,bYZW7DvZvY8_0060.8,tidak,r1,3
train,yt_bYZW7DvZvY8_0060.8_r2.txt,youtube,bYZW7DvZvY8_0060.8,tidak,r2,3
train,yt_bYZW7DvZvY8_0060.8_r3.txt,youtube,bYZW7DvZvY8_0060.8,tidak,r3,3
train,yt_bYZW7DvZvY8_0062.3_night.txt,youtube,bYZW7DvZvY8_0062.3,ya,-,3
train,yt_bYZW7DvZvY8_0062.3_r1.txt,youtube,bYZW7DvZvY8_0062.3,tidak,r1,3
train,yt_bYZW7DvZvY8_0062.3_r2.txt,youtube,bYZW7DvZvY8_0062.3,tidak,r2,3
train,yt_bYZW7DvZvY8_0062.3_r3.txt,youtube,bYZW7DvZvY8_0062.3,tidak,r3,3
train,yt_bYZW7DvZvY8_0063.8_night.txt,youtube,bYZW7DvZvY8_0063.8,ya,-,2
train,yt_bYZW7DvZvY8_0063.8_r1.txt,youtube,bYZW7DvZvY8_0063.8,tidak,r1,2
train,yt_bYZW7DvZvY8_0063.8_r2.txt,youtube,bYZW7DvZvY8_0063.8,tidak,r2,2
train,yt_bYZW7DvZvY8_0063.8_r3.txt,youtube,bYZW7DvZvY8_0063.8,tidak,r3,2
train,yt_bYZW7DvZvY8_0065.4_night.txt,youtube,bYZW7DvZvY8_0065.4,ya,-,2
train,yt_bYZW7DvZvY8_0065.4_r1.txt,youtube,bYZW7DvZvY8_0065.4,tidak,r1,2
train,yt_bYZW7DvZvY8_0065.4_r2.txt,youtube,bYZW7DvZvY8_0065.4,tidak,r2,2
train,yt_bYZW7DvZvY8_0065.4_r3.txt,youtube,bYZW7DvZvY8_0065.4,tidak,r3,2
train,yt_bYZW7DvZvY8_0066.9_night.txt,youtube,bYZW7DvZvY8_0066.9,ya,-,2
train,yt_bYZW7DvZvY8_0066.9_r1.txt,youtube,bYZW7DvZvY8_0066.9,tidak,r1,2
train,yt_bYZW7DvZvY8_0066.9_r2.txt,youtube,bYZW7DvZvY8_0066.9,tidak,r2,2
train,yt_bYZW7DvZvY8_0066.9_r3.txt,youtube,bYZW7DvZvY8_0066.9,tidak,r3,2
train,yt_bYZW7DvZvY8_0068.4_night.txt,youtube,bYZW7DvZvY8_0068.4,ya,-,2
train,yt_bYZW7DvZvY8_0068.4_r1.txt,youtube,bYZW7DvZvY8_0068.4,tidak,r1,2
train,yt_bYZW7DvZvY8_0068.4_r2.txt,youtube,bYZW7DvZvY8_0068.4,tidak,r2,2
train,yt_bYZW7DvZvY8_0068.4_r3.txt,youtube,bYZW7DvZvY8_0068.4,tidak,r3,2
train,yt_bYZW7DvZvY8_0071.4_night.txt,youtube,bYZW7DvZvY8_0071.4,ya,-,2
train,yt_bYZW7DvZvY8_0071.4_r1.txt,youtube,bYZW7DvZvY8_0071.4,tidak,r1,2
train,yt_bYZW7DvZvY8_0071.4_r2.txt,youtube,bYZW7DvZvY8_0071.4,tidak,r2,2
train,yt_bYZW7DvZvY8_0071.4_r3.txt,youtube,bYZW7DvZvY8_0071.4,tidak,r3,2
train,yt_bYZW7DvZvY8_0073.0_night.txt,youtube,bYZW7DvZvY8_0073.0,ya,-,2
train,yt_bYZW7DvZvY8_0073.0_r1.txt,youtube,bYZW7DvZvY8_0073.0,tidak,r1,2
train,yt_bYZW7DvZvY8_0073.0_r2.txt,youtube,bYZW7DvZvY8_0073.0,tidak,r2,2
train,yt_bYZW7DvZvY8_0073.0_r3.txt,youtube,bYZW7DvZvY8_0073.0,tidak,r3,2
train,yt_bYZW7DvZvY8_0074.5_night.txt,youtube,bYZW7DvZvY8_0074.5,ya,-,2
train,yt_bYZW7DvZvY8_0074.5_r1.txt,youtube,bYZW7DvZvY8_0074.5,tidak,r1,2
train,yt_bYZW7DvZvY8_0074.5_r2.txt,youtube,bYZW7DvZvY8_0074.5,tidak,r2,2
train,yt_bYZW7DvZvY8_0074.5_r3.txt,youtube,bYZW7DvZvY8_0074.5,tidak,r3,2
train,yt_bYZW7DvZvY8_0076.0_night.txt,youtube,bYZW7DvZvY8_0076.0,ya,-,2
train,yt_bYZW7DvZvY8_0076.0_r1.txt,youtube,bYZW7DvZvY8_0076.0,tidak,r1,2
train,yt_bYZW7DvZvY8_0076.0_r2.txt,youtube,bYZW7DvZvY8_0076.0,tidak,r2,2
train,yt_bYZW7DvZvY8_0076.0_r3.txt,youtube,bYZW7DvZvY8_0076.0,tidak,r3,2
train,yt_bYZW7DvZvY8_0077.5_night.txt,youtube,bYZW7DvZvY8_0077.5,ya,-,2
train,yt_bYZW7DvZvY8_0077.5_r1.txt,youtube,bYZW7DvZvY8_0077.5,tidak,r1,2
train,yt_bYZW7DvZvY8_0077.5_r2.txt,youtube,bYZW7DvZvY8_0077.5,tidak,r2,2
train,yt_bYZW7DvZvY8_0077.5_r3.txt,youtube,bYZW7DvZvY8_0077.5,tidak,r3,2
train,yt_bYZW7DvZvY8_0079.0_night.txt,youtube,bYZW7DvZvY8_0079.0,ya,-,2
train,yt_bYZW7DvZvY8_0079.0_r1.txt,youtube,bYZW7DvZvY8_0079.0,tidak,r1,2
train,yt_bYZW7DvZvY8_0079.0_r2.txt,youtube,bYZW7DvZvY8_0079.0,tidak,r2,2
train,yt_bYZW7DvZvY8_0079.0_r3.txt,youtube,bYZW7DvZvY8_0079.0,tidak,r3,2
train,yt_bYZW7DvZvY8_0082.1_night.txt,youtube,bYZW7DvZvY8_0082.1,ya,-,2
train,yt_bYZW7DvZvY8_0082.1_r1.txt,youtube,bYZW7DvZvY8_0082.1,tidak,r1,2
train,yt_bYZW7DvZvY8_0082.1_r2.txt,youtube,bYZW7DvZvY8_0082.1,tidak,r2,2
train,yt_bYZW7DvZvY8_0082.1_r3.txt,youtube,bYZW7DvZvY8_0082.1,tidak,r3,2
train,yt_bYZW7DvZvY8_0083.6_night.txt,youtube,bYZW7DvZvY8_0083.6,ya,-,2
train,yt_bYZW7DvZvY8_0083.6_r1.txt,youtube,bYZW7DvZvY8_0083.6,tidak,r1,2
train,yt_bYZW7DvZvY8_0083.6_r2.txt,youtube,bYZW7DvZvY8_0083.6,tidak,r2,2
train,yt_bYZW7DvZvY8_0083.6_r3.txt,youtube,bYZW7DvZvY8_0083.6,tidak,r3,2
train,yt_bYZW7DvZvY8_0085.1_night.txt,youtube,bYZW7DvZvY8_0085.1,ya,-,2
train,yt_bYZW7DvZvY8_0085.1_r1.txt,youtube,bYZW7DvZvY8_0085.1,tidak,r1,2
train,yt_bYZW7DvZvY8_0085.1_r2.txt,youtube,bYZW7DvZvY8_0085.1,tidak,r2,2
train,yt_bYZW7DvZvY8_0085.1_r3.txt,youtube,bYZW7DvZvY8_0085.1,tidak,r3,2
train,yt_bYZW7DvZvY8_0089.7_night.txt,youtube,bYZW7DvZvY8_0089.7,ya,-,2
train,yt_bYZW7DvZvY8_0089.7_r1.txt,youtube,bYZW7DvZvY8_0089.7,tidak,r1,2
train,yt_bYZW7DvZvY8_0089.7_r2.txt,youtube,bYZW7DvZvY8_0089.7,tidak,r2,2
train,yt_bYZW7DvZvY8_0089.7_r3.txt,youtube,bYZW7DvZvY8_0089.7,tidak,r3,2
train,yt_bYZW7DvZvY8_0091.2_night.txt,youtube,bYZW7DvZvY8_0091.2,ya,-,2
train,yt_bYZW7DvZvY8_0091.2_r1.txt,youtube,bYZW7DvZvY8_0091.2,tidak,r1,2
train,yt_bYZW7DvZvY8_0091.2_r2.txt,youtube,bYZW7DvZvY8_0091.2,tidak,r2,2
train,yt_bYZW7DvZvY8_0091.2_r3.txt,youtube,bYZW7DvZvY8_0091.2,tidak,r3,2
train,yt_fRP15YVjR6A_0048.0_night.txt,youtube,fRP15YVjR6A_0048.0,ya,-,1
train,yt_fRP15YVjR6A_0048.0_r1.txt,youtube,fRP15YVjR6A_0048.0,tidak,r1,1
train,yt_fRP15YVjR6A_0048.0_r2.txt,youtube,fRP15YVjR6A_0048.0,tidak,r2,1
train,yt_fRP15YVjR6A_0048.0_r3.txt,youtube,fRP15YVjR6A_0048.0,tidak,r3,1
train,yt_fRP15YVjR6A_0051.0_night.txt,youtube,fRP15YVjR6A_0051.0,ya,-,1
train,yt_fRP15YVjR6A_0051.0_r1.txt,youtube,fRP15YVjR6A_0051.0,tidak,r1,1
train,yt_fRP15YVjR6A_0051.0_r2.txt,youtube,fRP15YVjR6A_0051.0,tidak,r2,1
train,yt_fRP15YVjR6A_0051.0_r3.txt,youtube,fRP15YVjR6A_0051.0,tidak,r3,1
train,yt_fRP15YVjR6A_0052.5_night.txt,youtube,fRP15YVjR6A_0052.5,ya,-,1
train,yt_fRP15YVjR6A_0052.5_r1.txt,youtube,fRP15YVjR6A_0052.5,tidak,r1,1
train,yt_fRP15YVjR6A_0052.5_r2.txt,youtube,fRP15YVjR6A_0052.5,tidak,r2,1
train,yt_fRP15YVjR6A_0052.5_r3.txt,youtube,fRP15YVjR6A_0052.5,tidak,r3,1
train,yt_fRP15YVjR6A_0079.5_night.txt,youtube,fRP15YVjR6A_0079.5,ya,-,1
train,yt_fRP15YVjR6A_0079.5_r1.txt,youtube,fRP15YVjR6A_0079.5,tidak,r1,1
train,yt_fRP15YVjR6A_0079.5_r2.txt,youtube,fRP15YVjR6A_0079.5,tidak,r2,1
train,yt_fRP15YVjR6A_0079.5_r3.txt,youtube,fRP15YVjR6A_0079.5,tidak,r3,1
train,yt_fRP15YVjR6A_0082.5_night.txt,youtube,fRP15YVjR6A_0082.5,ya,-,1
train,yt_fRP15YVjR6A_0082.5_r1.txt,youtube,fRP15YVjR6A_0082.5,tidak,r1,1
train,yt_fRP15YVjR6A_0082.5_r2.txt,youtube,fRP15YVjR6A_0082.5,tidak,r2,1
train,yt_fRP15YVjR6A_0082.5_r3.txt,youtube,fRP15YVjR6A_0082.5,tidak,r3,1
train,yt_fRP15YVjR6A_0087.0_night.txt,youtube,fRP15YVjR6A_0087.0,ya,-,1
train,yt_fRP15YVjR6A_0087.0_r1.txt,youtube,fRP15YVjR6A_0087.0,tidak,r1,1
train,yt_fRP15YVjR6A_0087.0_r2.txt,youtube,fRP15YVjR6A_0087.0,tidak,r2,1
train,yt_fRP15YVjR6A_0087.0_r3.txt,youtube,fRP15YVjR6A_0087.0,tidak,r3,1
train,yt_fRP15YVjR6A_0108.0_night.txt,youtube,fRP15YVjR6A_0108.0,ya,-,1
train,yt_fRP15YVjR6A_0108.0_r1.txt,youtube,fRP15YVjR6A_0108.0,tidak,r1,1
train,yt_fRP15YVjR6A_0108.0_r2.txt,youtube,fRP15YVjR6A_0108.0,tidak,r2,1
train,yt_fRP15YVjR6A_0108.0_r3.txt,youtube,fRP15YVjR6A_0108.0,tidak,r3,1
train,yt_fRP15YVjR6A_0130.5_night.txt,youtube,fRP15YVjR6A_0130.5,ya,-,1
train,yt_fRP15YVjR6A_0130.5_r1.txt,youtube,fRP15YVjR6A_0130.5,tidak,r1,1
train,yt_fRP15YVjR6A_0130.5_r2.txt,youtube,fRP15YVjR6A_0130.5,tidak,r2,1
train,yt_fRP15YVjR6A_0130.5_r3.txt,youtube,fRP15YVjR6A_0130.5,tidak,r3,1
train,yt_fRP15YVjR6A_0132.0_night.txt,youtube,fRP15YVjR6A_0132.0,ya,-,1
train,yt_fRP15YVjR6A_0132.0_r1.txt,youtube,fRP15YVjR6A_0132.0,tidak,r1,1
train,yt_fRP15YVjR6A_0132.0_r2.txt,youtube,fRP15YVjR6A_0132.0,tidak,r2,1
train,yt_fRP15YVjR6A_0132.0_r3.txt,youtube,fRP15YVjR6A_0132.0,tidak,r3,1
train,yt_iECoOj9_qCk_0013.5_night.txt,youtube,iECoOj9_qCk_0013.5,ya,-,1
train,yt_iECoOj9_qCk_0013.5_r1.txt,youtube,iECoOj9_qCk_0013.5,tidak,r1,1
train,yt_iECoOj9_qCk_0013.5_r2.txt,youtube,iECoOj9_qCk_0013.5,tidak,r2,1
train,yt_iECoOj9_qCk_0013.5_r3.txt,youtube,iECoOj9_qCk_0013.5,tidak,r3,1
train,yt_iECoOj9_qCk_0021.0_night.txt,youtube,iECoOj9_qCk_0021.0,ya,-,1
train,yt_iECoOj9_qCk_0021.0_r1.txt,youtube,iECoOj9_qCk_0021.0,tidak,r1,1
train,yt_iECoOj9_qCk_0021.0_r2.txt,youtube,iECoOj9_qCk_0021.0,tidak,r2,1
train,yt_iECoOj9_qCk_0021.0_r3.txt,youtube,iECoOj9_qCk_0021.0,tidak,r3,1
train,yt_iECoOj9_qCk_0028.5_night.txt,youtube,iECoOj9_qCk_0028.5,ya,-,2
train,yt_iECoOj9_qCk_0028.5_r1.txt,youtube,iECoOj9_qCk_0028.5,tidak,r1,2
train,yt_iECoOj9_qCk_0028.5_r2.txt,youtube,iECoOj9_qCk_0028.5,tidak,r2,2
train,yt_iECoOj9_qCk_0028.5_r3.txt,youtube,iECoOj9_qCk_0028.5,tidak,r3,2
train,yt_iECoOj9_qCk_0036.0_night.txt,youtube,iECoOj9_qCk_0036.0,ya,-,2
train,yt_iECoOj9_qCk_0036.0_r1.txt,youtube,iECoOj9_qCk_0036.0,tidak,r1,2
train,yt_iECoOj9_qCk_0036.0_r2.txt,youtube,iECoOj9_qCk_0036.0,tidak,r2,2
train,yt_iECoOj9_qCk_0036.0_r3.txt,youtube,iECoOj9_qCk_0036.0,tidak,r3,2
train,yt_iECoOj9_qCk_0051.0_night.txt,youtube,iECoOj9_qCk_0051.0,ya,-,2
train,yt_iECoOj9_qCk_0051.0_r1.txt,youtube,iECoOj9_qCk_0051.0,tidak,r1,2
train,yt_iECoOj9_qCk_0051.0_r2.txt,youtube,iECoOj9_qCk_0051.0,tidak,r2,2
train,yt_iECoOj9_qCk_0051.0_r3.txt,youtube,iECoOj9_qCk_0051.0,tidak,r3,2
train,yt_iECoOj9_qCk_0066.0_night.txt,youtube,iECoOj9_qCk_0066.0,ya,-,1
train,yt_iECoOj9_qCk_0066.0_r1.txt,youtube,iECoOj9_qCk_0066.0,tidak,r1,1
train,yt_iECoOj9_qCk_0066.0_r2.txt,youtube,iECoOj9_qCk_0066.0,tidak,r2,1
train,yt_iECoOj9_qCk_0066.0_r3.txt,youtube,iECoOj9_qCk_0066.0,tidak,r3,1
train,yt_iECoOj9_qCk_0079.5_night.txt,youtube,iECoOj9_qCk_0079.5,ya,-,1
train,yt_iECoOj9_qCk_0079.5_r1.txt,youtube,iECoOj9_qCk_0079.5,tidak,r1,1
train,yt_iECoOj9_qCk_0079.5_r2.txt,youtube,iECoOj9_qCk_0079.5,tidak,r2,1
train,yt_iECoOj9_qCk_0079.5_r3.txt,youtube,iECoOj9_qCk_0079.5,tidak,r3,1
train,yt_iECoOj9_qCk_0087.0_night.txt,youtube,iECoOj9_qCk_0087.0,ya,-,1
train,yt_iECoOj9_qCk_0087.0_r1.txt,youtube,iECoOj9_qCk_0087.0,tidak,r1,1
train,yt_iECoOj9_qCk_0087.0_r2.txt,youtube,iECoOj9_qCk_0087.0,tidak,r2,1
train,yt_iECoOj9_qCk_0087.0_r3.txt,youtube,iECoOj9_qCk_0087.0,tidak,r3,1
train,yt_iECoOj9_qCk_0102.0_night.txt,youtube,iECoOj9_qCk_0102.0,ya,-,1
train,yt_iECoOj9_qCk_0102.0_r1.txt,youtube,iECoOj9_qCk_0102.0,tidak,r1,1
train,yt_iECoOj9_qCk_0102.0_r2.txt,youtube,iECoOj9_qCk_0102.0,tidak,r2,1
train,yt_iECoOj9_qCk_0102.0_r3.txt,youtube,iECoOj9_qCk_0102.0,tidak,r3,1
train,yt_iECoOj9_qCk_0112.5_night.txt,youtube,iECoOj9_qCk_0112.5,ya,-,1
train,yt_iECoOj9_qCk_0112.5_r1.txt,youtube,iECoOj9_qCk_0112.5,tidak,r1,1
train,yt_iECoOj9_qCk_0112.5_r2.txt,youtube,iECoOj9_qCk_0112.5,tidak,r2,1
train,yt_iECoOj9_qCk_0112.5_r3.txt,youtube,iECoOj9_qCk_0112.5,tidak,r3,1
train,yt_iECoOj9_qCk_0297.0_night.txt,youtube,iECoOj9_qCk_0297.0,ya,-,1
train,yt_iECoOj9_qCk_0297.0_r1.txt,youtube,iECoOj9_qCk_0297.0,tidak,r1,1
train,yt_iECoOj9_qCk_0297.0_r2.txt,youtube,iECoOj9_qCk_0297.0,tidak,r2,1
train,yt_iECoOj9_qCk_0297.0_r3.txt,youtube,iECoOj9_qCk_0297.0,tidak,r3,1
train,yt_iECoOj9_qCk_0313.5_night.txt,youtube,iECoOj9_qCk_0313.5,ya,-,2
train,yt_iECoOj9_qCk_0313.5_r1.txt,youtube,iECoOj9_qCk_0313.5,tidak,r1,2
train,yt_iECoOj9_qCk_0313.5_r2.txt,youtube,iECoOj9_qCk_0313.5,tidak,r2,2
train,yt_iECoOj9_qCk_0313.5_r3.txt,youtube,iECoOj9_qCk_0313.5,tidak,r3,2
train,yt_iECoOj9_qCk_0328.5_night.txt,youtube,iECoOj9_qCk_0328.5,ya,-,1
train,yt_iECoOj9_qCk_0328.5_r1.txt,youtube,iECoOj9_qCk_0328.5,tidak,r1,1
train,yt_iECoOj9_qCk_0328.5_r2.txt,youtube,iECoOj9_qCk_0328.5,tidak,r2,1
train,yt_iECoOj9_qCk_0328.5_r3.txt,youtube,iECoOj9_qCk_0328.5,tidak,r3,1
train,yt_iECoOj9_qCk_0336.0_night.txt,youtube,iECoOj9_qCk_0336.0,ya,-,1
train,yt_iECoOj9_qCk_0336.0_r1.txt,youtube,iECoOj9_qCk_0336.0,tidak,r1,1
train,yt_iECoOj9_qCk_0336.0_r2.txt,youtube,iECoOj9_qCk_0336.0,tidak,r2,1
train,yt_iECoOj9_qCk_0336.0_r3.txt,youtube,iECoOj9_qCk_0336.0,tidak,r3,1
train,yt_iECoOj9_qCk_0343.5_night.txt,youtube,iECoOj9_qCk_0343.5,ya,-,1
train,yt_iECoOj9_qCk_0343.5_r1.txt,youtube,iECoOj9_qCk_0343.5,tidak,r1,1
train,yt_iECoOj9_qCk_0343.5_r2.txt,youtube,iECoOj9_qCk_0343.5,tidak,r2,1
train,yt_iECoOj9_qCk_0343.5_r3.txt,youtube,iECoOj9_qCk_0343.5,tidak,r3,1
train,yt_iECoOj9_qCk_0358.5_night.txt,youtube,iECoOj9_qCk_0358.5,ya,-,2
train,yt_iECoOj9_qCk_0358.5_r1.txt,youtube,iECoOj9_qCk_0358.5,tidak,r1,2
train,yt_iECoOj9_qCk_0358.5_r2.txt,youtube,iECoOj9_qCk_0358.5,tidak,r2,2
train,yt_iECoOj9_qCk_0358.5_r3.txt,youtube,iECoOj9_qCk_0358.5,tidak,r3,2
train,yt_iECoOj9_qCk_0367.5_night.txt,youtube,iECoOj9_qCk_0367.5,ya,-,1
train,yt_iECoOj9_qCk_0367.5_r1.txt,youtube,iECoOj9_qCk_0367.5,tidak,r1,1
train,yt_iECoOj9_qCk_0367.5_r2.txt,youtube,iECoOj9_qCk_0367.5,tidak,r2,1
train,yt_iECoOj9_qCk_0367.5_r3.txt,youtube,iECoOj9_qCk_0367.5,tidak,r3,1
train,yt_iECoOj9_qCk_0373.5_night.txt,youtube,iECoOj9_qCk_0373.5,ya,-,1
train,yt_iECoOj9_qCk_0373.5_r1.txt,youtube,iECoOj9_qCk_0373.5,tidak,r1,1
train,yt_iECoOj9_qCk_0373.5_r2.txt,youtube,iECoOj9_qCk_0373.5,tidak,r2,1
train,yt_iECoOj9_qCk_0373.5_r3.txt,youtube,iECoOj9_qCk_0373.5,tidak,r3,1
train,yt_iECoOj9_qCk_0412.5_night.txt,youtube,iECoOj9_qCk_0412.5,ya,-,1
train,yt_iECoOj9_qCk_0412.5_r1.txt,youtube,iECoOj9_qCk_0412.5,tidak,r1,1
train,yt_iECoOj9_qCk_0412.5_r2.txt,youtube,iECoOj9_qCk_0412.5,tidak,r2,1
train,yt_iECoOj9_qCk_0412.5_r3.txt,youtube,iECoOj9_qCk_0412.5,tidak,r3,1
train,yt_iECoOj9_qCk_0442.5_night.txt,youtube,iECoOj9_qCk_0442.5,ya,-,1
train,yt_iECoOj9_qCk_0442.5_r1.txt,youtube,iECoOj9_qCk_0442.5,tidak,r1,1
train,yt_iECoOj9_qCk_0442.5_r2.txt,youtube,iECoOj9_qCk_0442.5,tidak,r2,1
train,yt_iECoOj9_qCk_0442.5_r3.txt,youtube,iECoOj9_qCk_0442.5,tidak,r3,1
train,yt_iECoOj9_qCk_0478.5_night.txt,youtube,iECoOj9_qCk_0478.5,ya,-,1
train,yt_iECoOj9_qCk_0478.5_r1.txt,youtube,iECoOj9_qCk_0478.5,tidak,r1,1
train,yt_iECoOj9_qCk_0478.5_r2.txt,youtube,iECoOj9_qCk_0478.5,tidak,r2,1
train,yt_iECoOj9_qCk_0478.5_r3.txt,youtube,iECoOj9_qCk_0478.5,tidak,r3,1
train,yt_iECoOj9_qCk_0486.0_night.txt,youtube,iECoOj9_qCk_0486.0,ya,-,3
train,yt_iECoOj9_qCk_0486.0_r1.txt,youtube,iECoOj9_qCk_0486.0,tidak,r1,3
train,yt_iECoOj9_qCk_0486.0_r2.txt,youtube,iECoOj9_qCk_0486.0,tidak,r2,3
train,yt_iECoOj9_qCk_0486.0_r3.txt,youtube,iECoOj9_qCk_0486.0,tidak,r3,3
train,yt_iECoOj9_qCk_0501.0_night.txt,youtube,iECoOj9_qCk_0501.0,ya,-,2
train,yt_iECoOj9_qCk_0501.0_r1.txt,youtube,iECoOj9_qCk_0501.0,tidak,r1,2
train,yt_iECoOj9_qCk_0501.0_r2.txt,youtube,iECoOj9_qCk_0501.0,tidak,r2,2
train,yt_iECoOj9_qCk_0501.0_r3.txt,youtube,iECoOj9_qCk_0501.0,tidak,r3,2
train,yt_iECoOj9_qCk_0531.0_night.txt,youtube,iECoOj9_qCk_0531.0,ya,-,2
train,yt_iECoOj9_qCk_0531.0_r1.txt,youtube,iECoOj9_qCk_0531.0,tidak,r1,2
train,yt_iECoOj9_qCk_0531.0_r2.txt,youtube,iECoOj9_qCk_0531.0,tidak,r2,2
train,yt_iECoOj9_qCk_0531.0_r3.txt,youtube,iECoOj9_qCk_0531.0,tidak,r3,2
train,yt_iECoOj9_qCk_0591.0_night.txt,youtube,iECoOj9_qCk_0591.0,ya,-,3
train,yt_iECoOj9_qCk_0591.0_r1.txt,youtube,iECoOj9_qCk_0591.0,tidak,r1,3
train,yt_iECoOj9_qCk_0591.0_r2.txt,youtube,iECoOj9_qCk_0591.0,tidak,r2,3
train,yt_iECoOj9_qCk_0591.0_r3.txt,youtube,iECoOj9_qCk_0591.0,tidak,r3,3
train,yt_stn_naWb_l4_0234.0_night.txt,youtube,stn_naWb_l4_0234.0,ya,-,1
train,yt_stn_naWb_l4_0234.0_r1.txt,youtube,stn_naWb_l4_0234.0,tidak,r1,1
train,yt_stn_naWb_l4_0234.0_r2.txt,youtube,stn_naWb_l4_0234.0,tidak,r2,1
train,yt_stn_naWb_l4_0234.0_r3.txt,youtube,stn_naWb_l4_0234.0,tidak,r3,1
train,yt_stn_naWb_l4_0253.5_night.txt,youtube,stn_naWb_l4_0253.5,ya,-,1
train,yt_stn_naWb_l4_0253.5_r1.txt,youtube,stn_naWb_l4_0253.5,tidak,r1,1
train,yt_stn_naWb_l4_0253.5_r2.txt,youtube,stn_naWb_l4_0253.5,tidak,r2,1
train,yt_stn_naWb_l4_0253.5_r3.txt,youtube,stn_naWb_l4_0253.5,tidak,r3,1
train,yt_stn_naWb_l4_0258.0_night.txt,youtube,stn_naWb_l4_0258.0,ya,-,2
train,yt_stn_naWb_l4_0258.0_r1.txt,youtube,stn_naWb_l4_0258.0,tidak,r1,2
train,yt_stn_naWb_l4_0258.0_r2.txt,youtube,stn_naWb_l4_0258.0,tidak,r2,2
train,yt_stn_naWb_l4_0258.0_r3.txt,youtube,stn_naWb_l4_0258.0,tidak,r3,2
train,yt_stn_naWb_l4_0259.5_night.txt,youtube,stn_naWb_l4_0259.5,ya,-,2
train,yt_stn_naWb_l4_0259.5_r1.txt,youtube,stn_naWb_l4_0259.5,tidak,r1,2
train,yt_stn_naWb_l4_0259.5_r2.txt,youtube,stn_naWb_l4_0259.5,tidak,r2,2
train,yt_stn_naWb_l4_0259.5_r3.txt,youtube,stn_naWb_l4_0259.5,tidak,r3,2
train,yt_stn_naWb_l4_0261.0_night.txt,youtube,stn_naWb_l4_0261.0,ya,-,2
train,yt_stn_naWb_l4_0261.0_r1.txt,youtube,stn_naWb_l4_0261.0,tidak,r1,2
train,yt_stn_naWb_l4_0261.0_r2.txt,youtube,stn_naWb_l4_0261.0,tidak,r2,2
train,yt_stn_naWb_l4_0261.0_r3.txt,youtube,stn_naWb_l4_0261.0,tidak,r3,2
train,yt_stn_naWb_l4_0268.5_night.txt,youtube,stn_naWb_l4_0268.5,ya,-,2
train,yt_stn_naWb_l4_0268.5_r1.txt,youtube,stn_naWb_l4_0268.5,tidak,r1,2
train,yt_stn_naWb_l4_0268.5_r2.txt,youtube,stn_naWb_l4_0268.5,tidak,r2,2
train,yt_stn_naWb_l4_0268.5_r3.txt,youtube,stn_naWb_l4_0268.5,tidak,r3,2
train,yt_stn_naWb_l4_0271.5_night.txt,youtube,stn_naWb_l4_0271.5,ya,-,2
train,yt_stn_naWb_l4_0271.5_r1.txt,youtube,stn_naWb_l4_0271.5,tidak,r1,2
train,yt_stn_naWb_l4_0271.5_r2.txt,youtube,stn_naWb_l4_0271.5,tidak,r2,2
train,yt_stn_naWb_l4_0271.5_r3.txt,youtube,stn_naWb_l4_0271.5,tidak,r3,2
train,yt_stn_naWb_l4_0273.0_night.txt,youtube,stn_naWb_l4_0273.0,ya,-,2
train,yt_stn_naWb_l4_0273.0_r1.txt,youtube,stn_naWb_l4_0273.0,tidak,r1,2
train,yt_stn_naWb_l4_0273.0_r2.txt,youtube,stn_naWb_l4_0273.0,tidak,r2,2
train,yt_stn_naWb_l4_0273.0_r3.txt,youtube,stn_naWb_l4_0273.0,tidak,r3,2
train,yt_stn_naWb_l4_0274.5_night.txt,youtube,stn_naWb_l4_0274.5,ya,-,2
train,yt_stn_naWb_l4_0274.5_r1.txt,youtube,stn_naWb_l4_0274.5,tidak,r1,2
train,yt_stn_naWb_l4_0274.5_r2.txt,youtube,stn_naWb_l4_0274.5,tidak,r2,2
train,yt_stn_naWb_l4_0274.5_r3.txt,youtube,stn_naWb_l4_0274.5,tidak,r3,2
train,yt_stn_naWb_l4_0276.0_night.txt,youtube,stn_naWb_l4_0276.0,ya,-,2
train,yt_stn_naWb_l4_0276.0_r1.txt,youtube,stn_naWb_l4_0276.0,tidak,r1,2
train,yt_stn_naWb_l4_0276.0_r2.txt,youtube,stn_naWb_l4_0276.0,tidak,r2,2
train,yt_stn_naWb_l4_0276.0_r3.txt,youtube,stn_naWb_l4_0276.0,tidak,r3,2
train,yt_stn_naWb_l4_0280.5_night.txt,youtube,stn_naWb_l4_0280.5,ya,-,3
train,yt_stn_naWb_l4_0280.5_r1.txt,youtube,stn_naWb_l4_0280.5,tidak,r1,3
train,yt_stn_naWb_l4_0280.5_r2.txt,youtube,stn_naWb_l4_0280.5,tidak,r2,3
train,yt_stn_naWb_l4_0280.5_r3.txt,youtube,stn_naWb_l4_0280.5,tidak,r3,3
train,yt_stn_naWb_l4_0298.5_night.txt,youtube,stn_naWb_l4_0298.5,ya,-,2
train,yt_stn_naWb_l4_0298.5_r1.txt,youtube,stn_naWb_l4_0298.5,tidak,r1,2
train,yt_stn_naWb_l4_0298.5_r2.txt,youtube,stn_naWb_l4_0298.5,tidak,r2,2
train,yt_stn_naWb_l4_0298.5_r3.txt,youtube,stn_naWb_l4_0298.5,tidak,r3,2
train,yt_stn_naWb_l4_0300.0_night.txt,youtube,stn_naWb_l4_0300.0,ya,-,2
train,yt_stn_naWb_l4_0300.0_r1.txt,youtube,stn_naWb_l4_0300.0,tidak,r1,2
train,yt_stn_naWb_l4_0300.0_r2.txt,youtube,stn_naWb_l4_0300.0,tidak,r2,2
train,yt_stn_naWb_l4_0300.0_r3.txt,youtube,stn_naWb_l4_0300.0,tidak,r3,2
train,yt_stn_naWb_l4_0345.0_night.txt,youtube,stn_naWb_l4_0345.0,ya,-,3
train,yt_stn_naWb_l4_0345.0_r1.txt,youtube,stn_naWb_l4_0345.0,tidak,r1,3
train,yt_stn_naWb_l4_0345.0_r2.txt,youtube,stn_naWb_l4_0345.0,tidak,r2,3
train,yt_stn_naWb_l4_0345.0_r3.txt,youtube,stn_naWb_l4_0345.0,tidak,r3,3
train,yt_yMpLwUKBt5w_0049.7_night.txt,youtube,yMpLwUKBt5w_0049.7,ya,-,4
train,yt_yMpLwUKBt5w_0049.7_r1.txt,youtube,yMpLwUKBt5w_0049.7,tidak,r1,4
train,yt_yMpLwUKBt5w_0049.7_r2.txt,youtube,yMpLwUKBt5w_0049.7,tidak,r2,4
train,yt_yMpLwUKBt5w_0049.7_r3.txt,youtube,yMpLwUKBt5w_0049.7,tidak,r3,4
train,yt_yMpLwUKBt5w_0081.3_night.txt,youtube,yMpLwUKBt5w_0081.3,ya,-,2
train,yt_yMpLwUKBt5w_0081.3_r1.txt,youtube,yMpLwUKBt5w_0081.3,tidak,r1,2
train,yt_yMpLwUKBt5w_0081.3_r2.txt,youtube,yMpLwUKBt5w_0081.3,tidak,r2,2
train,yt_yMpLwUKBt5w_0081.3_r3.txt,youtube,yMpLwUKBt5w_0081.3,tidak,r3,2
train,yt_yMpLwUKBt5w_0082.8_night.txt,youtube,yMpLwUKBt5w_0082.8,ya,-,2
train,yt_yMpLwUKBt5w_0082.8_r1.txt,youtube,yMpLwUKBt5w_0082.8,tidak,r1,2
train,yt_yMpLwUKBt5w_0082.8_r2.txt,youtube,yMpLwUKBt5w_0082.8,tidak,r2,2
train,yt_yMpLwUKBt5w_0082.8_r3.txt,youtube,yMpLwUKBt5w_0082.8,tidak,r3,2
train,yt_yMpLwUKBt5w_0084.3_night.txt,youtube,yMpLwUKBt5w_0084.3,ya,-,1
train,yt_yMpLwUKBt5w_0084.3_r1.txt,youtube,yMpLwUKBt5w_0084.3,tidak,r1,1
train,yt_yMpLwUKBt5w_0084.3_r2.txt,youtube,yMpLwUKBt5w_0084.3,tidak,r2,1
train,yt_yMpLwUKBt5w_0084.3_r3.txt,youtube,yMpLwUKBt5w_0084.3,tidak,r3,1
train,yt_yMpLwUKBt5w_0085.8_night.txt,youtube,yMpLwUKBt5w_0085.8,ya,-,2
train,yt_yMpLwUKBt5w_0085.8_r1.txt,youtube,yMpLwUKBt5w_0085.8,tidak,r1,2
train,yt_yMpLwUKBt5w_0085.8_r2.txt,youtube,yMpLwUKBt5w_0085.8,tidak,r2,2
train,yt_yMpLwUKBt5w_0085.8_r3.txt,youtube,yMpLwUKBt5w_0085.8,tidak,r3,2
train,yt_yMpLwUKBt5w_0088.9_night.txt,youtube,yMpLwUKBt5w_0088.9,ya,-,2
train,yt_yMpLwUKBt5w_0088.9_r1.txt,youtube,yMpLwUKBt5w_0088.9,tidak,r1,2
train,yt_yMpLwUKBt5w_0088.9_r2.txt,youtube,yMpLwUKBt5w_0088.9,tidak,r2,2
train,yt_yMpLwUKBt5w_0088.9_r3.txt,youtube,yMpLwUKBt5w_0088.9,tidak,r3,2
train,yt_yMpLwUKBt5w_0091.9_night.txt,youtube,yMpLwUKBt5w_0091.9,ya,-,1
train,yt_yMpLwUKBt5w_0091.9_r1.txt,youtube,yMpLwUKBt5w_0091.9,tidak,r1,1
train,yt_yMpLwUKBt5w_0091.9_r2.txt,youtube,yMpLwUKBt5w_0091.9,tidak,r2,1
train,yt_yMpLwUKBt5w_0091.9_r3.txt,youtube,yMpLwUKBt5w_0091.9,tidak,r3,1
train,yt_yMpLwUKBt5w_0097.9_night.txt,youtube,yMpLwUKBt5w_0097.9,ya,-,2
train,yt_yMpLwUKBt5w_0097.9_r1.txt,youtube,yMpLwUKBt5w_0097.9,tidak,r1,2
train,yt_yMpLwUKBt5w_0097.9_r2.txt,youtube,yMpLwUKBt5w_0097.9,tidak,r2,2
train,yt_yMpLwUKBt5w_0097.9_r3.txt,youtube,yMpLwUKBt5w_0097.9,tidak,r3,2
train,yt_yMpLwUKBt5w_0099.4_night.txt,youtube,yMpLwUKBt5w_0099.4,ya,-,2
train,yt_yMpLwUKBt5w_0099.4_r1.txt,youtube,yMpLwUKBt5w_0099.4,tidak,r1,2
train,yt_yMpLwUKBt5w_0099.4_r2.txt,youtube,yMpLwUKBt5w_0099.4,tidak,r2,2
train,yt_yMpLwUKBt5w_0099.4_r3.txt,youtube,yMpLwUKBt5w_0099.4,tidak,r3,2
train,yt_yMpLwUKBt5w_0100.9_night.txt,youtube,yMpLwUKBt5w_0100.9,ya,-,2
train,yt_yMpLwUKBt5w_0100.9_r1.txt,youtube,yMpLwUKBt5w_0100.9,tidak,r1,2
train,yt_yMpLwUKBt5w_0100.9_r2.txt,youtube,yMpLwUKBt5w_0100.9,tidak,r2,2
train,yt_yMpLwUKBt5w_0100.9_r3.txt,youtube,yMpLwUKBt5w_0100.9,tidak,r3,2
train,yt_yMpLwUKBt5w_0103.9_night.txt,youtube,yMpLwUKBt5w_0103.9,ya,-,1
train,yt_yMpLwUKBt5w_0103.9_r1.txt,youtube,yMpLwUKBt5w_0103.9,tidak,r1,1
train,yt_yMpLwUKBt5w_0103.9_r2.txt,youtube,yMpLwUKBt5w_0103.9,tidak,r2,1
train,yt_yMpLwUKBt5w_0103.9_r3.txt,youtube,yMpLwUKBt5w_0103.9,tidak,r3,1
train,yt_yMpLwUKBt5w_0120.5_night.txt,youtube,yMpLwUKBt5w_0120.5,ya,-,2
train,yt_yMpLwUKBt5w_0120.5_r1.txt,youtube,yMpLwUKBt5w_0120.5,tidak,r1,2
train,yt_yMpLwUKBt5w_0120.5_r2.txt,youtube,yMpLwUKBt5w_0120.5,tidak,r2,2
train,yt_yMpLwUKBt5w_0120.5_r3.txt,youtube,yMpLwUKBt5w_0120.5,tidak,r3,2
train,yt_yMpLwUKBt5w_0123.5_night.txt,youtube,yMpLwUKBt5w_0123.5,ya,-,2
train,yt_yMpLwUKBt5w_0123.5_r1.txt,youtube,yMpLwUKBt5w_0123.5,tidak,r1,2
train,yt_yMpLwUKBt5w_0123.5_r2.txt,youtube,yMpLwUKBt5w_0123.5,tidak,r2,2
train,yt_yMpLwUKBt5w_0123.5_r3.txt,youtube,yMpLwUKBt5w_0123.5,tidak,r3,2
train,yt_yMpLwUKBt5w_0126.5_night.txt,youtube,yMpLwUKBt5w_0126.5,ya,-,2
train,yt_yMpLwUKBt5w_0126.5_r1.txt,youtube,yMpLwUKBt5w_0126.5,tidak,r1,2
train,yt_yMpLwUKBt5w_0126.5_r2.txt,youtube,yMpLwUKBt5w_0126.5,tidak,r2,2
train,yt_yMpLwUKBt5w_0126.5_r3.txt,youtube,yMpLwUKBt5w_0126.5,tidak,r3,2
train,yt_yMpLwUKBt5w_0128.0_night.txt,youtube,yMpLwUKBt5w_0128.0,ya,-,2
train,yt_yMpLwUKBt5w_0128.0_r1.txt,youtube,yMpLwUKBt5w_0128.0,tidak,r1,2
train,yt_yMpLwUKBt5w_0128.0_r2.txt,youtube,yMpLwUKBt5w_0128.0,tidak,r2,2
train,yt_yMpLwUKBt5w_0128.0_r3.txt,youtube,yMpLwUKBt5w_0128.0,tidak,r3,2
train,yt_yMpLwUKBt5w_0129.5_night.txt,youtube,yMpLwUKBt5w_0129.5,ya,-,3
train,yt_yMpLwUKBt5w_0129.5_r1.txt,youtube,yMpLwUKBt5w_0129.5,tidak,r1,3
train,yt_yMpLwUKBt5w_0129.5_r2.txt,youtube,yMpLwUKBt5w_0129.5,tidak,r2,3
train,yt_yMpLwUKBt5w_0129.5_r3.txt,youtube,yMpLwUKBt5w_0129.5,tidak,r3,3
train,yt_yMpLwUKBt5w_0131.0_night.txt,youtube,yMpLwUKBt5w_0131.0,ya,-,2
train,yt_yMpLwUKBt5w_0131.0_r1.txt,youtube,yMpLwUKBt5w_0131.0,tidak,r1,2
train,yt_yMpLwUKBt5w_0131.0_r2.txt,youtube,yMpLwUKBt5w_0131.0,tidak,r2,2
train,yt_yMpLwUKBt5w_0131.0_r3.txt,youtube,yMpLwUKBt5w_0131.0,tidak,r3,2
train,yt_yMpLwUKBt5w_0134.0_night.txt,youtube,yMpLwUKBt5w_0134.0,ya,-,2
train,yt_yMpLwUKBt5w_0134.0_r1.txt,youtube,yMpLwUKBt5w_0134.0,tidak,r1,2
train,yt_yMpLwUKBt5w_0134.0_r2.txt,youtube,yMpLwUKBt5w_0134.0,tidak,r2,2
train,yt_yMpLwUKBt5w_0134.0_r3.txt,youtube,yMpLwUKBt5w_0134.0,tidak,r3,2
train,yt_yMpLwUKBt5w_0137.1_night.txt,youtube,yMpLwUKBt5w_0137.1,ya,-,2
train,yt_yMpLwUKBt5w_0137.1_r1.txt,youtube,yMpLwUKBt5w_0137.1,tidak,r1,2
train,yt_yMpLwUKBt5w_0137.1_r2.txt,youtube,yMpLwUKBt5w_0137.1,tidak,r2,2
train,yt_yMpLwUKBt5w_0137.1_r3.txt,youtube,yMpLwUKBt5w_0137.1,tidak,r3,2
train,yt_yMpLwUKBt5w_0138.6_night.txt,youtube,yMpLwUKBt5w_0138.6,ya,-,2
train,yt_yMpLwUKBt5w_0138.6_r1.txt,youtube,yMpLwUKBt5w_0138.6,tidak,r1,2
train,yt_yMpLwUKBt5w_0138.6_r2.txt,youtube,yMpLwUKBt5w_0138.6,tidak,r2,2
train,yt_yMpLwUKBt5w_0138.6_r3.txt,youtube,yMpLwUKBt5w_0138.6,tidak,r3,2
train,yt_yMpLwUKBt5w_0141.6_night.txt,youtube,yMpLwUKBt5w_0141.6,ya,-,1
train,yt_yMpLwUKBt5w_0141.6_r1.txt,youtube,yMpLwUKBt5w_0141.6,tidak,r1,1
train,yt_yMpLwUKBt5w_0141.6_r2.txt,youtube,yMpLwUKBt5w_0141.6,tidak,r2,1
train,yt_yMpLwUKBt5w_0141.6_r3.txt,youtube,yMpLwUKBt5w_0141.6,tidak,r3,1
train,yt_yMpLwUKBt5w_0143.1_night.txt,youtube,yMpLwUKBt5w_0143.1,ya,-,2
train,yt_yMpLwUKBt5w_0143.1_r1.txt,youtube,yMpLwUKBt5w_0143.1,tidak,r1,2
train,yt_yMpLwUKBt5w_0143.1_r2.txt,youtube,yMpLwUKBt5w_0143.1,tidak,r2,2
train,yt_yMpLwUKBt5w_0143.1_r3.txt,youtube,yMpLwUKBt5w_0143.1,tidak,r3,2
train,yt_yMpLwUKBt5w_0150.6_night.txt,youtube,yMpLwUKBt5w_0150.6,ya,-,2
train,yt_yMpLwUKBt5w_0150.6_r1.txt,youtube,yMpLwUKBt5w_0150.6,tidak,r1,2
train,yt_yMpLwUKBt5w_0150.6_r2.txt,youtube,yMpLwUKBt5w_0150.6,tidak,r2,2
train,yt_yMpLwUKBt5w_0150.6_r3.txt,youtube,yMpLwUKBt5w_0150.6,tidak,r3,2
train,yt_yMpLwUKBt5w_0152.1_night.txt,youtube,yMpLwUKBt5w_0152.1,ya,-,2
train,yt_yMpLwUKBt5w_0152.1_r1.txt,youtube,yMpLwUKBt5w_0152.1,tidak,r1,2
train,yt_yMpLwUKBt5w_0152.1_r2.txt,youtube,yMpLwUKBt5w_0152.1,tidak,r2,2
train,yt_yMpLwUKBt5w_0152.1_r3.txt,youtube,yMpLwUKBt5w_0152.1,tidak,r3,2
valid,2025-01-13_07-01_MT_ITH_05_cr1_jpg.rf.ca555cd82099258e2ee607c5d2b469db.txt,site,minitruck/mining-truck-v1.4,tidak,-,2
valid,2025-01-13_07-01_MT_ITH_05_cr1_jpg.rf.ca555cd82099258e2ee607c5d2b469db_night.txt,site,minitruck/mining-truck-v1.4,ya,-,2
valid,2025-01-15_20-30_MT_ITH_03_cr1_jpg.rf.13f9f496bc9891a887121543509ee5e7.txt,site,minitruck/mining-truck-v1.4,tidak,-,2
valid,2025-01-15_20-30_MT_ITH_03_cr1_jpg.rf.13f9f496bc9891a887121543509ee5e7_night.txt,site,minitruck/mining-truck-v1.4,ya,-,2
valid,2025-01-21_06-52_MT_ITH_08_cr1_jpg.rf.de947477710cef16f3633da6fb4ed518.txt,site,minitruck/mining-truck-v1.4,tidak,-,2
valid,2025-01-21_06-52_MT_ITH_08_cr1_jpg.rf.de947477710cef16f3633da6fb4ed518_night.txt,site,minitruck/mining-truck-v1.4,ya,-,2
valid,2025-01-25_20-31_MT_ITH_06_cr1_jpg.rf.5efe6836d6ac1f986089ac18fb08ea9b.txt,site,minitruck/mining-truck-v1.4,tidak,-,2
valid,2025-01-25_20-31_MT_ITH_06_cr1_jpg.rf.5efe6836d6ac1f986089ac18fb08ea9b_night.txt,site,minitruck/mining-truck-v1.4,ya,-,2
valid,2025-01-26_06-55_MT_ITH_06_cr1_jpg.rf.b9debb9ec8bdde63a69f3d4fb54891da.txt,site,minitruck/mining-truck-v1.4,tidak,-,2
valid,2025-01-26_06-55_MT_ITH_06_cr1_jpg.rf.b9debb9ec8bdde63a69f3d4fb54891da_night.txt,site,minitruck/mining-truck-v1.4,ya,-,2
valid,2025-01-26_17-08_MT_ITH_06_cr1_jpg.rf.1bafd37e4d0e785c5356828539d3a485.txt,site,minitruck/mining-truck-v1.4,tidak,-,2
valid,2025-01-26_17-08_MT_ITH_06_cr1_jpg.rf.1bafd37e4d0e785c5356828539d3a485_night.txt,site,minitruck/mining-truck-v1.4,ya,-,2
valid,2025-01-26_17-31_MT_ITH_06_cr1_jpg.rf.8ab26e21f19583c738726c42832f35bc.txt,site,minitruck/mining-truck-v1.4,tidak,-,2
valid,2025-01-26_17-31_MT_ITH_06_cr1_jpg.rf.8ab26e21f19583c738726c42832f35bc_night.txt,site,minitruck/mining-truck-v1.4,ya,-,2
valid,2025-01-27_07-43_MT_ITH_06_cr1_jpg.rf.f955a5f4f479a458026f3324a8df9a49.txt,site,minitruck/mining-truck-v1.4,tidak,-,2
valid,2025-01-27_07-43_MT_ITH_06_cr1_jpg.rf.f955a5f4f479a458026f3324a8df9a49_night.txt,site,minitruck/mining-truck-v1.4,ya,-,2
valid,2025-01-28_06-56_MT_ITH_06_cr1_jpg.rf.ca403d3f51da32d418402796bde46018.txt,site,minitruck/mining-truck-v1.4,tidak,-,2
valid,2025-01-28_06-56_MT_ITH_06_cr1_jpg.rf.ca403d3f51da32d418402796bde46018_night.txt,site,minitruck/mining-truck-v1.4,ya,-,2
valid,2025-01-28_15-43_MT_ITH_03_cr1_jpg.rf.0770f466a727c5e03c0a7fe4ec20c978.txt,site,minitruck/mining-truck-v1.4,tidak,-,2
valid,2025-01-28_15-43_MT_ITH_03_cr1_jpg.rf.0770f466a727c5e03c0a7fe4ec20c978_night.txt,site,minitruck/mining-truck-v1.4,ya,-,2
valid,2025-01-28_23-44_MT_ITH_05_cr1_jpg.rf.0d20d25ea1b9c81b636724461d72131c.txt,site,minitruck/mining-truck-v1.4,tidak,-,2
valid,2025-01-28_23-44_MT_ITH_05_cr1_jpg.rf.0d20d25ea1b9c81b636724461d72131c_night.txt,site,minitruck/mining-truck-v1.4,ya,-,2
valid,2025-01-29_07-26_MT_ITH_08_cr1_jpg.rf.298029e00d05feb854db9e894004bd7a.txt,site,minitruck/mining-truck-v1.4,tidak,-,2
valid,2025-01-29_07-26_MT_ITH_08_cr1_jpg.rf.298029e00d05feb854db9e894004bd7a_night.txt,site,minitruck/mining-truck-v1.4,ya,-,2
valid,2025-01-29_17-45_MT_ITH_08_cr1_jpg.rf.9cdf13813acfc51a03528905f47126b0.txt,site,minitruck/mining-truck-v1.4,tidak,-,2
valid,2025-01-29_17-45_MT_ITH_08_cr1_jpg.rf.9cdf13813acfc51a03528905f47126b0_night.txt,site,minitruck/mining-truck-v1.4,ya,-,2
valid,2025-01-30_03-04_MT_ITH_03_cr1_jpg.rf.b73f5ed0e710b7063cecd81ad8ea7a25.txt,site,minitruck/mining-truck-v1.4,tidak,-,2
valid,2025-01-30_03-04_MT_ITH_03_cr1_jpg.rf.b73f5ed0e710b7063cecd81ad8ea7a25_night.txt,site,minitruck/mining-truck-v1.4,ya,-,2
valid,2025-01-30_03-11_MT_ITH_03_cr1_jpg.rf.ac662348ef91fead1bcc75f64e6030f7.txt,site,minitruck/mining-truck-v1.4,tidak,-,2
valid,2025-01-30_03-11_MT_ITH_03_cr1_jpg.rf.ac662348ef91fead1bcc75f64e6030f7_night.txt,site,minitruck/mining-truck-v1.4,ya,-,2
valid,2025-01-30_05-38_MT_ITH_06_cr1_jpg.rf.2c1962e8505b2670aa8cf6d91f4c0d86.txt,site,minitruck/mining-truck-v1.4,tidak,-,2
valid,2025-01-30_05-38_MT_ITH_06_cr1_jpg.rf.2c1962e8505b2670aa8cf6d91f4c0d86_night.txt,site,minitruck/mining-truck-v1.4,ya,-,2
valid,2025-01-30_07-01_MT_ITH_08_cr1_jpg.rf.c2baafc3372c15542f7313ee86f162de.txt,site,minitruck/mining-truck-v1.4,tidak,-,2
valid,2025-01-30_07-01_MT_ITH_08_cr1_jpg.rf.c2baafc3372c15542f7313ee86f162de_night.txt,site,minitruck/mining-truck-v1.4,ya,-,2
valid,2025-01-30_07-10_MT_ITH_08_cr1_jpg.rf.9b9a5d3cb611845fff5bb28baef619f2.txt,site,minitruck/mining-truck-v1.4,tidak,-,2
valid,2025-01-30_07-10_MT_ITH_08_cr1_jpg.rf.9b9a5d3cb611845fff5bb28baef619f2_night.txt,site,minitruck/mining-truck-v1.4,ya,-,2
valid,2025-02-03_23-42_MT_ITH_03_cr1_jpg.rf.9420c95d90f3b4c56d0a6f823fd959b7.txt,site,minitruck/mining-truck-v1.4,tidak,-,2
valid,2025-02-03_23-42_MT_ITH_03_cr1_jpg.rf.9420c95d90f3b4c56d0a6f823fd959b7_night.txt,site,minitruck/mining-truck-v1.4,ya,-,2
valid,2025-02-04_02-50_MT_ITH_08_cr1_jpg.rf.34922fa621cddd19c2aba7b24ffd4107.txt,site,minitruck/mining-truck-v1.4,tidak,-,2
valid,2025-02-04_02-50_MT_ITH_08_cr1_jpg.rf.34922fa621cddd19c2aba7b24ffd4107_night.txt,site,minitruck/mining-truck-v1.4,ya,-,2
valid,2025-02-04_06-12_MT_ITH_08_cr1_jpg.rf.a7808d5592ebeb0b0799f46150b97c93.txt,site,minitruck/mining-truck-v1.4,tidak,-,2
valid,2025-02-04_06-12_MT_ITH_08_cr1_jpg.rf.a7808d5592ebeb0b0799f46150b97c93_night.txt,site,minitruck/mining-truck-v1.4,ya,-,2
valid,2025-02-04_14-04_MT_ITH_09_cr1_jpg.rf.5a8455c6aca83563d8ad8e9e45db5ef2.txt,site,minitruck/mining-truck-v1.4,tidak,-,2
valid,2025-02-04_14-04_MT_ITH_09_cr1_jpg.rf.5a8455c6aca83563d8ad8e9e45db5ef2_night.txt,site,minitruck/mining-truck-v1.4,ya,-,2
valid,2025-02-04_15-20_MT_ITH_09_cr1_jpg.rf.9e684eabf7aa912be8430d4548d8ba15.txt,site,minitruck/mining-truck-v1.4,tidak,-,2
valid,2025-02-04_15-20_MT_ITH_09_cr1_jpg.rf.9e684eabf7aa912be8430d4548d8ba15_night.txt,site,minitruck/mining-truck-v1.4,ya,-,2
valid,2025-02-04_15-37_MT_ITH_09_cr1_jpg.rf.3f75e98672e5030dd5ddfce4c59ad1bd.txt,site,minitruck/mining-truck-v1.4,tidak,-,2
valid,2025-02-04_15-37_MT_ITH_09_cr1_jpg.rf.3f75e98672e5030dd5ddfce4c59ad1bd_night.txt,site,minitruck/mining-truck-v1.4,ya,-,2
valid,2025-02-04_17-27_MT_ITH_09_cr1_jpg.rf.e32b0c670de08713b005e248f3d40489.txt,site,minitruck/mining-truck-v1.4,tidak,-,2
valid,2025-02-04_17-27_MT_ITH_09_cr1_jpg.rf.e32b0c670de08713b005e248f3d40489_night.txt,site,minitruck/mining-truck-v1.4,ya,-,2
valid,2025-02-04_17-46_MT_ITH_09_cr1_jpg.rf.153e07eb6d29fa2becf094dd25c3d46f.txt,site,minitruck/mining-truck-v1.4,tidak,-,2
valid,2025-02-04_17-46_MT_ITH_09_cr1_jpg.rf.153e07eb6d29fa2becf094dd25c3d46f_night.txt,site,minitruck/mining-truck-v1.4,ya,-,2
valid,2025-02-05_06-38_MT_ITH_05_cr1_jpg.rf.f5706228df5e8c383100bc05b81e987b.txt,site,minitruck/mining-truck-v1.4,tidak,-,2
valid,2025-02-05_06-38_MT_ITH_05_cr1_jpg.rf.f5706228df5e8c383100bc05b81e987b_night.txt,site,minitruck/mining-truck-v1.4,ya,-,2
valid,2025-02-05_06-50_MT_ITH_03_cr1_jpg.rf.9197dfebfce03430aa3e3da6d6ab27e8.txt,site,minitruck/mining-truck-v1.4,tidak,-,2
valid,2025-02-05_06-50_MT_ITH_03_cr1_jpg.rf.9197dfebfce03430aa3e3da6d6ab27e8_night.txt,site,minitruck/mining-truck-v1.4,ya,-,2
valid,2025-02-05_16-12_MT_ITH_03_cr2_debug_jpg.rf.e143e2a8239c5efd038ea13488e14c18.txt,site,minitruck/mining-truck-v1.4,tidak,-,2
valid,2025-02-05_16-12_MT_ITH_03_cr2_debug_jpg.rf.e143e2a8239c5efd038ea13488e14c18_night.txt,site,minitruck/mining-truck-v1.4,ya,-,2
valid,2025-02-05_16-23_MT_ITH_03_cr2_debug_jpg.rf.46a7e42642878f1c61fbf06f4bd8cadc.txt,site,minitruck/mining-truck-v1.4,tidak,-,2
valid,2025-02-05_16-23_MT_ITH_03_cr2_debug_jpg.rf.46a7e42642878f1c61fbf06f4bd8cadc_night.txt,site,minitruck/mining-truck-v1.4,ya,-,2
valid,2025-02-06_10-19_MT_ITH_03_cr2_debug_jpg.rf.d2e3ff5a6c4ce41556d73bbdec13815c.txt,site,minitruck/mining-truck-v1.4,tidak,-,2
valid,2025-02-06_10-19_MT_ITH_03_cr2_debug_jpg.rf.d2e3ff5a6c4ce41556d73bbdec13815c_night.txt,site,minitruck/mining-truck-v1.4,ya,-,2
valid,2025-02-06_18-05_MT_ITH_08_cr2_debug_jpg.rf.d4f9e55b876de2e33a6cc9e2846a8c9a.txt,site,minitruck/mining-truck-v1.4,tidak,-,2
valid,2025-02-06_18-05_MT_ITH_08_cr2_debug_jpg.rf.d4f9e55b876de2e33a6cc9e2846a8c9a_night.txt,site,minitruck/mining-truck-v1.4,ya,-,2
valid,2025-02-09_07-24_MT_ITH_03_cr2_debug_jpg.rf.e7b7170234321f93823c3a2d404e3213.txt,site,minitruck/mining-truck-v1.4,tidak,-,2
valid,2025-02-09_07-24_MT_ITH_03_cr2_debug_jpg.rf.e7b7170234321f93823c3a2d404e3213_night.txt,site,minitruck/mining-truck-v1.4,ya,-,2
valid,2025-02-09_10-14_MT_ITH_05_cr2_debug_jpg.rf.5ee2017a478edd83702540f7cae6d856.txt,site,minitruck/mining-truck-v1.4,tidak,-,2
valid,2025-02-09_10-14_MT_ITH_05_cr2_debug_jpg.rf.5ee2017a478edd83702540f7cae6d856_night.txt,site,minitruck/mining-truck-v1.4,ya,-,2
valid,2025-02-09_14-46_MT_ITH_02_cr2_debug_jpg.rf.fab88d77db24e6d0d326ef762ad8742c.txt,site,minitruck/mining-truck-v1.4,tidak,-,2
valid,2025-02-09_14-46_MT_ITH_02_cr2_debug_jpg.rf.fab88d77db24e6d0d326ef762ad8742c_night.txt,site,minitruck/mining-truck-v1.4,ya,-,2
valid,2025-02-09_15-54_MT_ITH_02_cr2_debug_jpg.rf.fa47b6c779c36db3993976f5d47d075d.txt,site,minitruck/mining-truck-v1.4,tidak,-,2
valid,2025-02-09_15-54_MT_ITH_02_cr2_debug_jpg.rf.fa47b6c779c36db3993976f5d47d075d_night.txt,site,minitruck/mining-truck-v1.4,ya,-,2
valid,2025-02-09_17-01_MT_ITH_05_cr2_debug_jpg.rf.b60d1bb5f28df45f3e22f178124768c8.txt,site,minitruck/mining-truck-v1.4,tidak,-,2
valid,2025-02-09_17-01_MT_ITH_05_cr2_debug_jpg.rf.b60d1bb5f28df45f3e22f178124768c8_night.txt,site,minitruck/mining-truck-v1.4,ya,-,2
valid,2025-02-09_17-27_MT_ITH_02_cr2_debug_jpg.rf.d28507ed7634cc8678946164c2cf75d3.txt,site,minitruck/mining-truck-v1.4,tidak,-,2
valid,2025-02-09_17-27_MT_ITH_02_cr2_debug_jpg.rf.d28507ed7634cc8678946164c2cf75d3_night.txt,site,minitruck/mining-truck-v1.4,ya,-,2
valid,2025-02-20_15-52_MT_ITH_02_cr2_debug_jpg.rf.3a8217c5374459112509c7064eee9853.txt,site,minitruck/mining-truck-v1.4,tidak,-,2
valid,2025-02-20_15-52_MT_ITH_02_cr2_debug_jpg.rf.3a8217c5374459112509c7064eee9853_night.txt,site,minitruck/mining-truck-v1.4,ya,-,2
valid,2025-02-20_16-27_MT_ITH_03_cr2_debug_jpg.rf.aee709b05dba9ef020587e51d7156867.txt,site,minitruck/mining-truck-v1.4,tidak,-,2
valid,2025-02-20_16-27_MT_ITH_03_cr2_debug_jpg.rf.aee709b05dba9ef020587e51d7156867_night.txt,site,minitruck/mining-truck-v1.4,ya,-,2
valid,2025-02-20_17-07_MT_ITH_03_cr2_debug_jpg.rf.7cfb07c361e6d3c8c9ac70dfa1156848.txt,site,minitruck/mining-truck-v1.4,tidak,-,2
valid,2025-02-20_17-07_MT_ITH_03_cr2_debug_jpg.rf.7cfb07c361e6d3c8c9ac70dfa1156848_night.txt,site,minitruck/mining-truck-v1.4,ya,-,2
valid,2025-02-20_17-08_MT_ITH_02_cr2_debug_jpg.rf.50ea44153a076bbac620aa33de0441b9.txt,site,minitruck/mining-truck-v1.4,tidak,-,2
valid,2025-02-20_17-08_MT_ITH_02_cr2_debug_jpg.rf.50ea44153a076bbac620aa33de0441b9_night.txt,site,minitruck/mining-truck-v1.4,ya,-,2
valid,2025-02-21_07-25_MT_ITH_08_cr2_debug_jpg.rf.9be5a8d875e25f14217c6ca1acd92273.txt,site,minitruck/mining-truck-v1.4,tidak,-,2
valid,2025-02-21_07-25_MT_ITH_08_cr2_debug_jpg.rf.9be5a8d875e25f14217c6ca1acd92273_night.txt,site,minitruck/mining-truck-v1.4,ya,-,2
valid,2025-02-21_07-36_MT_ITH_09_cr2_debug_jpg.rf.d0f1ec3f896f8510b5989cc7a95ce8b4.txt,site,minitruck/mining-truck-v1.4,tidak,-,2
valid,2025-02-21_07-36_MT_ITH_09_cr2_debug_jpg.rf.d0f1ec3f896f8510b5989cc7a95ce8b4_night.txt,site,minitruck/mining-truck-v1.4,ya,-,2
valid,2025-02-21_07-44_MT_ITH_08_cr2_debug_jpg.rf.e4b6fba24652b8596767ad0503f8299b.txt,site,minitruck/mining-truck-v1.4,tidak,-,2
valid,2025-02-21_07-44_MT_ITH_08_cr2_debug_jpg.rf.e4b6fba24652b8596767ad0503f8299b_night.txt,site,minitruck/mining-truck-v1.4,ya,-,2
valid,2025-02-21_08-04_MT_ITH_09_cr2_debug_jpg.rf.6dbbb02c5e6619b146931fc666d7fe93.txt,site,minitruck/mining-truck-v1.4,tidak,-,2
valid,2025-02-21_08-04_MT_ITH_09_cr2_debug_jpg.rf.6dbbb02c5e6619b146931fc666d7fe93_night.txt,site,minitruck/mining-truck-v1.4,ya,-,2
valid,2025-02-21_08-23_MT_ITH_08_cr2_debug_jpg.rf.339b625728e6d52aab1264473b4a5ffd.txt,site,minitruck/mining-truck-v1.4,tidak,-,2
valid,2025-02-21_08-23_MT_ITH_08_cr2_debug_jpg.rf.339b625728e6d52aab1264473b4a5ffd_night.txt,site,minitruck/mining-truck-v1.4,ya,-,2
valid,2025-02-21_10-29_MT_ITH_08_cr2_debug_jpg.rf.14dcc3e182a98dc2367e2ecf13c24c31.txt,site,minitruck/mining-truck-v1.4,tidak,-,2
valid,2025-02-21_10-29_MT_ITH_08_cr2_debug_jpg.rf.14dcc3e182a98dc2367e2ecf13c24c31_night.txt,site,minitruck/mining-truck-v1.4,ya,-,2
valid,2025-02-21_13-38_MT_ITH_09_cr2_debug_jpg.rf.1bdc56e2643ca164b79a1961a1062055.txt,site,minitruck/mining-truck-v1.4,tidak,-,2
valid,2025-02-21_13-38_MT_ITH_09_cr2_debug_jpg.rf.1bdc56e2643ca164b79a1961a1062055_night.txt,site,minitruck/mining-truck-v1.4,ya,-,2
valid,2025-02-21_13-54_MT_ITH_09_cr2_debug_jpg.rf.818457998edbe8c4ba0ff568b2615b28.txt,site,minitruck/mining-truck-v1.4,tidak,-,2
valid,2025-02-21_13-54_MT_ITH_09_cr2_debug_jpg.rf.818457998edbe8c4ba0ff568b2615b28_night.txt,site,minitruck/mining-truck-v1.4,ya,-,2
valid,2025-02-21_14-05_MT_ITH_09_cr2_debug_jpg.rf.2f0c81ecf9dc5c4b9b9906d8d7d58ea0.txt,site,minitruck/mining-truck-v1.4,tidak,-,2
valid,2025-02-21_14-05_MT_ITH_09_cr2_debug_jpg.rf.2f0c81ecf9dc5c4b9b9906d8d7d58ea0_night.txt,site,minitruck/mining-truck-v1.4,ya,-,2
valid,2025-02-22_18-24_MT_ITH_02_cr2_debug_jpg.rf.58fef53c9df9ce9f5d706de9e1785fd9.txt,site,minitruck/mining-truck-v1.4,tidak,-,2
valid,2025-02-22_18-24_MT_ITH_02_cr2_debug_jpg.rf.58fef53c9df9ce9f5d706de9e1785fd9_night.txt,site,minitruck/mining-truck-v1.4,ya,-,2
valid,CR1Left2024-11-26_14-40-35_jpg.rf.928a8896cc260c7d24dc3cfb7e09e955.txt,site,minitruck/mining-truck-v1.4,tidak,-,2
valid,CR1Left2024-11-26_14-40-35_jpg.rf.928a8896cc260c7d24dc3cfb7e09e955_night.txt,site,minitruck/mining-truck-v1.4,ya,-,2
valid,CR1Left2024-11-26_14-50-55_jpg.rf.5adda944423f640619d604bc141f7a51.txt,site,minitruck/mining-truck-v1.4,tidak,-,2
valid,CR1Left2024-11-26_14-50-55_jpg.rf.5adda944423f640619d604bc141f7a51_night.txt,site,minitruck/mining-truck-v1.4,ya,-,2
valid,CR1Left2024-11-26_20-59-53_jpg.rf.cdc0ad2a55dd2be3d06447df2f3720c9.txt,site,minitruck/mining-truck-v1.4,tidak,-,2
valid,CR1Left2024-11-26_20-59-53_jpg.rf.cdc0ad2a55dd2be3d06447df2f3720c9_night.txt,site,minitruck/mining-truck-v1.4,ya,-,2
valid,CR1Left2024-11-26_21-13-13_jpg.rf.4853692929c38798d9a7f8a8044ca8d6.txt,site,minitruck/mining-truck-v1.4,tidak,-,2
valid,CR1Left2024-11-26_21-13-13_jpg.rf.4853692929c38798d9a7f8a8044ca8d6_night.txt,site,minitruck/mining-truck-v1.4,ya,-,2
valid,CR1Left2024-11-27_06-11-06_jpg.rf.1afb0737ecb76faf9a909170a2703caa.txt,site,minitruck/mining-truck-v1.4,tidak,-,2
valid,CR1Left2024-11-27_06-11-06_jpg.rf.1afb0737ecb76faf9a909170a2703caa_night.txt,site,minitruck/mining-truck-v1.4,ya,-,2
valid,CR1Left2024-11-27_06-27-17_jpg.rf.82d8655a848b02567a25b21cb46c02ba.txt,site,minitruck/mining-truck-v1.4,tidak,-,2
valid,CR1Left2024-11-27_06-27-17_jpg.rf.82d8655a848b02567a25b21cb46c02ba_night.txt,site,minitruck/mining-truck-v1.4,ya,-,2
valid,CR2Left2024-11-26_20-37-09_jpg.rf.7c2dde59b3fc15e564d147e3d147713d.txt,site,minitruck/mining-truck-v1.4,tidak,-,2
valid,CR2Left2024-11-26_20-37-09_jpg.rf.7c2dde59b3fc15e564d147e3d147713d_night.txt,site,minitruck/mining-truck-v1.4,ya,-,2
valid,CR2Left2024-11-26_20-39-51_jpg.rf.dccb73fc7b25d911b7df7f1b05eb8e30.txt,site,minitruck/mining-truck-v1.4,tidak,-,4
valid,CR2Left2024-11-26_20-39-51_jpg.rf.dccb73fc7b25d911b7df7f1b05eb8e30_night.txt,site,minitruck/mining-truck-v1.4,ya,-,4
valid,CR2Left2024-11-27_06-08-37_jpg.rf.4ffc356b131c755edd7a0ecc48caf719.txt,site,minitruck/mining-truck-v1.4,tidak,-,2
valid,CR2Left2024-11-27_06-08-37_jpg.rf.4ffc356b131c755edd7a0ecc48caf719_night.txt,site,minitruck/mining-truck-v1.4,ya,-,2
valid,CR2Left2024-11-27_06-19-02_jpg.rf.f33a61182040def87e92e4e5bd3ff574.txt,site,minitruck/mining-truck-v1.4,tidak,-,2
valid,CR2Left2024-11-27_06-19-02_jpg.rf.f33a61182040def87e92e4e5bd3ff574_night.txt,site,minitruck/mining-truck-v1.4,ya,-,2
valid,CR2Right2024-11-26_14-39-57_jpg.rf.07167cc56e8aeec6cd3a97418eb035c6.txt,site,minitruck/mining-truck-v1.4,tidak,-,3
valid,CR2Right2024-11-26_14-39-57_jpg.rf.07167cc56e8aeec6cd3a97418eb035c6_night.txt,site,minitruck/mining-truck-v1.4,ya,-,3
valid,ocr_failed_20250228_192650_jpg.rf.34d87750b0459d89a4053544992d8a2f.txt,site,minitruck/mining-truck-v1.4,tidak,-,2
valid,ocr_failed_20250228_192650_jpg.rf.34d87750b0459d89a4053544992d8a2f_night.txt,site,minitruck/mining-truck-v1.4,ya,-,2
valid,ocr_failed_20250228_192711_jpg.rf.9f67dfc042e89020eda4979657b45d20.txt,site,minitruck/mining-truck-v1.4,tidak,-,2
valid,ocr_failed_20250228_192711_jpg.rf.9f67dfc042e89020eda4979657b45d20_night.txt,site,minitruck/mining-truck-v1.4,ya,-,2
valid,ocr_failed_20250228_201202_jpg.rf.05a8fc9d0038d5a894331b7863f15de9.txt,site,minitruck/mining-truck-v1.4,tidak,-,2
valid,ocr_failed_20250228_201202_jpg.rf.05a8fc9d0038d5a894331b7863f15de9_night.txt,site,minitruck/mining-truck-v1.4,ya,-,2
valid,ocr_failed_20250301_134645_jpg.rf.8d24592b146ed59cd628fa7a499eea28.txt,site,minitruck/mining-truck-v1.4,tidak,-,2
valid,ocr_failed_20250301_134645_jpg.rf.8d24592b146ed59cd628fa7a499eea28_night.txt,site,minitruck/mining-truck-v1.4,ya,-,2
valid,ocr_failed_20250302_073116_jpg.rf.91cfad53576dcddb10860eb77f1805dc.txt,site,minitruck/mining-truck-v1.4,tidak,-,2
valid,ocr_failed_20250302_073116_jpg.rf.91cfad53576dcddb10860eb77f1805dc_night.txt,site,minitruck/mining-truck-v1.4,ya,-,2
valid,ocr_failed_20250302_184303_jpg.rf.5ed4aea48982827ea52863b8e7f69556.txt,site,minitruck/mining-truck-v1.4,tidak,-,2
valid,ocr_failed_20250302_184303_jpg.rf.5ed4aea48982827ea52863b8e7f69556_night.txt,site,minitruck/mining-truck-v1.4,ya,-,2
valid,ocr_failed_20250302_200008_jpg.rf.8f0317bd77f1749821eae6337caca631.txt,site,minitruck/mining-truck-v1.4,tidak,-,2
valid,ocr_failed_20250302_200008_jpg.rf.8f0317bd77f1749821eae6337caca631_night.txt,site,minitruck/mining-truck-v1.4,ya,-,2
valid,ocr_failed_20250303_000052_jpg.rf.65506ee6bcdc17e40dceb19cc59fbe9f.txt,site,minitruck/mining-truck-v1.4,tidak,-,2
valid,ocr_failed_20250303_000052_jpg.rf.65506ee6bcdc17e40dceb19cc59fbe9f_night.txt,site,minitruck/mining-truck-v1.4,ya,-,2
valid,ocr_failed_20250303_063754_jpg.rf.b1e9a30c0caadf39bf728e79c01daef5.txt,site,minitruck/mining-truck-v1.4,tidak,-,2
valid,ocr_failed_20250303_063754_jpg.rf.b1e9a30c0caadf39bf728e79c01daef5_night.txt,site,minitruck/mining-truck-v1.4,ya,-,2
valid,ocr_failed_20250303_064821_jpg.rf.b1d5c4a4cd1b95a32cb78d779751009c.txt,site,minitruck/mining-truck-v1.4,tidak,-,2
valid,ocr_failed_20250303_064821_jpg.rf.b1d5c4a4cd1b95a32cb78d779751009c_night.txt,site,minitruck/mining-truck-v1.4,ya,-,2
valid,ocr_failed_20250303_065203_jpg.rf.e2b417abb8c940549c86187093004f0e.txt,site,minitruck/mining-truck-v1.4,tidak,-,2
valid,ocr_failed_20250303_065203_jpg.rf.e2b417abb8c940549c86187093004f0e_night.txt,site,minitruck/mining-truck-v1.4,ya,-,2
valid,ocr_failed_20250303_065816_jpg.rf.7ab089651ccd5a4f785e4a141bfc8b20.txt,site,minitruck/mining-truck-v1.4,tidak,-,2
valid,ocr_failed_20250303_065816_jpg.rf.7ab089651ccd5a4f785e4a141bfc8b20_night.txt,site,minitruck/mining-truck-v1.4,ya,-,2
valid,ocr_failed_20250303_073005_jpg.rf.b41c5c7554c5818d212e24b9ae849165.txt,site,minitruck/mining-truck-v1.4,tidak,-,2
valid,ocr_failed_20250303_073005_jpg.rf.b41c5c7554c5818d212e24b9ae849165_night.txt,site,minitruck/mining-truck-v1.4,ya,-,2
valid,ocr_failed_20250303_085537_jpg.rf.61fb0c1f0c045353af236abdaf94ce6d.txt,site,minitruck/mining-truck-v1.4,tidak,-,2
valid,ocr_failed_20250303_085537_jpg.rf.61fb0c1f0c045353af236abdaf94ce6d_night.txt,site,minitruck/mining-truck-v1.4,ya,-,2
valid,ocr_failed_20250303_095700_jpg.rf.048a80f6de4cbbd4d0299f92d2b7dd40.txt,site,minitruck/mining-truck-v1.4,tidak,-,2
valid,ocr_failed_20250303_095700_jpg.rf.048a80f6de4cbbd4d0299f92d2b7dd40_night.txt,site,minitruck/mining-truck-v1.4,ya,-,2
valid,ocr_failed_20250303_100041_jpg.rf.5e38276435d7f1ab5081e40fa59b868f.txt,site,minitruck/mining-truck-v1.4,tidak,-,2
valid,ocr_failed_20250303_100041_jpg.rf.5e38276435d7f1ab5081e40fa59b868f_night.txt,site,minitruck/mining-truck-v1.4,ya,-,2
valid,ocr_failed_20250303_100833_jpg.rf.41c73425d3d64dd7ccb881d028f8d199.txt,site,minitruck/mining-truck-v1.4,tidak,-,2
valid,ocr_failed_20250303_100833_jpg.rf.41c73425d3d64dd7ccb881d028f8d199_night.txt,site,minitruck/mining-truck-v1.4,ya,-,2
valid,ocr_failed_20250303_102342_jpg.rf.71c4b835dbe17400142c62cff1c3570a.txt,site,minitruck/mining-truck-v1.4,tidak,-,2
valid,ocr_failed_20250303_102342_jpg.rf.71c4b835dbe17400142c62cff1c3570a_night.txt,site,minitruck/mining-truck-v1.4,ya,-,2
valid,ocr_failed_20250303_105455_jpg.rf.04da508efc166d643e4f43256741ee42.txt,site,minitruck/mining-truck-v1.4,tidak,-,2
valid,ocr_failed_20250303_105455_jpg.rf.04da508efc166d643e4f43256741ee42_night.txt,site,minitruck/mining-truck-v1.4,ya,-,2
valid,ocr_failed_20250303_112242_jpg.rf.9ff8e1154adb32fb10907ec67d1cbee1.txt,site,minitruck/mining-truck-v1.4,tidak,-,2
valid,ocr_failed_20250303_112242_jpg.rf.9ff8e1154adb32fb10907ec67d1cbee1_night.txt,site,minitruck/mining-truck-v1.4,ya,-,2
valid,ocr_failed_20250303_140335_jpg.rf.9fcb828980ca416a7e274b6e9c631851.txt,site,minitruck/mining-truck-v1.4,tidak,-,2
valid,ocr_failed_20250303_140335_jpg.rf.9fcb828980ca416a7e274b6e9c631851_night.txt,site,minitruck/mining-truck-v1.4,ya,-,2
valid,ocr_failed_20250303_165631_jpg.rf.a0c073c04ade88bf99b5639d7c3a0f27.txt,site,minitruck/mining-truck-v1.4,tidak,-,2
valid,ocr_failed_20250303_165631_jpg.rf.a0c073c04ade88bf99b5639d7c3a0f27_night.txt,site,minitruck/mining-truck-v1.4,ya,-,2
valid,ocr_failed_20250303_172005_jpg.rf.878eec8521742e75f648c432d010f5e6.txt,site,minitruck/mining-truck-v1.4,tidak,-,2
valid,ocr_failed_20250303_172005_jpg.rf.878eec8521742e75f648c432d010f5e6_night.txt,site,minitruck/mining-truck-v1.4,ya,-,2
valid,rf100_construction--1-_mp4-100_jpg.rf.a29135c644ecdb9f688b345bcc0195bd.txt,rf100,roboflow-100/excavators-czvg9,tidak,-,2
valid,rf100_construction--1-_mp4-104_jpg.rf.f72c67a39f990580dfc344736c033e15.txt,rf100,roboflow-100/excavators-czvg9,tidak,-,0
valid,rf100_construction--1-_mp4-106_jpg.rf.134f3f4d995e69795162f5ffeaefdf3b.txt,rf100,roboflow-100/excavators-czvg9,tidak,-,0
valid,rf100_construction--1-_mp4-108_jpg.rf.953f190b1cca7acc234f8e93ca4bb57d.txt,rf100,roboflow-100/excavators-czvg9,tidak,-,0
valid,rf100_construction--1-_mp4-10_jpg.rf.36793a0676b2a9fddef50e2c571d2139.txt,rf100,roboflow-100/excavators-czvg9,tidak,-,1
valid,rf100_construction--1-_mp4-110_jpg.rf.c9c0f484f7abaf00632407f29fab70ea.txt,rf100,roboflow-100/excavators-czvg9,tidak,-,0
valid,rf100_construction--1-_mp4-118_jpg.rf.7ac4207a1aa3e852005cf284bf62741e.txt,rf100,roboflow-100/excavators-czvg9,tidak,-,1
valid,rf100_construction--1-_mp4-125_jpg.rf.c5efa0a58c8b8cdcc6a07960e990b1b7.txt,rf100,roboflow-100/excavators-czvg9,tidak,-,1
valid,rf100_construction--1-_mp4-126_jpg.rf.0241985ad7b55e15875671349b9bb920.txt,rf100,roboflow-100/excavators-czvg9,tidak,-,1
valid,rf100_construction--1-_mp4-127_jpg.rf.bd19cfe5270f9cdb1e8d54b0337f3ab3.txt,rf100,roboflow-100/excavators-czvg9,tidak,-,2
valid,rf100_construction--1-_mp4-129_jpg.rf.7036a91895399423d83f193a7359ee6a.txt,rf100,roboflow-100/excavators-czvg9,tidak,-,0
valid,rf100_construction--1-_mp4-144_jpg.rf.6386e2c91cf39619fe67bc3451a853f8.txt,rf100,roboflow-100/excavators-czvg9,tidak,-,2
valid,rf100_construction--1-_mp4-147_jpg.rf.542028831fef38055066286fbea03e5a.txt,rf100,roboflow-100/excavators-czvg9,tidak,-,0
valid,rf100_construction--1-_mp4-153_jpg.rf.4bf97aba55840cd4ea9f538fac118d4b.txt,rf100,roboflow-100/excavators-czvg9,tidak,-,0
valid,rf100_construction--1-_mp4-154_jpg.rf.770265fb2f76572d08bd073ee01242de.txt,rf100,roboflow-100/excavators-czvg9,tidak,-,0
valid,rf100_construction--1-_mp4-158_jpg.rf.039c65ff9bd50649edf4a4c2cf11ed53.txt,rf100,roboflow-100/excavators-czvg9,tidak,-,0
valid,rf100_construction--1-_mp4-26_jpg.rf.4ad596d63896e72341b47f9156f8550e.txt,rf100,roboflow-100/excavators-czvg9,tidak,-,1
valid,rf100_construction--1-_mp4-33_jpg.rf.4e330f1a0c350c8f8444ab4cea4bd327.txt,rf100,roboflow-100/excavators-czvg9,tidak,-,2
valid,rf100_construction--1-_mp4-34_jpg.rf.d4911e076799b791450dadb16b839911.txt,rf100,roboflow-100/excavators-czvg9,tidak,-,1
valid,rf100_construction--1-_mp4-39_jpg.rf.9ac7315dfdfa2ba71c0a12bbf0567737.txt,rf100,roboflow-100/excavators-czvg9,tidak,-,1
valid,rf100_construction--1-_mp4-41_jpg.rf.255cb60ac9ec691b2466b384eedb61a8.txt,rf100,roboflow-100/excavators-czvg9,tidak,-,1
valid,rf100_construction--1-_mp4-54_jpg.rf.f78e1d02b1773357ed6fd4f4d2c31bbd.txt,rf100,roboflow-100/excavators-czvg9,tidak,-,1
valid,rf100_construction--1-_mp4-5_jpg.rf.ad165a5ac81ac79840fe38d4b6ad5e9c.txt,rf100,roboflow-100/excavators-czvg9,tidak,-,2
valid,rf100_construction--1-_mp4-61_jpg.rf.f8bafcedaaf3e7ea453a7cabb6256bb0.txt,rf100,roboflow-100/excavators-czvg9,tidak,-,0
valid,rf100_construction--1-_mp4-62_jpg.rf.25b42ca32b6d1fe506a83e5953fa6738.txt,rf100,roboflow-100/excavators-czvg9,tidak,-,1
valid,rf100_construction--1-_mp4-6_jpg.rf.59b4a282958d0a544b000d08738db551.txt,rf100,roboflow-100/excavators-czvg9,tidak,-,2
valid,rf100_construction--1-_mp4-76_jpg.rf.eaf0cdd744f9398f2580dfdf32a49888.txt,rf100,roboflow-100/excavators-czvg9,tidak,-,0
valid,rf100_construction--1-_mp4-7_jpg.rf.721013d9f5749566b321674165a0e6ea.txt,rf100,roboflow-100/excavators-czvg9,tidak,-,2
valid,rf100_construction--1-_mp4-81_jpg.rf.ab215d8e808ff67504d33d4c2e76cdcb.txt,rf100,roboflow-100/excavators-czvg9,tidak,-,0
valid,rf100_construction--1-_mp4-82_jpg.rf.9bda818e7d55aed9effc9723bb9e9745.txt,rf100,roboflow-100/excavators-czvg9,tidak,-,1
valid,rf100_construction--1-_mp4-85_jpg.rf.58c0ab2432ded75bb1427e1ddb63c9fd.txt,rf100,roboflow-100/excavators-czvg9,tidak,-,0
valid,rf100_construction--1-_mp4-91_jpg.rf.fd3e9a417e9a3ebea600a8854d6442a0.txt,rf100,roboflow-100/excavators-czvg9,tidak,-,0
valid,rf100_construction--1-_mp4-99_jpg.rf.922f5fe2f838e7d222707d46da5df4c8.txt,rf100,roboflow-100/excavators-czvg9,tidak,-,1
valid,rf100_construction--1018-_jpg.rf.81f0b476533c26ed7939b49992901b3d.txt,rf100,roboflow-100/excavators-czvg9,tidak,-,0
valid,rf100_construction--1022-_jpg.rf.4b2261be231c4d2dce230ded6e7e7425.txt,rf100,roboflow-100/excavators-czvg9,tidak,-,3
valid,rf100_construction--1023-_jpg.rf.2c9ce64135c132babbd1aa1cda802248.txt,rf100,roboflow-100/excavators-czvg9,tidak,-,0
valid,rf100_construction--1026-_jpg.rf.ac9958a28af300742a3429889321bc0b.txt,rf100,roboflow-100/excavators-czvg9,tidak,-,0
valid,rf100_construction--1027-_jpg.rf.b9b83950cce921084183338ab7d87814.txt,rf100,roboflow-100/excavators-czvg9,tidak,-,0
valid,rf100_construction--1037-_jpg.rf.4c94e332dacebec7a60f617e1d30d05a.txt,rf100,roboflow-100/excavators-czvg9,tidak,-,0
valid,rf100_construction--1045-_jpg.rf.87c0cd5de60485acb30fb8e5f7a8da72.txt,rf100,roboflow-100/excavators-czvg9,tidak,-,1
valid,rf100_construction--1059-_jpg.rf.43430ed317d5bd1db9865c7cbcdcdc11.txt,rf100,roboflow-100/excavators-czvg9,tidak,-,1
valid,rf100_construction--1074-_jpg.rf.a2dadf193f723820f204f8288846d880.txt,rf100,roboflow-100/excavators-czvg9,tidak,-,1
valid,rf100_construction--1086-_jpg.rf.8743c1ffbe911a88aa9dd6d64e66e702.txt,rf100,roboflow-100/excavators-czvg9,tidak,-,0
valid,rf100_construction--1092-_jpg.rf.4edf1842aeff21210ee0790887527dca.txt,rf100,roboflow-100/excavators-czvg9,tidak,-,0
valid,rf100_construction--1095-_jpg.rf.798f5560028c6b75bd932965eab788d1.txt,rf100,roboflow-100/excavators-czvg9,tidak,-,0
valid,rf100_construction--1114-_jpg.rf.2540ba021c5dc591a1fef46bd55ca0e6.txt,rf100,roboflow-100/excavators-czvg9,tidak,-,1
valid,rf100_construction--1128-_jpg.rf.a228e05c9f2da01209491d77b4192c8b.txt,rf100,roboflow-100/excavators-czvg9,tidak,-,0
valid,rf100_construction--1136-_jpg.rf.6a75bbf61c40f742eca3187ce360e25b.txt,rf100,roboflow-100/excavators-czvg9,tidak,-,0
valid,rf100_construction--1139-_jpg.rf.0f2f530a4a1f5a0b567b03bbe7c8585c.txt,rf100,roboflow-100/excavators-czvg9,tidak,-,0
valid,rf100_construction--1140-_jpg.rf.15d15623a8d2f0b198ba2f7f82f6190f.txt,rf100,roboflow-100/excavators-czvg9,tidak,-,0
valid,rf100_construction--1149-_jpg.rf.0f916af7e66bdbd5a30585ee0241b0b9.txt,rf100,roboflow-100/excavators-czvg9,tidak,-,0
valid,rf100_construction--1156-_jpg.rf.80799e2c22629802510b41fcfa6b8b8b.txt,rf100,roboflow-100/excavators-czvg9,tidak,-,0
valid,rf100_construction--1166-_jpg.rf.9849257fa11819eec6b8a93addd66448.txt,rf100,roboflow-100/excavators-czvg9,tidak,-,0
valid,rf100_construction--1167-_jpg.rf.be139280753ef8470ea93c812db62a8d.txt,rf100,roboflow-100/excavators-czvg9,tidak,-,0
valid,rf100_construction--1215-_jpg.rf.33d1b1dd09029e82e752cee75862200a.txt,rf100,roboflow-100/excavators-czvg9,tidak,-,0
valid,rf100_construction--1223-_jpg.rf.c2ba295a5caf03cc5277bab4973f70e1.txt,rf100,roboflow-100/excavators-czvg9,tidak,-,0
valid,rf100_construction--133-_jpg.rf.f58b12ce4524f1a52f0c08af96712a87.txt,rf100,roboflow-100/excavators-czvg9,tidak,-,1
valid,rf100_construction--134-_jpg.rf.883df31940e83e3bbab7d96daaf87a00.txt,rf100,roboflow-100/excavators-czvg9,tidak,-,1
valid,rf100_construction--140-_jpg.rf.45b8638d6176d9044a65e7a050b97be4.txt,rf100,roboflow-100/excavators-czvg9,tidak,-,6
valid,rf100_construction--15-_jpg.rf.fe8bb80ceffcd36b73d73c301c8e5a64.txt,rf100,roboflow-100/excavators-czvg9,tidak,-,0
valid,rf100_construction--153-_jpg.rf.a9658e9425509416156e0d9d8d18008c.txt,rf100,roboflow-100/excavators-czvg9,tidak,-,0
valid,rf100_construction--157-_jpg.rf.3052b4aac9da8768dc14c2689cbb04ee.txt,rf100,roboflow-100/excavators-czvg9,tidak,-,1
valid,rf100_construction--167-_jpg.rf.645e3559877d4b27ff19747e829eefc1.txt,rf100,roboflow-100/excavators-czvg9,tidak,-,1
valid,rf100_construction--170-_jpg.rf.08bf10c56e8495f913483b175699d777.txt,rf100,roboflow-100/excavators-czvg9,tidak,-,1
valid,rf100_construction--184-_jpg.rf.1852b968fc596b590c7b34533b323b11.txt,rf100,roboflow-100/excavators-czvg9,tidak,-,1
valid,rf100_construction--194-_jpg.rf.ee3532d35cdd87c4231ea5ea1a787694.txt,rf100,roboflow-100/excavators-czvg9,tidak,-,3
valid,rf100_construction--196-_jpg.rf.724d30b6280b1c3c6685ed6696ccf430.txt,rf100,roboflow-100/excavators-czvg9,tidak,-,1
valid,rf100_construction--198-_jpg.rf.34f06399239be6490d4efb563812b1ed.txt,rf100,roboflow-100/excavators-czvg9,tidak,-,2
valid,rf100_construction--2-_mp4-106_jpg.rf.6d50bf78849752eb7d278c4aa439dcf5.txt,rf100,roboflow-100/excavators-czvg9,tidak,-,1
valid,rf100_construction--2-_mp4-115_jpg.rf.697bb4b226ce12eb7ee0a1e62205b70d.txt,rf100,roboflow-100/excavators-czvg9,tidak,-,1
valid,rf100_construction--2-_mp4-121_jpg.rf.b5eae144a999e72e5864f034fa36a4e3.txt,rf100,roboflow-100/excavators-czvg9,tidak,-,1
valid,rf100_construction--2-_mp4-128_jpg.rf.5f3d0b63fd4a74cbdf2ba569c0d3fb80.txt,rf100,roboflow-100/excavators-czvg9,tidak,-,1
valid,rf100_construction--2-_mp4-131_jpg.rf.7428625919faaafef3352cfc70a069a2.txt,rf100,roboflow-100/excavators-czvg9,tidak,-,0
valid,rf100_construction--2-_mp4-133_jpg.rf.6c17bbb7cb4d1e843e10fcaac591503f.txt,rf100,roboflow-100/excavators-czvg9,tidak,-,1
valid,rf100_construction--2-_mp4-136_jpg.rf.5d378e4239c9d3a227fc28ef04be04ad.txt,rf100,roboflow-100/excavators-czvg9,tidak,-,0
valid,rf100_construction--2-_mp4-138_jpg.rf.3a663203b606ad158642d979d019d202.txt,rf100,roboflow-100/excavators-czvg9,tidak,-,0
valid,rf100_construction--2-_mp4-149_jpg.rf.e4a29caa1047942c25a01e3097651595.txt,rf100,roboflow-100/excavators-czvg9,tidak,-,0
valid,rf100_construction--2-_mp4-150_jpg.rf.3e7f88139414d73c51082b9a798f4631.txt,rf100,roboflow-100/excavators-czvg9,tidak,-,0
valid,rf100_construction--2-_mp4-155_jpg.rf.d912b419ce6976c7a6f152a00d308c5a.txt,rf100,roboflow-100/excavators-czvg9,tidak,-,1
valid,rf100_construction--2-_mp4-165_jpg.rf.c80824440705bbcff2feac9428f2bf54.txt,rf100,roboflow-100/excavators-czvg9,tidak,-,1
valid,rf100_construction--2-_mp4-168_jpg.rf.158072ce1512fe8d5df2a00ff69438a2.txt,rf100,roboflow-100/excavators-czvg9,tidak,-,0
valid,rf100_construction--2-_mp4-174_jpg.rf.71bea1749d24bb4ce8e64afc091566a8.txt,rf100,roboflow-100/excavators-czvg9,tidak,-,0
valid,rf100_construction--2-_mp4-180_jpg.rf.3a8d6211b7108cb0f2697bc20aa16971.txt,rf100,roboflow-100/excavators-czvg9,tidak,-,1
valid,rf100_construction--2-_mp4-190_jpg.rf.c3977c12b7493b58db823e3b6871454b.txt,rf100,roboflow-100/excavators-czvg9,tidak,-,1
valid,rf100_construction--2-_mp4-195_jpg.rf.4e42f6c7a5839829fe1d7b4f83ff9377.txt,rf100,roboflow-100/excavators-czvg9,tidak,-,1
valid,rf100_construction--2-_mp4-196_jpg.rf.69fe194b6f7ee6bbc589d276fd6e122b.txt,rf100,roboflow-100/excavators-czvg9,tidak,-,1
valid,rf100_construction--2-_mp4-197_jpg.rf.507b0803140075f22dfe2c94255c50db.txt,rf100,roboflow-100/excavators-czvg9,tidak,-,0
valid,rf100_construction--2-_mp4-1_jpg.rf.bc28a19ff25d2c9ac44880ce12abbf84.txt,rf100,roboflow-100/excavators-czvg9,tidak,-,1
valid,rf100_construction--2-_mp4-201_jpg.rf.ec9e9d664929931f2ee08ab45416b85e.txt,rf100,roboflow-100/excavators-czvg9,tidak,-,0
valid,rf100_construction--2-_mp4-206_jpg.rf.a028936cb850928eb98f773c4f4cb485.txt,rf100,roboflow-100/excavators-czvg9,tidak,-,1
valid,rf100_construction--2-_mp4-207_jpg.rf.7d6aae53af91f6284d1d0cfe9983950f.txt,rf100,roboflow-100/excavators-czvg9,tidak,-,1
valid,rf100_construction--2-_mp4-212_jpg.rf.1f0cc53f2c4e60a4fdc1408785fe4636.txt,rf100,roboflow-100/excavators-czvg9,tidak,-,0
valid,rf100_construction--2-_mp4-214_jpg.rf.a9994182b4c13f5b257da06153cd0892.txt,rf100,roboflow-100/excavators-czvg9,tidak,-,0
valid,rf100_construction--2-_mp4-216_jpg.rf.3d3f4c435cad5d0c49b075f9c0c7263e.txt,rf100,roboflow-100/excavators-czvg9,tidak,-,1
valid,rf100_construction--2-_mp4-218_jpg.rf.906bb993aa2e745698a6d1b6589f2201.txt,rf100,roboflow-100/excavators-czvg9,tidak,-,1
valid,rf100_construction--2-_mp4-225_jpg.rf.f6e814d7602d7de96fcc20f05b3e3270.txt,rf100,roboflow-100/excavators-czvg9,tidak,-,2
valid,rf100_construction--2-_mp4-33_jpg.rf.6913eb98505938a1cc1cd1a72509a5f5.txt,rf100,roboflow-100/excavators-czvg9,tidak,-,1
valid,rf100_construction--2-_mp4-38_jpg.rf.cd2bdd29ee097175bff72023a99d47c2.txt,rf100,roboflow-100/excavators-czvg9,tidak,-,1
valid,rf100_construction--2-_mp4-3_jpg.rf.b242559194e272a3dafc0e57415f27ee.txt,rf100,roboflow-100/excavators-czvg9,tidak,-,1
valid,rf100_construction--2-_mp4-45_jpg.rf.ad2d61f39cbf8b667359498c03f13f36.txt,rf100,roboflow-100/excavators-czvg9,tidak,-,1
valid,rf100_construction--2-_mp4-50_jpg.rf.8203e63796716f6ae6fcd0a125c543e1.txt,rf100,roboflow-100/excavators-czvg9,tidak,-,1
valid,rf100_construction--2-_mp4-54_jpg.rf.13c910897099452997750164df8e6b78.txt,rf100,roboflow-100/excavators-czvg9,tidak,-,1
valid,rf100_construction--2-_mp4-57_jpg.rf.09babc907d938e644eaea4849ac73efa.txt,rf100,roboflow-100/excavators-czvg9,tidak,-,1
valid,rf100_construction--2-_mp4-59_jpg.rf.addcbaac5b67a7ec70555da24c4e34ad.txt,rf100,roboflow-100/excavators-czvg9,tidak,-,1
valid,rf100_construction--2-_mp4-60_jpg.rf.f21c2fdb3b0f2099efc876bb52cdd6f0.txt,rf100,roboflow-100/excavators-czvg9,tidak,-,1
valid,rf100_construction--2-_mp4-6_jpg.rf.0bd6f7eb2c8192b80275f5de16c7a913.txt,rf100,roboflow-100/excavators-czvg9,tidak,-,1
valid,rf100_construction--2-_mp4-76_jpg.rf.5a6316863be11fda77c501a789a8512b.txt,rf100,roboflow-100/excavators-czvg9,tidak,-,1
valid,rf100_construction--2-_mp4-79_jpg.rf.7e53a4011f69bb844ea63aae7ea4cb76.txt,rf100,roboflow-100/excavators-czvg9,tidak,-,1
valid,rf100_construction--2-_mp4-80_jpg.rf.16920c8be9d562743e923cd3d08f0dca.txt,rf100,roboflow-100/excavators-czvg9,tidak,-,1
valid,rf100_construction--2-_mp4-83_jpg.rf.7b1197c2af14864243c4fae172a6d16b.txt,rf100,roboflow-100/excavators-czvg9,tidak,-,1
valid,rf100_construction--2-_mp4-92_jpg.rf.b30b1a7d9b30ccf6ebabccddcc197f09.txt,rf100,roboflow-100/excavators-czvg9,tidak,-,1
valid,rf100_construction--2-_mp4-93_jpg.rf.93b2354e9247b95801408b55b39010bf.txt,rf100,roboflow-100/excavators-czvg9,tidak,-,1
valid,rf100_construction--200-_jpg.rf.3f2e4199d5a4eb6d2ff4e366aa825ef1.txt,rf100,roboflow-100/excavators-czvg9,tidak,-,1
valid,rf100_construction--202-_jpg.rf.ac181d7c176eb86ccbef64a9f8fa958b.txt,rf100,roboflow-100/excavators-czvg9,tidak,-,2
valid,rf100_construction--204-_jpg.rf.a70c83f89fc9bb25494e701f9ec02d31.txt,rf100,roboflow-100/excavators-czvg9,tidak,-,1
valid,rf100_construction--206-_jpg.rf.79c021f3051a7474c7270994aee60fb2.txt,rf100,roboflow-100/excavators-czvg9,tidak,-,2
valid,rf100_construction--213-_jpg.rf.bc91526cf8ee776a486a143025a67dcd.txt,rf100,roboflow-100/excavators-czvg9,tidak,-,5
valid,rf100_construction--214-_jpg.rf.f21e17597101802cea33a114661cb616.txt,rf100,roboflow-100/excavators-czvg9,tidak,-,0
valid,rf100_construction--222-_jpg.rf.4a426ec661a4690fa2bfdb4a93de6886.txt,rf100,roboflow-100/excavators-czvg9,tidak,-,2
valid,rf100_construction--225-_jpg.rf.ba7a09a6425a5dc0ab15f5f90d262578.txt,rf100,roboflow-100/excavators-czvg9,tidak,-,1
valid,rf100_construction--227-_jpg.rf.90aba172d11de4be031c1c9c0d4f6936.txt,rf100,roboflow-100/excavators-czvg9,tidak,-,3
valid,rf100_construction--251-_jpg.rf.1e4bbdf35aabf17100058dcb2b870d18.txt,rf100,roboflow-100/excavators-czvg9,tidak,-,2
valid,rf100_construction--259-_jpg.rf.ee42e27aa85baaa169a2c71108a9f502.txt,rf100,roboflow-100/excavators-czvg9,tidak,-,1
valid,rf100_construction--26-_jpg.rf.73c6cbe5e1cd08f7b9d1a8fd3a8ddae3.txt,rf100,roboflow-100/excavators-czvg9,tidak,-,0
valid,rf100_construction--262-_jpg.rf.b3ae82de0b21693e9ef4aa5432d15408.txt,rf100,roboflow-100/excavators-czvg9,tidak,-,3
valid,rf100_construction--270-_jpg.rf.bb837b28eaa4b8c60b44df9369910ffa.txt,rf100,roboflow-100/excavators-czvg9,tidak,-,1
valid,rf100_construction--274-_jpg.rf.9b805d5b33af8900b7602105c277b585.txt,rf100,roboflow-100/excavators-czvg9,tidak,-,3
valid,rf100_construction--276-_jpg.rf.cb3e6411a149656e54e51cc979d8b154.txt,rf100,roboflow-100/excavators-czvg9,tidak,-,2
valid,rf100_construction--277-_jpg.rf.34d313737e916c8623ad55b73298cc94.txt,rf100,roboflow-100/excavators-czvg9,tidak,-,1
valid,rf100_construction--278-_jpg.rf.0667fea46e35344b4ddbffdc040f26c4.txt,rf100,roboflow-100/excavators-czvg9,tidak,-,0
valid,rf100_construction--279-_jpg.rf.df02178502b126465c23137c3bce0596.txt,rf100,roboflow-100/excavators-czvg9,tidak,-,1
valid,rf100_construction--284-_jpg.rf.9ef89def9d43470c6547b3c5b998b4f2.txt,rf100,roboflow-100/excavators-czvg9,tidak,-,1
valid,rf100_construction--285-_jpg.rf.724145fb0ed2cb4a88b416e58faa784b.txt,rf100,roboflow-100/excavators-czvg9,tidak,-,2
valid,rf100_construction--286-_jpg.rf.b2b31b0e9207bf411da92d8f28515c97.txt,rf100,roboflow-100/excavators-czvg9,tidak,-,1
valid,rf100_construction--288-_jpg.rf.5f6490f94ee76afefef76bc5041e175d.txt,rf100,roboflow-100/excavators-czvg9,tidak,-,2
valid,rf100_construction--294-_jpg.rf.87d6c441e810f29f68c7158bd2691036.txt,rf100,roboflow-100/excavators-czvg9,tidak,-,1
valid,rf100_construction--295-_jpg.rf.08986f7beab841b762eb3b54acde06e4.txt,rf100,roboflow-100/excavators-czvg9,tidak,-,1
valid,rf100_construction--3-_mp4-102_jpg.rf.8d0915b57530ce02bf9a1e6ea771a28d.txt,rf100,roboflow-100/excavators-czvg9,tidak,-,1
valid,rf100_construction--3-_mp4-103_jpg.rf.c69a5880553b848fe1a619f5e6e57dbd.txt,rf100,roboflow-100/excavators-czvg9,tidak,-,2
valid,rf100_construction--3-_mp4-107_jpg.rf.36e7b4f293f495c7c13a2822e988052e.txt,rf100,roboflow-100/excavators-czvg9,tidak,-,2
valid,rf100_construction--3-_mp4-11_jpg.rf.6a44e260b3bc5b241f026b45be52efb4.txt,rf100,roboflow-100/excavators-czvg9,tidak,-,1
valid,rf100_construction--3-_mp4-124_jpg.rf.8ea6a224f3a57f80e0d5ff8c1888a443.txt,rf100,roboflow-100/excavators-czvg9,tidak,-,1
valid,rf100_construction--3-_mp4-126_jpg.rf.836470429f496d27904fea137d889842.txt,rf100,roboflow-100/excavators-czvg9,tidak,-,0
valid,rf100_construction--3-_mp4-142_jpg.rf.251069d8a6128ee726f81ad803939234.txt,rf100,roboflow-100/excavators-czvg9,tidak,-,1
valid,rf100_construction--3-_mp4-147_jpg.rf.7599ea96ac96e95dd3a46cc98e9125fc.txt,rf100,roboflow-100/excavators-czvg9,tidak,-,1
valid,rf100_construction--3-_mp4-150_jpg.rf.cb0c74b34da16d614496f14815303b9e.txt,rf100,roboflow-100/excavators-czvg9,tidak,-,1
valid,rf100_construction--3-_mp4-159_jpg.rf.d956bc76abaeecdfbb4d08a91ab679b3.txt,rf100,roboflow-100/excavators-czvg9,tidak,-,1
valid,rf100_construction--3-_mp4-15_jpg.rf.3cc3b5ed5e4ee42fcca60fe5f4ab22c0.txt,rf100,roboflow-100/excavators-czvg9,tidak,-,1
valid,rf100_construction--3-_mp4-1_jpg.rf.23a31ad725084b6261217c66e321ef0d.txt,rf100,roboflow-100/excavators-czvg9,tidak,-,1
valid,rf100_construction--3-_mp4-201_jpg.rf.13a0bf219e68c7c8dde29abe133954bd.txt,rf100,roboflow-100/excavators-czvg9,tidak,-,4
valid,rf100_construction--3-_mp4-203_jpg.rf.695f487ccbf0e4b95ccd8ee250b4025d.txt,rf100,roboflow-100/excavators-czvg9,tidak,-,0
valid,rf100_construction--3-_mp4-208_jpg.rf.c98bb695d489a7b3f8da490bdc311015.txt,rf100,roboflow-100/excavators-czvg9,tidak,-,1
valid,rf100_construction--3-_mp4-214_jpg.rf.dcc6d0703cb24a7293dd30353f30462e.txt,rf100,roboflow-100/excavators-czvg9,tidak,-,1
valid,rf100_construction--3-_mp4-216_jpg.rf.3ed65b70019cec2e96398944eefb8da7.txt,rf100,roboflow-100/excavators-czvg9,tidak,-,1
valid,rf100_construction--3-_mp4-219_jpg.rf.b3b530967e8f2f5d46e5718f9ce157ff.txt,rf100,roboflow-100/excavators-czvg9,tidak,-,1
valid,rf100_construction--3-_mp4-21_jpg.rf.4d44f261cd758918dea5cc3aed35d24f.txt,rf100,roboflow-100/excavators-czvg9,tidak,-,1
valid,rf100_construction--3-_mp4-224_jpg.rf.7c67bbbc555dc2d9de776e5729301ebc.txt,rf100,roboflow-100/excavators-czvg9,tidak,-,1
valid,rf100_construction--3-_mp4-34_jpg.rf.1e3ae7a7afd152d99ae8c2b7aa8f4851.txt,rf100,roboflow-100/excavators-czvg9,tidak,-,1
valid,rf100_construction--3-_mp4-38_jpg.rf.69eed1e5ab0447033f40adf30557057d.txt,rf100,roboflow-100/excavators-czvg9,tidak,-,0
valid,rf100_construction--3-_mp4-45_jpg.rf.d4368efcc3602be36805247c390a8e93.txt,rf100,roboflow-100/excavators-czvg9,tidak,-,2
valid,rf100_construction--3-_mp4-47_jpg.rf.e60362fb6ec9b23446d0e2b968c1cc30.txt,rf100,roboflow-100/excavators-czvg9,tidak,-,1
valid,rf100_construction--3-_mp4-53_jpg.rf.7a894ca3c5676b2a6c054aa6fb929f13.txt,rf100,roboflow-100/excavators-czvg9,tidak,-,1
valid,rf100_construction--3-_mp4-61_jpg.rf.5f118574e24e9de0a7db5d2e4acc1ea5.txt,rf100,roboflow-100/excavators-czvg9,tidak,-,1
valid,rf100_construction--3-_mp4-64_jpg.rf.ce521742443221eb1c70974038266e3c.txt,rf100,roboflow-100/excavators-czvg9,tidak,-,0
valid,rf100_construction--3-_mp4-66_jpg.rf.dab898ff500208ae419769762b075cb7.txt,rf100,roboflow-100/excavators-czvg9,tidak,-,1
valid,rf100_construction--3-_mp4-71_jpg.rf.fa519adbfdcce2e488e4d5274f6041c3.txt,rf100,roboflow-100/excavators-czvg9,tidak,-,1
valid,rf100_construction--3-_mp4-73_jpg.rf.a0a64f9d67e0988a22840378ce4f229b.txt,rf100,roboflow-100/excavators-czvg9,tidak,-,2
valid,rf100_construction--3-_mp4-79_jpg.rf.fd9300cf8073a180556bf00a879f643a.txt,rf100,roboflow-100/excavators-czvg9,tidak,-,1
valid,rf100_construction--3-_mp4-8_jpg.rf.31c54ee5937edd3c50f955fe056d11d5.txt,rf100,roboflow-100/excavators-czvg9,tidak,-,1
valid,rf100_construction--30-_jpg.rf.6fb7d5a6bed70758509bb20aa4bc7fa7.txt,rf100,roboflow-100/excavators-czvg9,tidak,-,0
valid,rf100_construction--315-_jpg.rf.9602a47533a86c7bdf94b739446af180.txt,rf100,roboflow-100/excavators-czvg9,tidak,-,1
valid,rf100_construction--320-_jpg.rf.0ff16d07e15961655c3e82d4a377efc4.txt,rf100,roboflow-100/excavators-czvg9,tidak,-,2
valid,rf100_construction--327-_jpg.rf.13965d89bb9131b137817ef8cb1103a8.txt,rf100,roboflow-100/excavators-czvg9,tidak,-,1
valid,rf100_construction--333-_jpg.rf.df3516571589805b9d4edb326955e6ae.txt,rf100,roboflow-100/excavators-czvg9,tidak,-,2
valid,rf100_construction--336-_jpg.rf.113a3534a92b324844d8860948dd2981.txt,rf100,roboflow-100/excavators-czvg9,tidak,-,0
valid,rf100_construction--352-_jpg.rf.31d1188ac63df661dbfb612a3a92a65f.txt,rf100,roboflow-100/excavators-czvg9,tidak,-,2
valid,rf100_construction--353-_jpg.rf.9fe8d8faf0c4a8f1469976061a2c7c6d.txt,rf100,roboflow-100/excavators-czvg9,tidak,-,1
valid,rf100_construction--354-_jpg.rf.53aa771008aee80a4d6723d4671593de.txt,rf100,roboflow-100/excavators-czvg9,tidak,-,0
valid,rf100_construction--357-_jpg.rf.61adaef32a70bc60ee5fe11ae070c8c3.txt,rf100,roboflow-100/excavators-czvg9,tidak,-,6
valid,rf100_construction--358-_jpg.rf.aa315009f7eb97bf1375788bcfd082d8.txt,rf100,roboflow-100/excavators-czvg9,tidak,-,1
valid,rf100_construction--362-_jpg.rf.a8bda3021413914025177ac9c7f7b338.txt,rf100,roboflow-100/excavators-czvg9,tidak,-,0
valid,rf100_construction--363-_jpg.rf.e15d7079079ea48d125ee7d05f39d7c8.txt,rf100,roboflow-100/excavators-czvg9,tidak,-,2
valid,rf100_construction--366-_jpg.rf.c7156d006eea50f055a889e8405fb220.txt,rf100,roboflow-100/excavators-czvg9,tidak,-,1
valid,rf100_construction--372-_jpg.rf.c92962b5cfffb91ef2d96bda84151044.txt,rf100,roboflow-100/excavators-czvg9,tidak,-,2
valid,rf100_construction--374-_jpg.rf.220fe24f385cf7ded58e03e566114eea.txt,rf100,roboflow-100/excavators-czvg9,tidak,-,0
valid,rf100_construction--375-_jpg.rf.4403862352e893e1013a64acf9abbae0.txt,rf100,roboflow-100/excavators-czvg9,tidak,-,0
valid,rf100_construction--378-_jpg.rf.664d6293afc427feb3ff0e3e85683c01.txt,rf100,roboflow-100/excavators-czvg9,tidak,-,0
valid,rf100_construction--379-_jpg.rf.be32cd5d746dd447839b46fe923a5e16.txt,rf100,roboflow-100/excavators-czvg9,tidak,-,1
valid,rf100_construction--383-_jpg.rf.f2506a4f5ac71bb99ed74347d2e63f75.txt,rf100,roboflow-100/excavators-czvg9,tidak,-,1
valid,rf100_construction--386-_jpg.rf.3f897ec05cb4a83d7668bae4f146bb08.txt,rf100,roboflow-100/excavators-czvg9,tidak,-,1
valid,rf100_construction--390-_jpg.rf.39940df7d0c66ee025abd69ca950feb1.txt,rf100,roboflow-100/excavators-czvg9,tidak,-,2
valid,rf100_construction--391-_jpg.rf.5a65f79fe5adb2d3d461644e216299a2.txt,rf100,roboflow-100/excavators-czvg9,tidak,-,0
valid,rf100_construction--396-_jpg.rf.aa81d439da1bd03b664090be86f7e708.txt,rf100,roboflow-100/excavators-czvg9,tidak,-,2
valid,rf100_construction--399-_jpg.rf.535943be0e9dd21232340a07d5adaba1.txt,rf100,roboflow-100/excavators-czvg9,tidak,-,1
valid,rf100_construction--4-_mp4-13_jpg.rf.438f9b951d7de0e8d2ed83e78f3d1d80.txt,rf100,roboflow-100/excavators-czvg9,tidak,-,2
valid,rf100_construction--4-_mp4-20_jpg.rf.6ed3d31ca15d6bee4506f103025bae5c.txt,rf100,roboflow-100/excavators-czvg9,tidak,-,2
valid,rf100_construction--4-_mp4-23_jpg.rf.a1f518be1bfca8e4b0fdf51e1ab7bae7.txt,rf100,roboflow-100/excavators-czvg9,tidak,-,1
valid,rf100_construction--4-_mp4-9_jpg.rf.178c51e4a2b1405509a8d87efca66a0d.txt,rf100,roboflow-100/excavators-czvg9,tidak,-,4
valid,rf100_construction--404-_jpg.rf.b7fe4dc50bb4945399a7b09616d5fe6f.txt,rf100,roboflow-100/excavators-czvg9,tidak,-,2
valid,rf100_construction--417-_jpg.rf.2054c87c44fdf367f3e3cc003a5f2dc0.txt,rf100,roboflow-100/excavators-czvg9,tidak,-,1
valid,rf100_construction--423-_jpg.rf.330867b158e0ac720c2c809cee55405a.txt,rf100,roboflow-100/excavators-czvg9,tidak,-,1
valid,rf100_construction--432-_jpg.rf.63898573bf720fa6f096fa834c9a59a1.txt,rf100,roboflow-100/excavators-czvg9,tidak,-,1
valid,rf100_construction--445-_jpg.rf.9df3f7861c2a13586a4441f0ff01229f.txt,rf100,roboflow-100/excavators-czvg9,tidak,-,1
valid,rf100_construction--447-_jpg.rf.cd7b440e3fbabefbd2fd2db576f01c88.txt,rf100,roboflow-100/excavators-czvg9,tidak,-,1
valid,rf100_construction--450-_jpg.rf.93e2549673078bebcf3ecb7e73763b7c.txt,rf100,roboflow-100/excavators-czvg9,tidak,-,1
valid,rf100_construction--455-_jpg.rf.bd2b6522708d64beb2e8291aae6a32fe.txt,rf100,roboflow-100/excavators-czvg9,tidak,-,2
valid,rf100_construction--469-_jpg.rf.07df51540a37798fddaa182ebe03a685.txt,rf100,roboflow-100/excavators-czvg9,tidak,-,1
valid,rf100_construction--482-_jpg.rf.5596fb117ef37449c54f68c7db1f2d12.txt,rf100,roboflow-100/excavators-czvg9,tidak,-,2
valid,rf100_construction--487-_jpg.rf.7fdd8399e1ba52eb4395e2fc5956fea0.txt,rf100,roboflow-100/excavators-czvg9,tidak,-,0
valid,rf100_construction--493-_jpg.rf.abb6aeccc1a7d79e7fed163ad79fdfce.txt,rf100,roboflow-100/excavators-czvg9,tidak,-,1
valid,rf100_construction--497-_jpg.rf.50b9a46d23cff198ccf1794f161b6ac7.txt,rf100,roboflow-100/excavators-czvg9,tidak,-,1
valid,rf100_construction--506-_jpg.rf.9400037d272d3cccf7f42bb0685cf415.txt,rf100,roboflow-100/excavators-czvg9,tidak,-,2
valid,rf100_construction--509-_jpg.rf.eb6f289628f6d67006c38a5999ffe7d1.txt,rf100,roboflow-100/excavators-czvg9,tidak,-,1
valid,rf100_construction--517-_jpg.rf.059dbd9f19555d88f4aa91e51d695b98.txt,rf100,roboflow-100/excavators-czvg9,tidak,-,1
valid,rf100_construction--518-_jpg.rf.37dc6a110a9d928c06ef90f2c7051067.txt,rf100,roboflow-100/excavators-czvg9,tidak,-,2
valid,rf100_construction--521-_jpg.rf.567a154edf8b68ae9a169d2977ad7800.txt,rf100,roboflow-100/excavators-czvg9,tidak,-,3
valid,rf100_construction--526-_jpg.rf.78c101aaaaa9b2c50f5a6d7940bf132d.txt,rf100,roboflow-100/excavators-czvg9,tidak,-,2
valid,rf100_construction--534-_jpg.rf.761b6cd09bcd385564bb67f40c099888.txt,rf100,roboflow-100/excavators-czvg9,tidak,-,2
valid,rf100_construction--540-_jpg.rf.5c78a6e23ebc2a67530bea19361d00b3.txt,rf100,roboflow-100/excavators-czvg9,tidak,-,2
valid,rf100_construction--548-_jpg.rf.1a2bf2057c6d253c55c7477265926cd0.txt,rf100,roboflow-100/excavators-czvg9,tidak,-,1
valid,rf100_construction--556-_jpg.rf.3e394e42289942292ab3ca408a1ac921.txt,rf100,roboflow-100/excavators-czvg9,tidak,-,1
valid,rf100_construction--564-_jpg.rf.61a8eca18c96063897800c97cc1c8e59.txt,rf100,roboflow-100/excavators-czvg9,tidak,-,1
valid,rf100_construction--573-_jpg.rf.f0acad19759b5858db494a4538ac2ce5.txt,rf100,roboflow-100/excavators-czvg9,tidak,-,1
valid,rf100_construction--575-_jpg.rf.f999ab87d823cc7a3881d84f6bd88a4e.txt,rf100,roboflow-100/excavators-czvg9,tidak,-,1
valid,rf100_construction--590-_jpg.rf.ccbf2059cfdcc78b2b9568f80b470a6b.txt,rf100,roboflow-100/excavators-czvg9,tidak,-,1
valid,rf100_construction--594-_jpg.rf.73bcf0a2757dda0cddbca85240f7af33.txt,rf100,roboflow-100/excavators-czvg9,tidak,-,2
valid,rf100_construction--608-_jpg.rf.fafec5e5c49a98bbda139b52282d73b1.txt,rf100,roboflow-100/excavators-czvg9,tidak,-,1
valid,rf100_construction--626-_jpg.rf.1216538ab37fb5a098b80df05c4003a8.txt,rf100,roboflow-100/excavators-czvg9,tidak,-,1
valid,rf100_construction--644-_jpg.rf.ab45430224084ffd1662f19f5cdbc052.txt,rf100,roboflow-100/excavators-czvg9,tidak,-,2
valid,rf100_construction--654-_jpg.rf.de1cc672de49ab8faef5970aa43df6bf.txt,rf100,roboflow-100/excavators-czvg9,tidak,-,3
valid,rf100_construction--657-_jpg.rf.ca9ef488bbf5ce1f73b7958bc5f90a96.txt,rf100,roboflow-100/excavators-czvg9,tidak,-,1
valid,rf100_construction--666-_jpg.rf.d8070ef0e0306c9079b3f655e7e5ae4e.txt,rf100,roboflow-100/excavators-czvg9,tidak,-,1
valid,rf100_construction--674-_jpg.rf.bfed341ead124291d2d15e71d089a89b.txt,rf100,roboflow-100/excavators-czvg9,tidak,-,1
valid,rf100_construction--686-_jpg.rf.cce653f7e4b188991bd6e674393d75fd.txt,rf100,roboflow-100/excavators-czvg9,tidak,-,0
valid,rf100_construction--688-_jpg.rf.05f2b9a4002e50127f9162d96aca6206.txt,rf100,roboflow-100/excavators-czvg9,tidak,-,1
valid,rf100_construction--701-_jpg.rf.8297d8a07bca469247cc9eb13d4ae55b.txt,rf100,roboflow-100/excavators-czvg9,tidak,-,2
valid,rf100_construction--711-_jpg.rf.07eba974487bc4287dd731bf6e851087.txt,rf100,roboflow-100/excavators-czvg9,tidak,-,1
valid,rf100_construction--715-_jpg.rf.c4db6f4a0751eac82d4ca7bfabdf3f23.txt,rf100,roboflow-100/excavators-czvg9,tidak,-,1
valid,rf100_construction--720-_jpg.rf.f2f62f4497162ea94620b998805a3c9d.txt,rf100,roboflow-100/excavators-czvg9,tidak,-,1
valid,rf100_construction--722-_jpg.rf.a6caf98e7328b9f2254e5e17b7bcec50.txt,rf100,roboflow-100/excavators-czvg9,tidak,-,0
valid,rf100_construction--749-_jpg.rf.ee9a5ed33bac41ea71cb1c78d5a442fe.txt,rf100,roboflow-100/excavators-czvg9,tidak,-,0
valid,rf100_construction--752-_jpg.rf.3cc379861305fef754666ab1a73f7b8b.txt,rf100,roboflow-100/excavators-czvg9,tidak,-,0
valid,rf100_construction--754-_jpg.rf.e830dcd9c93db2256d82cec6dd5e6a9b.txt,rf100,roboflow-100/excavators-czvg9,tidak,-,0
valid,rf100_construction--757-_jpg.rf.020873631a83ddb4568e831be75935ad.txt,rf100,roboflow-100/excavators-czvg9,tidak,-,0
valid,rf100_construction--758-_jpg.rf.cbbce32af063786ffea2dd2e0a1f7de1.txt,rf100,roboflow-100/excavators-czvg9,tidak,-,0
valid,rf100_construction--801-_jpg.rf.54b3f7f3cd19cae6e945c80f5a26c464.txt,rf100,roboflow-100/excavators-czvg9,tidak,-,2
valid,rf100_construction--811-_jpg.rf.a35e155e56078974396aed1d6ae4f95c.txt,rf100,roboflow-100/excavators-czvg9,tidak,-,0
valid,rf100_construction--814-_jpg.rf.307fe4e96c11b47f85634e6a1093f940.txt,rf100,roboflow-100/excavators-czvg9,tidak,-,0
valid,rf100_construction--817-_jpg.rf.01789f05c629d0d595ba361fac9bb0b3.txt,rf100,roboflow-100/excavators-czvg9,tidak,-,5
valid,rf100_construction--823-_jpg.rf.3b2d86ef19262368f7462f93f7e35f42.txt,rf100,roboflow-100/excavators-czvg9,tidak,-,0
valid,rf100_construction--826-_jpg.rf.e1985255c61d4d984e40f006f46591a1.txt,rf100,roboflow-100/excavators-czvg9,tidak,-,1
valid,rf100_construction--839-_jpg.rf.0e3555ebc240b04ff54a5845dcdf41df.txt,rf100,roboflow-100/excavators-czvg9,tidak,-,0
valid,rf100_construction--841-_jpg.rf.0f00d8bc14da6a50d2fc3b9313639bca.txt,rf100,roboflow-100/excavators-czvg9,tidak,-,0
valid,rf100_construction--842-_jpg.rf.4ed68dd970fd33ad04cbee511eddf501.txt,rf100,roboflow-100/excavators-czvg9,tidak,-,0
valid,rf100_construction--846-_jpg.rf.fbedc4d1dedcdc3493b575da9c9daf88.txt,rf100,roboflow-100/excavators-czvg9,tidak,-,0
valid,rf100_construction--867-_jpg.rf.ab59f0c34148dce5fb1028b8465c9711.txt,rf100,roboflow-100/excavators-czvg9,tidak,-,0
valid,rf100_construction--890-_jpg.rf.466870076fd532429a2240b57392ba25.txt,rf100,roboflow-100/excavators-czvg9,tidak,-,1
valid,rf100_construction--892-_jpg.rf.05b7a733d259b935e2ceee15c44cc1f4.txt,rf100,roboflow-100/excavators-czvg9,tidak,-,0
valid,rf100_construction--9-_jpg.rf.a9bf8a7a873ace25c010a4edf92567e0.txt,rf100,roboflow-100/excavators-czvg9,tidak,-,0
valid,rf100_construction--912-_jpg.rf.cf8f7d21ab9ca703f011a3bbaef698c7.txt,rf100,roboflow-100/excavators-czvg9,tidak,-,2
valid,rf100_construction--920-_jpg.rf.2561b9404704a4637dd55dd2b94bd511.txt,rf100,roboflow-100/excavators-czvg9,tidak,-,2
valid,rf100_construction--924-_jpg.rf.8d012a1afc7127366201de41fd41ebbf.txt,rf100,roboflow-100/excavators-czvg9,tidak,-,0
valid,rf100_construction--925-_jpg.rf.1db118870d57ae0966c2bd4b016fc811.txt,rf100,roboflow-100/excavators-czvg9,tidak,-,0
valid,rf100_construction--953-_jpg.rf.8c44426f9be149a9e54c147783bc2551.txt,rf100,roboflow-100/excavators-czvg9,tidak,-,1
valid,rf100_construction--971-_jpg.rf.1dd579561d04afb2a31d934568141807.txt,rf100,roboflow-100/excavators-czvg9,tidak,-,1
valid,rf100_construction--972-_jpg.rf.b17855c29921960a481558cc90abd726.txt,rf100,roboflow-100/excavators-czvg9,tidak,-,0
valid,rf100_construction--994-_jpg.rf.93b155c8518ff205b410f77c6d18af78.txt,rf100,roboflow-100/excavators-czvg9,tidak,-,1
valid,yt_E9Twh20nseo_0108.0.txt,youtube,E9Twh20nseo_0108.0,tidak,-,2
valid,yt_E9Twh20nseo_0153.0.txt,youtube,E9Twh20nseo_0153.0,tidak,-,2
valid,yt_K6zCCLLKbKk_0048.0.txt,youtube,K6zCCLLKbKk_0048.0,tidak,-,3
valid,yt_K6zCCLLKbKk_0063.1.txt,youtube,K6zCCLLKbKk_0063.1,tidak,-,2
valid,yt_K6zCCLLKbKk_0081.1.txt,youtube,K6zCCLLKbKk_0081.1,tidak,-,2
valid,yt_K6zCCLLKbKk_0106.6.txt,youtube,K6zCCLLKbKk_0106.6,tidak,-,1
valid,yt_VVDvgY-H1Ck_0024.3.txt,youtube,VVDvgY-H1Ck_0024.3,tidak,-,1
valid,yt_VVDvgY-H1Ck_0053.2.txt,youtube,VVDvgY-H1Ck_0053.2,tidak,-,1
valid,yt_VVDvgY-H1Ck_0104.9.txt,youtube,VVDvgY-H1Ck_0104.9,tidak,-,1
valid,yt_VVDvgY-H1Ck_0149.0.txt,youtube,VVDvgY-H1Ck_0149.0,tidak,-,1
valid,yt_VVDvgY-H1Ck_0205.2.txt,youtube,VVDvgY-H1Ck_0205.2,tidak,-,1
valid,yt_VVDvgY-H1Ck_0238.6.txt,youtube,VVDvgY-H1Ck_0238.6,tidak,-,1
valid,yt__N5oR7H-qRI_0064.5.txt,youtube,_N5oR7H-qRI_0064.5,tidak,-,3
valid,yt__N5oR7H-qRI_0081.0.txt,youtube,_N5oR7H-qRI_0081.0,tidak,-,3
valid,yt__N5oR7H-qRI_0172.5.txt,youtube,_N5oR7H-qRI_0172.5,tidak,-,2
valid,yt_bYZW7DvZvY8_0013.7.txt,youtube,bYZW7DvZvY8_0013.7,tidak,-,2
valid,yt_bYZW7DvZvY8_0024.3.txt,youtube,bYZW7DvZvY8_0024.3,tidak,-,2
valid,yt_bYZW7DvZvY8_0035.0.txt,youtube,bYZW7DvZvY8_0035.0,tidak,-,3
valid,yt_bYZW7DvZvY8_0045.6.txt,youtube,bYZW7DvZvY8_0045.6,tidak,-,3
valid,yt_bYZW7DvZvY8_0059.3.txt,youtube,bYZW7DvZvY8_0059.3,tidak,-,2
valid,yt_bYZW7DvZvY8_0069.9.txt,youtube,bYZW7DvZvY8_0069.9,tidak,-,2
valid,yt_bYZW7DvZvY8_0080.6.txt,youtube,bYZW7DvZvY8_0080.6,tidak,-,2
valid,yt_fRP15YVjR6A_0049.5.txt,youtube,fRP15YVjR6A_0049.5,tidak,-,1
valid,yt_fRP15YVjR6A_0115.5.txt,youtube,fRP15YVjR6A_0115.5,tidak,-,1
valid,yt_iECoOj9_qCk_0072.0.txt,youtube,iECoOj9_qCk_0072.0,tidak,-,1
valid,yt_iECoOj9_qCk_0321.0.txt,youtube,iECoOj9_qCk_0321.0,tidak,-,2
valid,yt_iECoOj9_qCk_0381.0.txt,youtube,iECoOj9_qCk_0381.0,tidak,-,1
valid,yt_iECoOj9_qCk_0546.0.txt,youtube,iECoOj9_qCk_0546.0,tidak,-,1
valid,yt_stn_naWb_l4_0270.0.txt,youtube,stn_naWb_l4_0270.0,tidak,-,2
valid,yt_yMpLwUKBt5w_0090.4.txt,youtube,yMpLwUKBt5w_0090.4,tidak,-,1
valid,yt_yMpLwUKBt5w_0122.0.txt,youtube,yMpLwUKBt5w_0122.0,tidak,-,3
valid,yt_yMpLwUKBt5w_0135.6.txt,youtube,yMpLwUKBt5w_0135.6,tidak,-,2
valid,yt_yMpLwUKBt5w_0155.1.txt,youtube,yMpLwUKBt5w_0155.1,tidak,-,2
test,2025-01-15_20-17_MT_ITH_03_cr1_jpg.rf.185b5cb61db7405606db269e0cc8b6e5.txt,site,minitruck/mining-truck-v1.4,tidak,-,2
test,2025-01-18_02-28_MT_ITH_03_cr1_jpg.rf.8c68a201d5ba42c1934355dd36561e09.txt,site,minitruck/mining-truck-v1.4,tidak,-,2
test,2025-01-21_06-41_MT_ITH_08_cr1_jpg.rf.651f6d585f9d9f175f71bdcaef2741a9.txt,site,minitruck/mining-truck-v1.4,tidak,-,2
test,2025-01-27_07-30_MT_ITH_06_cr1_jpg.rf.8fa5627c70ee508ea6431d0f58c91717.txt,site,minitruck/mining-truck-v1.4,tidak,-,2
test,2025-01-28_16-14_MT_ITH_03_cr1_jpg.rf.694ad0c297b125a1d01b980b6e449e2b.txt,site,minitruck/mining-truck-v1.4,tidak,-,2
test,2025-01-29_04-47_MT_ITH_03_cr1_jpg.rf.682cd2c66a53532198a6a958f18aa928.txt,site,minitruck/mining-truck-v1.4,tidak,-,2
test,2025-01-29_17-39_MT_ITH_08_cr1_jpg.rf.a52e80d8623aba41b22b07cbe482acc8.txt,site,minitruck/mining-truck-v1.4,tidak,-,2
test,2025-01-30_05-30_MT_ITH_08_cr1_jpg.rf.6712c50b597ce9e4e39ad3084a088f2d.txt,site,minitruck/mining-truck-v1.4,tidak,-,2
test,2025-01-30_06-41_MT_ITH_08_cr1_jpg.rf.e806eca2b22b5627589328a64ee0ee0a.txt,site,minitruck/mining-truck-v1.4,tidak,-,2
test,2025-01-30_06-45_MT_ITH_03_cr1_jpg.rf.cb6ce7c370cf4fa569d01d4652de34d4.txt,site,minitruck/mining-truck-v1.4,tidak,-,2
test,2025-01-30_09-51_MT_ITH_08_cr1_jpg.rf.152ccbffffa7d489833ecff101f592e3.txt,site,minitruck/mining-truck-v1.4,tidak,-,2
test,2025-01-31_17-55_MT_ITH_05_cr1_jpg.rf.77d5794fbd0739d8d7c816419669d5c3.txt,site,minitruck/mining-truck-v1.4,tidak,-,2
test,2025-02-04_00-38_MT_ITH_03_cr1_jpg.rf.eedc95feaa151c8f3450bb0fe8e83026.txt,site,minitruck/mining-truck-v1.4,tidak,-,2
test,2025-02-04_13-09_MT_ITH_09_cr1_jpg.rf.1aeba994f856df49143a9891edd9a7b7.txt,site,minitruck/mining-truck-v1.4,tidak,-,2
test,2025-02-05_06-56_MT_ITH_05_cr1_jpg.rf.b97590bf06809e8c777c875ceff95bc4.txt,site,minitruck/mining-truck-v1.4,tidak,-,2
test,2025-02-06_06-36_MT_ITH_09_cr2_debug_jpg.rf.dae47f8c7409c122c8f5c38f839ad134.txt,site,minitruck/mining-truck-v1.4,tidak,-,2
test,2025-02-09_16-38_MT_ITH_02_cr2_debug_jpg.rf.7df0db7e17ff855e7a07ad74eafb81f9.txt,site,minitruck/mining-truck-v1.4,tidak,-,2
test,2025-02-09_17-21_MT_ITH_02_cr2_debug_jpg.rf.ede74f6ecd52ff65d9ed9b555efcf3b0.txt,site,minitruck/mining-truck-v1.4,tidak,-,2
test,2025-02-20_17-42_MT_ITH_02_cr2_debug_jpg.rf.f563e0264272fefa61e8986181469a57.txt,site,minitruck/mining-truck-v1.4,tidak,-,2
test,2025-02-20_18-18_MT_ITH_02_cr2_debug_jpg.rf.9f198df9682c51f8845430519245e66e.txt,site,minitruck/mining-truck-v1.4,tidak,-,2
test,2025-02-21_07-24_MT_ITH_06_cr2_debug_jpg.rf.12507a3c48aacaac309bc6ac030c08bd.txt,site,minitruck/mining-truck-v1.4,tidak,-,2
test,2025-02-21_08-12_MT_ITH_08_cr2_debug_jpg.rf.445c8ce0ff0742332be72823a3b54ae7.txt,site,minitruck/mining-truck-v1.4,tidak,-,2
test,2025-02-21_08-26_MT_ITH_09_cr2_debug_jpg.rf.606fd1f2a1ea346f9a33d1edd4bae5fb.txt,site,minitruck/mining-truck-v1.4,tidak,-,2
test,2025-02-21_10-01_MT_ITH_08_cr2_debug_jpg.rf.2299444391c2ee30a44c3b3c290869f3.txt,site,minitruck/mining-truck-v1.4,tidak,-,2
test,2025-02-21_14-32_MT_ITH_09_cr2_debug_jpg.rf.ea1737cda51e6152b6e39f455c4c611a.txt,site,minitruck/mining-truck-v1.4,tidak,-,2
test,2025-02-21_14-49_MT_ITH_09_cr2_debug_jpg.rf.aa36728b2e21dd1a3efbba551ed870fb.txt,site,minitruck/mining-truck-v1.4,tidak,-,2
test,CR1Left2024-11-26_14-32-35_jpg.rf.e40a1cbedd980ae2edf07977c459bb49.txt,site,minitruck/mining-truck-v1.4,tidak,-,2
test,CR1Left2024-11-26_14-49-35_jpg.rf.7d6b592e5b637e5391113b5af12cb7f9.txt,site,minitruck/mining-truck-v1.4,tidak,-,2
test,CR1Left2024-11-27_06-13-26_jpg.rf.50e94d4f8c6bee05ac168cdd6c060590.txt,site,minitruck/mining-truck-v1.4,tidak,-,2
test,CR2Left2024-11-26_14-19-37_jpg.rf.02a9a912bd0b4f2850fc9f8ff5e2fc58.txt,site,minitruck/mining-truck-v1.4,tidak,-,2
test,CR2Left2024-11-26_21-24-09_jpg.rf.7d4526109fe5be4690c875812723879d.txt,site,minitruck/mining-truck-v1.4,tidak,-,2
test,ocr_failed_20250228_192319_jpg.rf.e4a6175a75f62adf05a8df69883d47b3.txt,site,minitruck/mining-truck-v1.4,tidak,-,2
test,ocr_failed_20250228_192644_jpg.rf.bc789fd1b32c15602cf96bb33260ab80.txt,site,minitruck/mining-truck-v1.4,tidak,-,2
test,ocr_failed_20250228_192820_jpg.rf.bf1c397b0572714fe34ffa5cc76ab000.txt,site,minitruck/mining-truck-v1.4,tidak,-,2
test,ocr_failed_20250228_192826_jpg.rf.69ee9e87f7680419a96d274ea51944d5.txt,site,minitruck/mining-truck-v1.4,tidak,-,2
test,ocr_failed_20250228_192830_jpg.rf.6792956249163a13222e72c6a8e93752.txt,site,minitruck/mining-truck-v1.4,tidak,-,2
test,ocr_failed_20250301_134630_jpg.rf.5daa1b0feeb39e9d85f98deb0f085331.txt,site,minitruck/mining-truck-v1.4,tidak,-,2
test,ocr_failed_20250303_020112_jpg.rf.cd40403b313d1b4c4bde773d75a480ca.txt,site,minitruck/mining-truck-v1.4,tidak,-,2
test,ocr_failed_20250303_064147_jpg.rf.419e5fd30ecb2a0abeb71825a1b26212.txt,site,minitruck/mining-truck-v1.4,tidak,-,2
test,ocr_failed_20250303_080621_jpg.rf.6601cefcc98fea2a262bcd60fd579a9b.txt,site,minitruck/mining-truck-v1.4,tidak,-,2
test,ocr_failed_20250303_085328_jpg.rf.83729f53564be070f8a2736b2d1dfece.txt,site,minitruck/mining-truck-v1.4,tidak,-,2
test,ocr_failed_20250303_095649_jpg.rf.6da0e76cad394ce228cf690138c5bf58.txt,site,minitruck/mining-truck-v1.4,tidak,-,2
test,ocr_failed_20250303_181449_jpg.rf.8fa686b99b9f08b83547030ba98a6fac.txt,site,minitruck/mining-truck-v1.4,tidak,-,2
test,rf100_construction--1-_mp4-103_jpg.rf.7085064e20b9547609298020aa6edbfd.txt,rf100,roboflow-100/excavators-czvg9,tidak,-,0
test,rf100_construction--1-_mp4-111_jpg.rf.bc0d8718d701b4e81a0fa7bcfd7893a9.txt,rf100,roboflow-100/excavators-czvg9,tidak,-,1
test,rf100_construction--1-_mp4-11_jpg.rf.39b74256d18806fce59e154d99cb2f5a.txt,rf100,roboflow-100/excavators-czvg9,tidak,-,2
test,rf100_construction--1-_mp4-12_jpg.rf.a83d8328c9ff84d5988f7b710039e1db.txt,rf100,roboflow-100/excavators-czvg9,tidak,-,1
test,rf100_construction--1-_mp4-133_jpg.rf.b38af80e795c89563681efe38613da88.txt,rf100,roboflow-100/excavators-czvg9,tidak,-,0
test,rf100_construction--1-_mp4-141_jpg.rf.cac232397e9d28fa91247b2faf74b513.txt,rf100,roboflow-100/excavators-czvg9,tidak,-,2
test,rf100_construction--1-_mp4-16_jpg.rf.f931124d357bdd181d9b03f6d16db607.txt,rf100,roboflow-100/excavators-czvg9,tidak,-,2
test,rf100_construction--1-_mp4-24_jpg.rf.29b5ac483b66eae9666398e4c57ab57a.txt,rf100,roboflow-100/excavators-czvg9,tidak,-,2
test,rf100_construction--1-_mp4-50_jpg.rf.2405ec0d11b18a92f5fc57b8fe1b0e9b.txt,rf100,roboflow-100/excavators-czvg9,tidak,-,1
test,rf100_construction--1-_mp4-58_jpg.rf.46775ee7be78030e83a48bc4148984c8.txt,rf100,roboflow-100/excavators-czvg9,tidak,-,0
test,rf100_construction--1-_mp4-67_jpg.rf.7fe19b15e1e297193cf9e425074b1b72.txt,rf100,roboflow-100/excavators-czvg9,tidak,-,1
test,rf100_construction--1-_mp4-84_jpg.rf.075c358f6e446bdb17b3ca2546d18742.txt,rf100,roboflow-100/excavators-czvg9,tidak,-,0
test,rf100_construction--1-_mp4-8_jpg.rf.afd38ace5f184634a8245fcddf1c10dc.txt,rf100,roboflow-100/excavators-czvg9,tidak,-,2
test,rf100_construction--1-_mp4-94_jpg.rf.67d59dc2ccdd7c69b24891118d519db9.txt,rf100,roboflow-100/excavators-czvg9,tidak,-,1
test,rf100_construction--1-_mp4-95_jpg.rf.2b21f9b59b743ea853da71537c17122a.txt,rf100,roboflow-100/excavators-czvg9,tidak,-,1
test,rf100_construction--1008-_jpg.rf.ffb2db9ef5c1ba4c476181910cb0c6be.txt,rf100,roboflow-100/excavators-czvg9,tidak,-,0
test,rf100_construction--1013-_jpg.rf.82ca9578a49ecce621ad45fdad438ecf.txt,rf100,roboflow-100/excavators-czvg9,tidak,-,0
test,rf100_construction--1016-_jpg.rf.d5618b2d2fd85e54adfad13a28e0824c.txt,rf100,roboflow-100/excavators-czvg9,tidak,-,0
test,rf100_construction--1017-_jpg.rf.3dda8e5e56f5fc68616d26a8feb60fc6.txt,rf100,roboflow-100/excavators-czvg9,tidak,-,0
test,rf100_construction--1021-_jpg.rf.801c0171ff820799b61b96210f1372e5.txt,rf100,roboflow-100/excavators-czvg9,tidak,-,0
test,rf100_construction--1028-_jpg.rf.b68d3f8bc67968203c5a04c7363977af.txt,rf100,roboflow-100/excavators-czvg9,tidak,-,0
test,rf100_construction--1033-_jpg.rf.e866f02a314459593ffa322c6333933e.txt,rf100,roboflow-100/excavators-czvg9,tidak,-,2
test,rf100_construction--1047-_jpg.rf.31ac0b36d4075c8982ab408799c9e769.txt,rf100,roboflow-100/excavators-czvg9,tidak,-,0
test,rf100_construction--1083-_jpg.rf.08dcb5cdcb6633d9b7a8cc792a502dfd.txt,rf100,roboflow-100/excavators-czvg9,tidak,-,1
test,rf100_construction--1088-_jpg.rf.b62258129666ed97863a0e2890c0204d.txt,rf100,roboflow-100/excavators-czvg9,tidak,-,1
test,rf100_construction--1091-_jpg.rf.b1c68eb2c5beff90fb0f97d80b81b529.txt,rf100,roboflow-100/excavators-czvg9,tidak,-,0
test,rf100_construction--1119-_jpg.rf.86b5085887f44de994e9cae56c97d59b.txt,rf100,roboflow-100/excavators-czvg9,tidak,-,0
test,rf100_construction--1124-_jpg.rf.38c57cd034288743e2dd05b2c08549df.txt,rf100,roboflow-100/excavators-czvg9,tidak,-,0
test,rf100_construction--1145-_jpg.rf.4ed4688a84a226f75bcfbd6013dbdbc0.txt,rf100,roboflow-100/excavators-czvg9,tidak,-,0
test,rf100_construction--1150-_jpg.rf.8e70862a2d378b5f38784d1c92a2e555.txt,rf100,roboflow-100/excavators-czvg9,tidak,-,0
test,rf100_construction--1159-_jpg.rf.3f6710032dd1f59278182148d184da15.txt,rf100,roboflow-100/excavators-czvg9,tidak,-,0
test,rf100_construction--12-_jpg.rf.e0f3f376a0e95e060d8ce19e2437556a.txt,rf100,roboflow-100/excavators-czvg9,tidak,-,0
test,rf100_construction--123-_jpg.rf.54b8d957cb50e6c92a99f4365d7a4724.txt,rf100,roboflow-100/excavators-czvg9,tidak,-,2
test,rf100_construction--151-_jpg.rf.708efda51784505841a213f4890d2003.txt,rf100,roboflow-100/excavators-czvg9,tidak,-,1
test,rf100_construction--155-_jpg.rf.52efc29856befdff6bd64f432ba1343b.txt,rf100,roboflow-100/excavators-czvg9,tidak,-,2
test,rf100_construction--162-_jpg.rf.210180d0c1afd50afa1de8e179b420ae.txt,rf100,roboflow-100/excavators-czvg9,tidak,-,2
test,rf100_construction--165-_jpg.rf.5879d3a52952cc7ec432626cfb9763a7.txt,rf100,roboflow-100/excavators-czvg9,tidak,-,1
test,rf100_construction--169-_jpg.rf.59d26a0b7c34c57352b4a8e21b8639f0.txt,rf100,roboflow-100/excavators-czvg9,tidak,-,0
test,rf100_construction--172-_jpg.rf.a195bff2b9eb704d4f2f4925b41f6db1.txt,rf100,roboflow-100/excavators-czvg9,tidak,-,1
test,rf100_construction--174-_jpg.rf.b76fc6eb400d6903e9a7227d08f8c2a5.txt,rf100,roboflow-100/excavators-czvg9,tidak,-,0
test,rf100_construction--177-_jpg.rf.4938f6f00fd7809dc0fd0ee45a01f9ab.txt,rf100,roboflow-100/excavators-czvg9,tidak,-,2
test,rf100_construction--178-_jpg.rf.d8e1c78c1f28d0d67357cf27ca3968d9.txt,rf100,roboflow-100/excavators-czvg9,tidak,-,2
test,rf100_construction--18-_jpg.rf.891fffeb1256216bf0d4ef271d46c33b.txt,rf100,roboflow-100/excavators-czvg9,tidak,-,0
test,rf100_construction--183-_jpg.rf.e3101ea61b63f932e91e5ac02a058a4f.txt,rf100,roboflow-100/excavators-czvg9,tidak,-,2
test,rf100_construction--191-_jpg.rf.af99d2a00b4a5f0059a9d0a1409271e3.txt,rf100,roboflow-100/excavators-czvg9,tidak,-,1
test,rf100_construction--192-_jpg.rf.506823c80dcec8571a8c2bbc55342c77.txt,rf100,roboflow-100/excavators-czvg9,tidak,-,1
test,rf100_construction--195-_jpg.rf.88fb94a2de27f89258e22b74fc998577.txt,rf100,roboflow-100/excavators-czvg9,tidak,-,1
test,rf100_construction--2-_mp4-134_jpg.rf.38626a37df90a63e221f62da283eecd0.txt,rf100,roboflow-100/excavators-czvg9,tidak,-,1
test,rf100_construction--2-_mp4-13_jpg.rf.d09d74f59b70dfc13be9efdd8730deb3.txt,rf100,roboflow-100/excavators-czvg9,tidak,-,1
test,rf100_construction--2-_mp4-154_jpg.rf.0dad4f656859bbef93f249cef31ee95c.txt,rf100,roboflow-100/excavators-czvg9,tidak,-,0
test,rf100_construction--2-_mp4-161_jpg.rf.80f7ecba6f81b62ac2731c2fb86ab044.txt,rf100,roboflow-100/excavators-czvg9,tidak,-,1
test,rf100_construction--2-_mp4-162_jpg.rf.aaa828b0c6d259e95ce6ae8c1140287f.txt,rf100,roboflow-100/excavators-czvg9,tidak,-,1
test,rf100_construction--2-_mp4-172_jpg.rf.3ddecf3fd25d8b033ac2f058f1e744d3.txt,rf100,roboflow-100/excavators-czvg9,tidak,-,0
test,rf100_construction--2-_mp4-182_jpg.rf.54576597388ee48ee8ff8cdb77ff19d2.txt,rf100,roboflow-100/excavators-czvg9,tidak,-,1
test,rf100_construction--2-_mp4-183_jpg.rf.473359054c12af29a85b95421d68ae68.txt,rf100,roboflow-100/excavators-czvg9,tidak,-,0
test,rf100_construction--2-_mp4-192_jpg.rf.a95fa20ad9c1796c7511170741d85cfa.txt,rf100,roboflow-100/excavators-czvg9,tidak,-,1
test,rf100_construction--2-_mp4-224_jpg.rf.e0e1070b9a4cd3a084031fc392c28b19.txt,rf100,roboflow-100/excavators-czvg9,tidak,-,0
test,rf100_construction--2-_mp4-46_jpg.rf.1f790811395d17ba683ab923e95e2ae7.txt,rf100,roboflow-100/excavators-czvg9,tidak,-,1
test,rf100_construction--2-_mp4-51_jpg.rf.098c4c4e9d316f0868d8fd1c1c756a00.txt,rf100,roboflow-100/excavators-czvg9,tidak,-,0
test,rf100_construction--2-_mp4-84_jpg.rf.8c9acdbe06e616163ab387ecc3398f55.txt,rf100,roboflow-100/excavators-czvg9,tidak,-,1
test,rf100_construction--2-_mp4-8_jpg.rf.7f38c59e88d737681894c59da669f725.txt,rf100,roboflow-100/excavators-czvg9,tidak,-,1
test,rf100_construction--203-_jpg.rf.c6e83af99eadf6b93409b891046a97e6.txt,rf100,roboflow-100/excavators-czvg9,tidak,-,2
test,rf100_construction--220-_jpg.rf.944597503fe38b033fa7b9083a51f934.txt,rf100,roboflow-100/excavators-czvg9,tidak,-,2
test,rf100_construction--223-_jpg.rf.9dad3b5519c025d242e283eaf11af26d.txt,rf100,roboflow-100/excavators-czvg9,tidak,-,1
test,rf100_construction--228-_jpg.rf.284af792ce8753a283ee488d2ef691a6.txt,rf100,roboflow-100/excavators-czvg9,tidak,-,1
test,rf100_construction--238-_jpg.rf.c950e191f2109397df936f5bddee5d78.txt,rf100,roboflow-100/excavators-czvg9,tidak,-,3
test,rf100_construction--25-_jpg.rf.d76a31783be3f54713fbb6be2f794a23.txt,rf100,roboflow-100/excavators-czvg9,tidak,-,0
test,rf100_construction--275-_jpg.rf.7535be84fd86d6e14928a4425f69edb2.txt,rf100,roboflow-100/excavators-czvg9,tidak,-,0
test,rf100_construction--3-_jpg.rf.cc862eb977c70d281a617a008aa30041.txt,rf100,roboflow-100/excavators-czvg9,tidak,-,0
test,rf100_construction--3-_mp4-115_jpg.rf.6d0d5562783c317ce6437ae0e2342042.txt,rf100,roboflow-100/excavators-czvg9,tidak,-,1
test,rf100_construction--3-_mp4-116_jpg.rf.55f6ac1230a3486ad5e4d26615a5a152.txt,rf100,roboflow-100/excavators-czvg9,tidak,-,1
test,rf100_construction--3-_mp4-139_jpg.rf.daba6ba3e521d0d30578af8392167377.txt,rf100,roboflow-100/excavators-czvg9,tidak,-,1
test,rf100_construction--3-_mp4-155_jpg.rf.8f0e3aba30a0fe8dfe1f99987922f5af.txt,rf100,roboflow-100/excavators-czvg9,tidak,-,1
test,rf100_construction--3-_mp4-161_jpg.rf.505a2f0fda1cf905e3ffca84a6c20c47.txt,rf100,roboflow-100/excavators-czvg9,tidak,-,3
test,rf100_construction--3-_mp4-174_jpg.rf.c3e6090a563a7a52ddbda0f9430f9ba0.txt,rf100,roboflow-100/excavators-czvg9,tidak,-,1
test,rf100_construction--3-_mp4-175_jpg.rf.51b986c5a9ab53c661d7016317c99798.txt,rf100,roboflow-100/excavators-czvg9,tidak,-,3
test,rf100_construction--3-_mp4-182_jpg.rf.b8c3b7638e64cfbd7a00eb7cee9f1a60.txt,rf100,roboflow-100/excavators-czvg9,tidak,-,2
test,rf100_construction--3-_mp4-191_jpg.rf.6011ca6df53987c7b47daaec9060ac3a.txt,rf100,roboflow-100/excavators-czvg9,tidak,-,1
test,rf100_construction--3-_mp4-19_jpg.rf.46116398034fe367e66fab60156e3d63.txt,rf100,roboflow-100/excavators-czvg9,tidak,-,1
test,rf100_construction--3-_mp4-202_jpg.rf.61ea7b600f1f95faaebb930c9ee7c018.txt,rf100,roboflow-100/excavators-czvg9,tidak,-,2
test,rf100_construction--3-_mp4-217_jpg.rf.e37a36de002f7e5039a6cb9fb5198481.txt,rf100,roboflow-100/excavators-czvg9,tidak,-,1
test,rf100_construction--3-_mp4-218_jpg.rf.9b51603b15571adfcd4ae730c10db0c7.txt,rf100,roboflow-100/excavators-czvg9,tidak,-,1
test,rf100_construction--3-_mp4-26_jpg.rf.278ef97fe49511d2dbb91b9902362d90.txt,rf100,roboflow-100/excavators-czvg9,tidak,-,2
test,rf100_construction--3-_mp4-77_jpg.rf.f94eec515ef7a9cc404fa39f597a5c55.txt,rf100,roboflow-100/excavators-czvg9,tidak,-,0
test,rf100_construction--3-_mp4-84_jpg.rf.94a22e0c7f05782e1e30d4710141793e.txt,rf100,roboflow-100/excavators-czvg9,tidak,-,1
test,rf100_construction--3-_mp4-88_jpg.rf.ca70325dbab71e3ad9a0b0fec58e5d3b.txt,rf100,roboflow-100/excavators-czvg9,tidak,-,2
test,rf100_construction--3-_mp4-91_jpg.rf.e70f8610262793ddc934f494eb5887a8.txt,rf100,roboflow-100/excavators-czvg9,tidak,-,1
test,rf100_construction--3-_mp4-98_jpg.rf.7ceee1c938b7857de95fc4490ca2fe19.txt,rf100,roboflow-100/excavators-czvg9,tidak,-,1
test,rf100_construction--307-_jpg.rf.f8b17c9e13dff6ccd907c8429d0f0532.txt,rf100,roboflow-100/excavators-czvg9,tidak,-,1
test,rf100_construction--32-_jpg.rf.73089edb9e28aaad860d2b6963c867b8.txt,rf100,roboflow-100/excavators-czvg9,tidak,-,0
test,rf100_construction--324-_jpg.rf.e287d72db20320f7cd486f32e3a9084f.txt,rf100,roboflow-100/excavators-czvg9,tidak,-,1
test,rf100_construction--33-_jpg.rf.e8a8965b093a5b8c9eb236e0b61d64b5.txt,rf100,roboflow-100/excavators-czvg9,tidak,-,0
test,rf100_construction--367-_jpg.rf.3c929e4bbcf553fcbdd1646ddf55de3e.txt,rf100,roboflow-100/excavators-czvg9,tidak,-,1
test,rf100_construction--370-_jpg.rf.84ad2c0f554a230dfcdce2d7cc6dbc05.txt,rf100,roboflow-100/excavators-czvg9,tidak,-,2
test,rf100_construction--397-_jpg.rf.41ba5d1fe2171410aaa0427fd17eb922.txt,rf100,roboflow-100/excavators-czvg9,tidak,-,2
test,rf100_construction--403-_jpg.rf.566579d483c9aad3a161e6782f29a090.txt,rf100,roboflow-100/excavators-czvg9,tidak,-,2
test,rf100_construction--410-_jpg.rf.11b438b2c2f807f7b4c77e8c7e8d475f.txt,rf100,roboflow-100/excavators-czvg9,tidak,-,1
test,rf100_construction--415-_jpg.rf.b32ce5234cbfbcfef6ffa5955b87d50e.txt,rf100,roboflow-100/excavators-czvg9,tidak,-,1
test,rf100_construction--424-_jpg.rf.8ff8dda9275abfb731762672d7e3f195.txt,rf100,roboflow-100/excavators-czvg9,tidak,-,1
test,rf100_construction--433-_jpg.rf.7743438639ae67fbfe5eafc9bf7c2c55.txt,rf100,roboflow-100/excavators-czvg9,tidak,-,1
test,rf100_construction--437-_jpg.rf.69fd17ddda85fd786321400943e9891c.txt,rf100,roboflow-100/excavators-czvg9,tidak,-,1
test,rf100_construction--454-_jpg.rf.2999c520e7e6b5317673aa0ad9e9fd3a.txt,rf100,roboflow-100/excavators-czvg9,tidak,-,1
test,rf100_construction--460-_jpg.rf.85c2394177bc6bb08f37d859fe29a53e.txt,rf100,roboflow-100/excavators-czvg9,tidak,-,0
test,rf100_construction--471-_jpg.rf.a3f54b61913e7669ee67368b689ca2e8.txt,rf100,roboflow-100/excavators-czvg9,tidak,-,1
test,rf100_construction--472-_jpg.rf.03f8b265b0edfda6f8e05e2098dcb776.txt,rf100,roboflow-100/excavators-czvg9,tidak,-,1
test,rf100_construction--474-_jpg.rf.2c85ac1bec234dde65f34a3b105280b1.txt,rf100,roboflow-100/excavators-czvg9,tidak,-,1
test,rf100_construction--550-_jpg.rf.3a3be9ddd3cff0ed0eacf74281f91dc1.txt,rf100,roboflow-100/excavators-czvg9,tidak,-,1
test,rf100_construction--551-_jpg.rf.a31df1b457d70dc77bd2f3c5d5cee66c.txt,rf100,roboflow-100/excavators-czvg9,tidak,-,1
test,rf100_construction--574-_jpg.rf.4bf7fea132002c8d8f88c308c6966da5.txt,rf100,roboflow-100/excavators-czvg9,tidak,-,1
test,rf100_construction--582-_jpg.rf.a5375d051eb825c111fbbaef9113213c.txt,rf100,roboflow-100/excavators-czvg9,tidak,-,1
test,rf100_construction--587-_jpg.rf.c925bb47311818bcf7be449bb57fd97c.txt,rf100,roboflow-100/excavators-czvg9,tidak,-,1
test,rf100_construction--597-_jpg.rf.a3522f3314623eaf1b44110a2fe3bcbd.txt,rf100,roboflow-100/excavators-czvg9,tidak,-,2
test,rf100_construction--605-_jpg.rf.ca8f3a446582f910e2c82d669a630e92.txt,rf100,roboflow-100/excavators-czvg9,tidak,-,2
test,rf100_construction--612-_jpg.rf.af5a28c135a9376476185abe2eb8e7e6.txt,rf100,roboflow-100/excavators-czvg9,tidak,-,1
test,rf100_construction--616-_jpg.rf.33d4ea5ce716e62d295fabaf400ffdad.txt,rf100,roboflow-100/excavators-czvg9,tidak,-,2
test,rf100_construction--624-_jpg.rf.e06049457f8180c9d65295978a681b5b.txt,rf100,roboflow-100/excavators-czvg9,tidak,-,3
test,rf100_construction--631-_jpg.rf.b7fb09f9aa44b9ddc514b17f3b670862.txt,rf100,roboflow-100/excavators-czvg9,tidak,-,2
test,rf100_construction--639-_jpg.rf.e492d3c0548fa4701960635decb0f595.txt,rf100,roboflow-100/excavators-czvg9,tidak,-,1
test,rf100_construction--651-_jpg.rf.2d53464c096a95978bbc20a8f371b255.txt,rf100,roboflow-100/excavators-czvg9,tidak,-,1
test,rf100_construction--669-_jpg.rf.2b83fd09d68765656758567ec1b8903d.txt,rf100,roboflow-100/excavators-czvg9,tidak,-,1
test,rf100_construction--675-_jpg.rf.06f7b7e428e1e0f16ee690ab563f44ee.txt,rf100,roboflow-100/excavators-czvg9,tidak,-,1
test,rf100_construction--683-_jpg.rf.42015ca8a381a069e4151b89c177b1e9.txt,rf100,roboflow-100/excavators-czvg9,tidak,-,2
test,rf100_construction--700-_jpg.rf.e710ce874eeb3127204fdc60b07944e1.txt,rf100,roboflow-100/excavators-czvg9,tidak,-,7
test,rf100_construction--710-_jpg.rf.b747987ee066912e543b7a0fd226a81d.txt,rf100,roboflow-100/excavators-czvg9,tidak,-,1
test,rf100_construction--718-_jpg.rf.d40e3f25d971e00d321e595b5ae5aee1.txt,rf100,roboflow-100/excavators-czvg9,tidak,-,1
test,rf100_construction--724-_jpg.rf.135a00633a9d1b584c63ee7f69b2741f.txt,rf100,roboflow-100/excavators-czvg9,tidak,-,3
test,rf100_construction--725-_jpg.rf.c924c5bbcc1ae7c6e41b24ab9d0d8689.txt,rf100,roboflow-100/excavators-czvg9,tidak,-,1
test,rf100_construction--730-_jpg.rf.3aec590b1d4b4e1a2aa7c15cccd33564.txt,rf100,roboflow-100/excavators-czvg9,tidak,-,1
test,rf100_construction--745-_jpg.rf.c01cb910dcada7dc6c6a8c68eac85ee8.txt,rf100,roboflow-100/excavators-czvg9,tidak,-,0
test,rf100_construction--783-_jpg.rf.12a0b6a6f9cb154abfc936d976fcc0b2.txt,rf100,roboflow-100/excavators-czvg9,tidak,-,0
test,rf100_construction--800-_jpg.rf.51cc36de816460d46dde018066aa5612.txt,rf100,roboflow-100/excavators-czvg9,tidak,-,3
test,rf100_construction--827-_jpg.rf.63306b11df6484b60ed68b6806163c63.txt,rf100,roboflow-100/excavators-czvg9,tidak,-,2
test,rf100_construction--843-_jpg.rf.0f8077f70d097a219147cf779773a823.txt,rf100,roboflow-100/excavators-czvg9,tidak,-,0
test,rf100_construction--852-_jpg.rf.dc8959906dcc6bd07eccf9b09f1f7a74.txt,rf100,roboflow-100/excavators-czvg9,tidak,-,0
test,rf100_construction--866-_jpg.rf.245a189852c4a0ccb101bdc5516d1321.txt,rf100,roboflow-100/excavators-czvg9,tidak,-,0
test,rf100_construction--881-_jpg.rf.237cb92dde0d8299b6c505ed65f9bfa8.txt,rf100,roboflow-100/excavators-czvg9,tidak,-,2
test,rf100_construction--895-_jpg.rf.47cbf1647314fa03fb53acca1e29b3dd.txt,rf100,roboflow-100/excavators-czvg9,tidak,-,0
test,rf100_construction--911-_jpg.rf.63c793b9593b9cc86294dfcb541feb10.txt,rf100,roboflow-100/excavators-czvg9,tidak,-,5
test,rf100_construction--921-_jpg.rf.1a5ae62b8d2e4f43a1f609f70115e9c7.txt,rf100,roboflow-100/excavators-czvg9,tidak,-,1
test,rf100_construction--923-_jpg.rf.ecd93f6af1a9b546fc647ec39a13d66b.txt,rf100,roboflow-100/excavators-czvg9,tidak,-,2
test,rf100_construction--937-_jpg.rf.46f536909835d602f25f86d8bbfe4b69.txt,rf100,roboflow-100/excavators-czvg9,tidak,-,2
test,rf100_construction--954-_jpg.rf.d4bbe5649e9bad33ee670351baad6f3b.txt,rf100,roboflow-100/excavators-czvg9,tidak,-,0
test,rf100_construction--962-_jpg.rf.ff74781a6d466a938c374970c5c4e380.txt,rf100,roboflow-100/excavators-czvg9,tidak,-,0
test,rf100_construction--996-_jpg.rf.8391170b16b051da7329b2fa5f0c551b.txt,rf100,roboflow-100/excavators-czvg9,tidak,-,3
